Copyright 1986-2022 Xilinx, Inc. All Rights Reserved. Copyright 2022-2025 Advanced Micro Devices, Inc. All Rights Reserved.
---------------------------------------------------------------------------------------------------------------------------------------------------------------------------------------------------------------------------------
| Tool Version : Vivado v.2025.1 (win64) Build 6140274 Thu May 22 00:12:29 MDT 2025
| Date         : Tue Dec  9 14:27:53 2025
| Host         : Roshan-Laptop running 64-bit major release  (build 9200)
| Command      : report_timing_summary -max_paths 10 -routable_nets -report_unconstrained -file Wrapper_timing_summary_routed.rpt -pb Wrapper_timing_summary_routed.pb -rpx Wrapper_timing_summary_routed.rpx -warn_on_violation
| Design       : Wrapper
| Device       : 7a100t-csg324
| Speed File   : -1  PRODUCTION 1.23 2018-06-13
| Design State : Routed
---------------------------------------------------------------------------------------------------------------------------------------------------------------------------------------------------------------------------------

Timing Summary Report

------------------------------------------------------------------------------------------------
| Timer Settings
| --------------
------------------------------------------------------------------------------------------------

  Enable Multi Corner Analysis               :  Yes
  Enable Pessimism Removal                   :  Yes
  Pessimism Removal Resolution               :  Nearest Common Node
  Enable Input Delay Default Clock           :  No
  Enable Preset / Clear Arcs                 :  No
  Disable Flight Delays                      :  No
  Ignore I/O Paths                           :  No
  Timing Early Launch at Borrowing Latches   :  No
  Borrow Time for Max Delay Exceptions       :  Yes
  Merge Timing Exceptions                    :  Yes
  Inter-SLR Compensation                     :  Conservative

  Corner  Analyze    Analyze    
  Name    Max Paths  Min Paths  
  ------  ---------  ---------  
  Slow    Yes        Yes        
  Fast    Yes        Yes        


------------------------------------------------------------------------------------------------
| Report Methodology
| ------------------
------------------------------------------------------------------------------------------------

Rule       Severity          Description                                 Violations  
---------  ----------------  ------------------------------------------  ----------  
TIMING-14  Critical Warning  LUT on the clock tree                       1           
TIMING-17  Critical Warning  Non-clocked sequential cell                 80          
DPIR-1     Warning           Asynchronous driver check                   1           
LUTAR-1    Warning           LUT drives async reset alert                1           
SYNTH-6    Warning           Timing of a RAM block might be sub-optimal  8           

Note: This report is based on the most recent report_methodology run and may not be up-to-date. Run report_methodology on the current design for the latest report.



check_timing report

Table of Contents
-----------------
1. checking no_clock (80)
2. checking constant_clock (0)
3. checking pulse_width_clock (0)
4. checking unconstrained_internal_endpoints (224)
5. checking no_input_delay (1)
6. checking no_output_delay (10)
7. checking multiple_clock (0)
8. checking generated_clocks (0)
9. checking loops (0)
10. checking partial_input_delay (0)
11. checking partial_output_delay (0)
12. checking latch_loops (0)

1. checking no_clock (80)
-------------------------
 There are 40 register/latch pins with no clock driven by root clock pin: CPU/steppers/driver_X/clock_Div/new_clk_reg/Q (HIGH)

 There are 40 register/latch pins with no clock driven by root clock pin: CPU/steppers/driver_Y/clock_Div/new_clk_reg/Q (HIGH)


2. checking constant_clock (0)
------------------------------
 There are 0 register/latch pins with constant_clock.


3. checking pulse_width_clock (0)
---------------------------------
 There are 0 register/latch pins which need pulse_width check


4. checking unconstrained_internal_endpoints (224)
--------------------------------------------------
 There are 224 pins that are not constrained for maximum delay. (HIGH)

 There are 0 pins that are not constrained for maximum delay due to constant clock.


5. checking no_input_delay (1)
------------------------------
 There is 1 input port with no input delay specified. (HIGH)

 There are 0 input ports with no input delay but user has a false path constraint.


6. checking no_output_delay (10)
--------------------------------
 There are 10 ports with no output delay specified. (HIGH)

 There are 0 ports with no output delay but user has a false path constraint

 There are 0 ports with no output delay but with a timing clock defined on it or propagating through it


7. checking multiple_clock (0)
------------------------------
 There are 0 register/latch pins with multiple clocks.


8. checking generated_clocks (0)
--------------------------------
 There are 0 generated clocks that are not connected to a clock source.


9. checking loops (0)
---------------------
 There are 0 combinational loops in the design.


10. checking partial_input_delay (0)
------------------------------------
 There are 0 input ports with partial input delay specified.


11. checking partial_output_delay (0)
-------------------------------------
 There are 0 ports with partial output delay specified.


12. checking latch_loops (0)
----------------------------
 There are 0 combinational latch loops in the design through latch input



------------------------------------------------------------------------------------------------
| Design Timing Summary
| ---------------------
------------------------------------------------------------------------------------------------

    WNS(ns)      TNS(ns)  TNS Failing Endpoints  TNS Total Endpoints      WHS(ns)      THS(ns)  THS Failing Endpoints  THS Total Endpoints     WPWS(ns)     TPWS(ns)  TPWS Failing Endpoints  TPWS Total Endpoints  
    -------      -------  ---------------------  -------------------      -------      -------  ---------------------  -------------------     --------     --------  ----------------------  --------------------  
      2.000        0.000                      0                 3148        0.126        0.000                      0                 3148        2.633        0.000                       0                  1534  


All user specified timing constraints are met.


------------------------------------------------------------------------------------------------
| Clock Summary
| -------------
------------------------------------------------------------------------------------------------

Clock                 Waveform(ns)       Period(ns)      Frequency(MHz)
-----                 ------------       ----------      --------------
clock_40mhz           {0.000 5.000}      10.000          100.000         
  clk_out1_CPU_clock  {0.000 12.500}     25.000          40.000          
  clkfbout_CPU_clock  {0.000 25.000}     50.000          20.000          


------------------------------------------------------------------------------------------------
| Intra Clock Table
| -----------------
------------------------------------------------------------------------------------------------

Clock                     WNS(ns)      TNS(ns)  TNS Failing Endpoints  TNS Total Endpoints      WHS(ns)      THS(ns)  THS Failing Endpoints  THS Total Endpoints     WPWS(ns)     TPWS(ns)  TPWS Failing Endpoints  TPWS Total Endpoints  
-----                     -------      -------  ---------------------  -------------------      -------      -------  ---------------------  -------------------     --------     --------  ----------------------  --------------------  
clock_40mhz                                                                                                                                                             3.000        0.000                       0                     1  
  clk_out1_CPU_clock        2.918        0.000                      0                 3094        0.126        0.000                      0                 3094       12.000        0.000                       0                  1530  
  clkfbout_CPU_clock                                                                                                                                                    2.633        0.000                       0                     3  


------------------------------------------------------------------------------------------------
| Inter Clock Table
| -----------------
------------------------------------------------------------------------------------------------

From Clock    To Clock          WNS(ns)      TNS(ns)  TNS Failing Endpoints  TNS Total Endpoints      WHS(ns)      THS(ns)  THS Failing Endpoints  THS Total Endpoints  
----------    --------          -------      -------  ---------------------  -------------------      -------      -------  ---------------------  -------------------  


------------------------------------------------------------------------------------------------
| Other Path Groups Table
| -----------------------
------------------------------------------------------------------------------------------------

Path Group          From Clock          To Clock                WNS(ns)      TNS(ns)  TNS Failing Endpoints  TNS Total Endpoints      WHS(ns)      THS(ns)  THS Failing Endpoints  THS Total Endpoints  
----------          ----------          --------                -------      -------  ---------------------  -------------------      -------      -------  ---------------------  -------------------  
**async_default**   clk_out1_CPU_clock  clk_out1_CPU_clock        2.000        0.000                      0                   54       14.805        0.000                      0                   54  


------------------------------------------------------------------------------------------------
| User Ignored Path Table
| -----------------------
------------------------------------------------------------------------------------------------

Path Group    From Clock    To Clock    
----------    ----------    --------    


------------------------------------------------------------------------------------------------
| Unconstrained Path Table
| ------------------------
------------------------------------------------------------------------------------------------

Path Group          From Clock          To Clock          
----------          ----------          --------          
(none)                                                      
(none)              clk_out1_CPU_clock                      
(none)                                  clk_out1_CPU_clock  


------------------------------------------------------------------------------------------------
| Timing Details
| --------------
------------------------------------------------------------------------------------------------


---------------------------------------------------------------------------------------------------
From Clock:  clock_40mhz
  To Clock:  clock_40mhz

Setup :           NA  Failing Endpoints,  Worst Slack           NA  ,  Total Violation           NA
Hold  :           NA  Failing Endpoints,  Worst Slack           NA  ,  Total Violation           NA
PW    :            0  Failing Endpoints,  Worst Slack        3.000ns,  Total Violation        0.000ns
---------------------------------------------------------------------------------------------------


Pulse Width Checks
--------------------------------------------------------------------------------------
Clock Name:         clock_40mhz
Waveform(ns):       { 0.000 5.000 }
Period(ns):         10.000
Sources:            { clock_40mhz }

Check Type        Corner  Lib Pin           Reference Pin  Required(ns)  Actual(ns)  Slack(ns)  Location        Pin
Min Period        n/a     PLLE2_ADV/CLKIN1  n/a            1.249         10.000      8.751      PLLE2_ADV_X1Y2  CPU_pll/inst/plle2_adv_inst/CLKIN1
Max Period        n/a     PLLE2_ADV/CLKIN1  n/a            52.633        10.000      42.633     PLLE2_ADV_X1Y2  CPU_pll/inst/plle2_adv_inst/CLKIN1
Low Pulse Width   Slow    PLLE2_ADV/CLKIN1  n/a            2.000         5.000       3.000      PLLE2_ADV_X1Y2  CPU_pll/inst/plle2_adv_inst/CLKIN1
Low Pulse Width   Fast    PLLE2_ADV/CLKIN1  n/a            2.000         5.000       3.000      PLLE2_ADV_X1Y2  CPU_pll/inst/plle2_adv_inst/CLKIN1
High Pulse Width  Slow    PLLE2_ADV/CLKIN1  n/a            2.000         5.000       3.000      PLLE2_ADV_X1Y2  CPU_pll/inst/plle2_adv_inst/CLKIN1
High Pulse Width  Fast    PLLE2_ADV/CLKIN1  n/a            2.000         5.000       3.000      PLLE2_ADV_X1Y2  CPU_pll/inst/plle2_adv_inst/CLKIN1



---------------------------------------------------------------------------------------------------
From Clock:  clk_out1_CPU_clock
  To Clock:  clk_out1_CPU_clock

Setup :            0  Failing Endpoints,  Worst Slack        2.918ns,  Total Violation        0.000ns
Hold  :            0  Failing Endpoints,  Worst Slack        0.126ns,  Total Violation        0.000ns
PW    :            0  Failing Endpoints,  Worst Slack       12.000ns,  Total Violation        0.000ns
---------------------------------------------------------------------------------------------------


Max Delay Paths
--------------------------------------------------------------------------------------
Slack (MET) :             2.918ns  (required time - arrival time)
  Source:                 CPU/regMWIR/genblk1[28].dff1/q_reg/C
                            (rising edge-triggered cell FDCE clocked by clk_out1_CPU_clock'  {rise@0.000ns fall@12.500ns period=25.000ns})
  Destination:            RegisterFile/third/dff15/q_reg/D
                            (rising edge-triggered cell FDRE clocked by clk_out1_CPU_clock  {rise@0.000ns fall@12.500ns period=25.000ns})
  Path Group:             clk_out1_CPU_clock
  Path Type:              Setup (Max at Slow Process Corner)
  Requirement:            12.500ns  (clk_out1_CPU_clock rise@25.000ns - clk_out1_CPU_clock fall@12.500ns)
  Data Path Delay:        6.146ns  (logic 0.934ns (15.196%)  route 5.212ns (84.804%))
  Logic Levels:           2  (LUT5=2)
  Clock Path Skew:        -3.196ns (DCD - SCD + CPR)
    Destination Clock Delay (DCD):    2.563ns = ( 27.563 - 25.000 ) 
    Source Clock Delay      (SCD):    5.779ns = ( 18.279 - 12.500 ) 
    Clock Pessimism Removal (CPR):    0.020ns
  Clock Uncertainty:      0.173ns  ((TSJ^2 + DJ^2)^1/2) / 2 + PE
    Total System Jitter     (TSJ):    0.071ns
    Discrete Jitter          (DJ):    0.338ns
    Phase Error              (PE):    0.000ns

    Location             Delay type                Incr(ns)  Path(ns)    Netlist Resource(s)
  -------------------------------------------------------------------    -------------------
                         (clock clk_out1_CPU_clock fall edge)
                                                     12.500    12.500 f  
    E3                                                0.000    12.500 f  clock_40mhz (IN)
                         net (fo=0)                   0.000    12.500    CPU_pll/inst/clk_in1
    E3                   IBUF (Prop_ibuf_I_O)         1.482    13.982 f  CPU_pll/inst/clkin1_ibufg/O
                         net (fo=1, routed)           1.253    15.235    CPU_pll/inst/clk_in1_CPU_clock
    PLLE2_ADV_X1Y2       PLLE2_ADV (Prop_plle2_adv_CLKIN1_CLKOUT0)
                                                     -3.459    11.776 f  CPU_pll/inst/plle2_adv_inst/CLKOUT0
                         net (fo=1, routed)           1.713    13.489    CPU_pll/inst/clk_out1_CPU_clock
    BUFGCTRL_X0Y16       BUFG (Prop_bufg_I_O)         0.096    13.585 f  CPU_pll/inst/clkout1_buf/O
                         net (fo=1077, routed)        2.293    15.878    clock
    SLICE_X52Y96         LUT1 (Prop_lut1_I0_O)        0.124    16.002 r  q_reg_i_6/O
                         net (fo=1, routed)           0.567    16.569    q_reg_i_6_n_0
    BUFGCTRL_X0Y0        BUFG (Prop_bufg_I_O)         0.096    16.665 r  q_reg_i_3/O
                         net (fo=451, routed)         1.614    18.279    CPU/regMWIR/genblk1[28].dff1/clk0
    SLICE_X40Y118        FDCE                                         r  CPU/regMWIR/genblk1[28].dff1/q_reg/C
  -------------------------------------------------------------------    -------------------
    SLICE_X40Y118        FDCE (Prop_fdce_C_Q)         0.456    18.735 f  CPU/regMWIR/genblk1[28].dff1/q_reg/Q
                         net (fo=3, routed)           0.825    19.561    CPU/regMWIR/genblk1[28].dff1/regOutODIR[0]
    SLICE_X40Y118        LUT5 (Prop_lut5_I0_O)        0.152    19.713 r  CPU/regMWIR/genblk1[28].dff1/q_i_5__54/O
                         net (fo=33, routed)          1.610    21.323    CPU/regMWIR/genblk1[111].dff1/q_reg_3
    SLICE_X62Y116        LUT5 (Prop_lut5_I2_O)        0.326    21.649 r  CPU/regMWIR/genblk1[111].dff1/q_i_1__225/O
                         net (fo=36, routed)          2.777    24.426    RegisterFile/third/dff15/rData[0]
    SLICE_X29Y134        FDRE                                         r  RegisterFile/third/dff15/q_reg/D
  -------------------------------------------------------------------    -------------------

                         (clock clk_out1_CPU_clock rise edge)
                                                     25.000    25.000 r  
    E3                                                0.000    25.000 r  clock_40mhz (IN)
                         net (fo=0)                   0.000    25.000    CPU_pll/inst/clk_in1
    E3                   IBUF (Prop_ibuf_I_O)         1.411    26.411 r  CPU_pll/inst/clkin1_ibufg/O
                         net (fo=1, routed)           1.181    27.592    CPU_pll/inst/clk_in1_CPU_clock
    PLLE2_ADV_X1Y2       PLLE2_ADV (Prop_plle2_adv_CLKIN1_CLKOUT0)
                                                     -3.253    24.339 r  CPU_pll/inst/plle2_adv_inst/CLKOUT0
                         net (fo=1, routed)           1.634    25.973    CPU_pll/inst/clk_out1_CPU_clock
    BUFGCTRL_X0Y16       BUFG (Prop_bufg_I_O)         0.091    26.064 r  CPU_pll/inst/clkout1_buf/O
                         net (fo=1077, routed)        1.499    27.563    RegisterFile/third/dff15/clk_out1
    SLICE_X29Y134        FDRE                                         r  RegisterFile/third/dff15/q_reg/C
                         clock pessimism              0.020    27.584    
                         clock uncertainty           -0.173    27.411    
    SLICE_X29Y134        FDRE (Setup_fdre_C_D)       -0.067    27.344    RegisterFile/third/dff15/q_reg
  -------------------------------------------------------------------
                         required time                         27.344    
                         arrival time                         -24.426    
  -------------------------------------------------------------------
                         slack                                  2.918    

Slack (MET) :             2.932ns  (required time - arrival time)
  Source:                 CPU/regMWIR/genblk1[28].dff1/q_reg/C
                            (rising edge-triggered cell FDCE clocked by clk_out1_CPU_clock'  {rise@0.000ns fall@12.500ns period=25.000ns})
  Destination:            ProcMem/MemoryArray_reg_0/DIPADIP[0]
                            (rising edge-triggered cell RAMB36E1 clocked by clk_out1_CPU_clock  {rise@0.000ns fall@12.500ns period=25.000ns})
  Path Group:             clk_out1_CPU_clock
  Path Type:              Setup (Max at Slow Process Corner)
  Requirement:            12.500ns  (clk_out1_CPU_clock rise@25.000ns - clk_out1_CPU_clock fall@12.500ns)
  Data Path Delay:        5.285ns  (logic 0.980ns (18.545%)  route 4.305ns (81.455%))
  Logic Levels:           4  (LUT3=1 LUT5=1 LUT6=2)
  Clock Path Skew:        -3.149ns (DCD - SCD + CPR)
    Destination Clock Delay (DCD):    2.610ns = ( 27.610 - 25.000 ) 
    Source Clock Delay      (SCD):    5.779ns = ( 18.279 - 12.500 ) 
    Clock Pessimism Removal (CPR):    0.020ns
  Clock Uncertainty:      0.173ns  ((TSJ^2 + DJ^2)^1/2) / 2 + PE
    Total System Jitter     (TSJ):    0.071ns
    Discrete Jitter          (DJ):    0.338ns
    Phase Error              (PE):    0.000ns

    Location             Delay type                Incr(ns)  Path(ns)    Netlist Resource(s)
  -------------------------------------------------------------------    -------------------
                         (clock clk_out1_CPU_clock fall edge)
                                                     12.500    12.500 f  
    E3                                                0.000    12.500 f  clock_40mhz (IN)
                         net (fo=0)                   0.000    12.500    CPU_pll/inst/clk_in1
    E3                   IBUF (Prop_ibuf_I_O)         1.482    13.982 f  CPU_pll/inst/clkin1_ibufg/O
                         net (fo=1, routed)           1.253    15.235    CPU_pll/inst/clk_in1_CPU_clock
    PLLE2_ADV_X1Y2       PLLE2_ADV (Prop_plle2_adv_CLKIN1_CLKOUT0)
                                                     -3.459    11.776 f  CPU_pll/inst/plle2_adv_inst/CLKOUT0
                         net (fo=1, routed)           1.713    13.489    CPU_pll/inst/clk_out1_CPU_clock
    BUFGCTRL_X0Y16       BUFG (Prop_bufg_I_O)         0.096    13.585 f  CPU_pll/inst/clkout1_buf/O
                         net (fo=1077, routed)        2.293    15.878    clock
    SLICE_X52Y96         LUT1 (Prop_lut1_I0_O)        0.124    16.002 r  q_reg_i_6/O
                         net (fo=1, routed)           0.567    16.569    q_reg_i_6_n_0
    BUFGCTRL_X0Y0        BUFG (Prop_bufg_I_O)         0.096    16.665 r  q_reg_i_3/O
                         net (fo=451, routed)         1.614    18.279    CPU/regMWIR/genblk1[28].dff1/clk0
    SLICE_X40Y118        FDCE                                         r  CPU/regMWIR/genblk1[28].dff1/q_reg/C
  -------------------------------------------------------------------    -------------------
    SLICE_X40Y118        FDCE (Prop_fdce_C_Q)         0.456    18.735 r  CPU/regMWIR/genblk1[28].dff1/q_reg/Q
                         net (fo=3, routed)           0.825    19.561    CPU/regMWIR/genblk1[28].dff1/regOutODIR[0]
    SLICE_X40Y118        LUT5 (Prop_lut5_I0_O)        0.124    19.685 r  CPU/regMWIR/genblk1[28].dff1/q_i_4__65/O
                         net (fo=35, routed)          0.614    20.299    CPU/XMRSRTRD/genblk1[8].dff1/MemoryArray_reg_0_i_11_0
    SLICE_X40Y121        LUT6 (Prop_lut6_I0_O)        0.124    20.423 r  CPU/XMRSRTRD/genblk1[8].dff1/MemoryArray_reg_0_i_12/O
                         net (fo=1, routed)           0.280    20.703    CPU/XMRSRTRD/genblk1[8].dff1/MemoryArray_reg_0_i_12_n_0
    SLICE_X40Y121        LUT6 (Prop_lut6_I0_O)        0.124    20.827 r  CPU/XMRSRTRD/genblk1[8].dff1/MemoryArray_reg_0_i_11/O
                         net (fo=32, routed)          1.373    22.200    CPU/regOBIR/genblk1[40].dff1/MemoryArray_reg_0
    SLICE_X38Y112        LUT3 (Prop_lut3_I1_O)        0.152    22.352 r  CPU/regOBIR/genblk1[40].dff1/MemoryArray_reg_0_i_9/O
                         net (fo=1, routed)           1.212    23.564    ProcMem/dataIn[8]
    RAMB36_X0Y22         RAMB36E1                                     r  ProcMem/MemoryArray_reg_0/DIPADIP[0]
  -------------------------------------------------------------------    -------------------

                         (clock clk_out1_CPU_clock rise edge)
                                                     25.000    25.000 r  
    E3                                                0.000    25.000 r  clock_40mhz (IN)
                         net (fo=0)                   0.000    25.000    CPU_pll/inst/clk_in1
    E3                   IBUF (Prop_ibuf_I_O)         1.411    26.411 r  CPU_pll/inst/clkin1_ibufg/O
                         net (fo=1, routed)           1.181    27.592    CPU_pll/inst/clk_in1_CPU_clock
    PLLE2_ADV_X1Y2       PLLE2_ADV (Prop_plle2_adv_CLKIN1_CLKOUT0)
                                                     -3.253    24.339 r  CPU_pll/inst/plle2_adv_inst/CLKOUT0
                         net (fo=1, routed)           1.634    25.973    CPU_pll/inst/clk_out1_CPU_clock
    BUFGCTRL_X0Y16       BUFG (Prop_bufg_I_O)         0.091    26.064 r  CPU_pll/inst/clkout1_buf/O
                         net (fo=1077, routed)        1.545    27.610    ProcMem/clk_out1
    RAMB36_X0Y22         RAMB36E1                                     r  ProcMem/MemoryArray_reg_0/CLKARDCLK
                         clock pessimism              0.020    27.630    
                         clock uncertainty           -0.173    27.457    
    RAMB36_X0Y22         RAMB36E1 (Setup_ramb36e1_CLKARDCLK_DIPADIP[0])
                                                     -0.961    26.496    ProcMem/MemoryArray_reg_0
  -------------------------------------------------------------------
                         required time                         26.496    
                         arrival time                         -23.564    
  -------------------------------------------------------------------
                         slack                                  2.932    

Slack (MET) :             3.036ns  (required time - arrival time)
  Source:                 CPU/regMWIR/genblk1[28].dff1/q_reg/C
                            (rising edge-triggered cell FDCE clocked by clk_out1_CPU_clock'  {rise@0.000ns fall@12.500ns period=25.000ns})
  Destination:            RegisterFile/twelfth/dff14/q_reg/D
                            (rising edge-triggered cell FDRE clocked by clk_out1_CPU_clock  {rise@0.000ns fall@12.500ns period=25.000ns})
  Path Group:             clk_out1_CPU_clock
  Path Type:              Setup (Max at Slow Process Corner)
  Requirement:            12.500ns  (clk_out1_CPU_clock rise@25.000ns - clk_out1_CPU_clock fall@12.500ns)
  Data Path Delay:        6.028ns  (logic 0.934ns (15.495%)  route 5.094ns (84.505%))
  Logic Levels:           2  (LUT5=2)
  Clock Path Skew:        -3.196ns (DCD - SCD + CPR)
    Destination Clock Delay (DCD):    2.563ns = ( 27.563 - 25.000 ) 
    Source Clock Delay      (SCD):    5.779ns = ( 18.279 - 12.500 ) 
    Clock Pessimism Removal (CPR):    0.020ns
  Clock Uncertainty:      0.173ns  ((TSJ^2 + DJ^2)^1/2) / 2 + PE
    Total System Jitter     (TSJ):    0.071ns
    Discrete Jitter          (DJ):    0.338ns
    Phase Error              (PE):    0.000ns

    Location             Delay type                Incr(ns)  Path(ns)    Netlist Resource(s)
  -------------------------------------------------------------------    -------------------
                         (clock clk_out1_CPU_clock fall edge)
                                                     12.500    12.500 f  
    E3                                                0.000    12.500 f  clock_40mhz (IN)
                         net (fo=0)                   0.000    12.500    CPU_pll/inst/clk_in1
    E3                   IBUF (Prop_ibuf_I_O)         1.482    13.982 f  CPU_pll/inst/clkin1_ibufg/O
                         net (fo=1, routed)           1.253    15.235    CPU_pll/inst/clk_in1_CPU_clock
    PLLE2_ADV_X1Y2       PLLE2_ADV (Prop_plle2_adv_CLKIN1_CLKOUT0)
                                                     -3.459    11.776 f  CPU_pll/inst/plle2_adv_inst/CLKOUT0
                         net (fo=1, routed)           1.713    13.489    CPU_pll/inst/clk_out1_CPU_clock
    BUFGCTRL_X0Y16       BUFG (Prop_bufg_I_O)         0.096    13.585 f  CPU_pll/inst/clkout1_buf/O
                         net (fo=1077, routed)        2.293    15.878    clock
    SLICE_X52Y96         LUT1 (Prop_lut1_I0_O)        0.124    16.002 r  q_reg_i_6/O
                         net (fo=1, routed)           0.567    16.569    q_reg_i_6_n_0
    BUFGCTRL_X0Y0        BUFG (Prop_bufg_I_O)         0.096    16.665 r  q_reg_i_3/O
                         net (fo=451, routed)         1.614    18.279    CPU/regMWIR/genblk1[28].dff1/clk0
    SLICE_X40Y118        FDCE                                         r  CPU/regMWIR/genblk1[28].dff1/q_reg/C
  -------------------------------------------------------------------    -------------------
    SLICE_X40Y118        FDCE (Prop_fdce_C_Q)         0.456    18.735 f  CPU/regMWIR/genblk1[28].dff1/q_reg/Q
                         net (fo=3, routed)           0.825    19.561    CPU/regMWIR/genblk1[28].dff1/regOutODIR[0]
    SLICE_X40Y118        LUT5 (Prop_lut5_I0_O)        0.152    19.713 r  CPU/regMWIR/genblk1[28].dff1/q_i_5__54/O
                         net (fo=33, routed)          1.470    21.183    CPU/regMWIR/genblk1[110].dff1/q_reg_3
    SLICE_X62Y117        LUT5 (Prop_lut5_I2_O)        0.326    21.509 r  CPU/regMWIR/genblk1[110].dff1/q_i_1__224/O
                         net (fo=36, routed)          2.798    24.307    RegisterFile/twelfth/dff14/rData[0]
    SLICE_X35Y137        FDRE                                         r  RegisterFile/twelfth/dff14/q_reg/D
  -------------------------------------------------------------------    -------------------

                         (clock clk_out1_CPU_clock rise edge)
                                                     25.000    25.000 r  
    E3                                                0.000    25.000 r  clock_40mhz (IN)
                         net (fo=0)                   0.000    25.000    CPU_pll/inst/clk_in1
    E3                   IBUF (Prop_ibuf_I_O)         1.411    26.411 r  CPU_pll/inst/clkin1_ibufg/O
                         net (fo=1, routed)           1.181    27.592    CPU_pll/inst/clk_in1_CPU_clock
    PLLE2_ADV_X1Y2       PLLE2_ADV (Prop_plle2_adv_CLKIN1_CLKOUT0)
                                                     -3.253    24.339 r  CPU_pll/inst/plle2_adv_inst/CLKOUT0
                         net (fo=1, routed)           1.634    25.973    CPU_pll/inst/clk_out1_CPU_clock
    BUFGCTRL_X0Y16       BUFG (Prop_bufg_I_O)         0.091    26.064 r  CPU_pll/inst/clkout1_buf/O
                         net (fo=1077, routed)        1.499    27.563    RegisterFile/twelfth/dff14/clk_out1
    SLICE_X35Y137        FDRE                                         r  RegisterFile/twelfth/dff14/q_reg/C
                         clock pessimism              0.020    27.584    
                         clock uncertainty           -0.173    27.411    
    SLICE_X35Y137        FDRE (Setup_fdre_C_D)       -0.067    27.344    RegisterFile/twelfth/dff14/q_reg
  -------------------------------------------------------------------
                         required time                         27.344    
                         arrival time                         -24.307    
  -------------------------------------------------------------------
                         slack                                  3.036    

Slack (MET) :             3.060ns  (required time - arrival time)
  Source:                 CPU/regMWIR/genblk1[28].dff1/q_reg/C
                            (rising edge-triggered cell FDCE clocked by clk_out1_CPU_clock'  {rise@0.000ns fall@12.500ns period=25.000ns})
  Destination:            RegisterFile/thirtyfirst/dff9/q_reg/D
                            (rising edge-triggered cell FDRE clocked by clk_out1_CPU_clock  {rise@0.000ns fall@12.500ns period=25.000ns})
  Path Group:             clk_out1_CPU_clock
  Path Type:              Setup (Max at Slow Process Corner)
  Requirement:            12.500ns  (clk_out1_CPU_clock rise@25.000ns - clk_out1_CPU_clock fall@12.500ns)
  Data Path Delay:        6.002ns  (logic 0.934ns (15.562%)  route 5.068ns (84.438%))
  Logic Levels:           2  (LUT5=2)
  Clock Path Skew:        -3.203ns (DCD - SCD + CPR)
    Destination Clock Delay (DCD):    2.556ns = ( 27.556 - 25.000 ) 
    Source Clock Delay      (SCD):    5.779ns = ( 18.279 - 12.500 ) 
    Clock Pessimism Removal (CPR):    0.020ns
  Clock Uncertainty:      0.173ns  ((TSJ^2 + DJ^2)^1/2) / 2 + PE
    Total System Jitter     (TSJ):    0.071ns
    Discrete Jitter          (DJ):    0.338ns
    Phase Error              (PE):    0.000ns

    Location             Delay type                Incr(ns)  Path(ns)    Netlist Resource(s)
  -------------------------------------------------------------------    -------------------
                         (clock clk_out1_CPU_clock fall edge)
                                                     12.500    12.500 f  
    E3                                                0.000    12.500 f  clock_40mhz (IN)
                         net (fo=0)                   0.000    12.500    CPU_pll/inst/clk_in1
    E3                   IBUF (Prop_ibuf_I_O)         1.482    13.982 f  CPU_pll/inst/clkin1_ibufg/O
                         net (fo=1, routed)           1.253    15.235    CPU_pll/inst/clk_in1_CPU_clock
    PLLE2_ADV_X1Y2       PLLE2_ADV (Prop_plle2_adv_CLKIN1_CLKOUT0)
                                                     -3.459    11.776 f  CPU_pll/inst/plle2_adv_inst/CLKOUT0
                         net (fo=1, routed)           1.713    13.489    CPU_pll/inst/clk_out1_CPU_clock
    BUFGCTRL_X0Y16       BUFG (Prop_bufg_I_O)         0.096    13.585 f  CPU_pll/inst/clkout1_buf/O
                         net (fo=1077, routed)        2.293    15.878    clock
    SLICE_X52Y96         LUT1 (Prop_lut1_I0_O)        0.124    16.002 r  q_reg_i_6/O
                         net (fo=1, routed)           0.567    16.569    q_reg_i_6_n_0
    BUFGCTRL_X0Y0        BUFG (Prop_bufg_I_O)         0.096    16.665 r  q_reg_i_3/O
                         net (fo=451, routed)         1.614    18.279    CPU/regMWIR/genblk1[28].dff1/clk0
    SLICE_X40Y118        FDCE                                         r  CPU/regMWIR/genblk1[28].dff1/q_reg/C
  -------------------------------------------------------------------    -------------------
    SLICE_X40Y118        FDCE (Prop_fdce_C_Q)         0.456    18.735 f  CPU/regMWIR/genblk1[28].dff1/q_reg/Q
                         net (fo=3, routed)           0.825    19.561    CPU/regMWIR/genblk1[28].dff1/regOutODIR[0]
    SLICE_X40Y118        LUT5 (Prop_lut5_I0_O)        0.152    19.713 r  CPU/regMWIR/genblk1[28].dff1/q_i_5__54/O
                         net (fo=33, routed)          1.545    21.258    CPU/regMWIR/genblk1[105].dff1/q_reg_3
    SLICE_X62Y113        LUT5 (Prop_lut5_I2_O)        0.326    21.584 r  CPU/regMWIR/genblk1[105].dff1/q_i_1__219/O
                         net (fo=37, routed)          2.698    24.281    RegisterFile/thirtyfirst/dff9/rData[0]
    SLICE_X45Y133        FDRE                                         r  RegisterFile/thirtyfirst/dff9/q_reg/D
  -------------------------------------------------------------------    -------------------

                         (clock clk_out1_CPU_clock rise edge)
                                                     25.000    25.000 r  
    E3                                                0.000    25.000 r  clock_40mhz (IN)
                         net (fo=0)                   0.000    25.000    CPU_pll/inst/clk_in1
    E3                   IBUF (Prop_ibuf_I_O)         1.411    26.411 r  CPU_pll/inst/clkin1_ibufg/O
                         net (fo=1, routed)           1.181    27.592    CPU_pll/inst/clk_in1_CPU_clock
    PLLE2_ADV_X1Y2       PLLE2_ADV (Prop_plle2_adv_CLKIN1_CLKOUT0)
                                                     -3.253    24.339 r  CPU_pll/inst/plle2_adv_inst/CLKOUT0
                         net (fo=1, routed)           1.634    25.973    CPU_pll/inst/clk_out1_CPU_clock
    BUFGCTRL_X0Y16       BUFG (Prop_bufg_I_O)         0.091    26.064 r  CPU_pll/inst/clkout1_buf/O
                         net (fo=1077, routed)        1.492    27.556    RegisterFile/thirtyfirst/dff9/clk_out1
    SLICE_X45Y133        FDRE                                         r  RegisterFile/thirtyfirst/dff9/q_reg/C
                         clock pessimism              0.020    27.577    
                         clock uncertainty           -0.173    27.404    
    SLICE_X45Y133        FDRE (Setup_fdre_C_D)       -0.062    27.342    RegisterFile/thirtyfirst/dff9/q_reg
  -------------------------------------------------------------------
                         required time                         27.342    
                         arrival time                         -24.281    
  -------------------------------------------------------------------
                         slack                                  3.060    

Slack (MET) :             3.062ns  (required time - arrival time)
  Source:                 CPU/regMWIR/genblk1[28].dff1/q_reg/C
                            (rising edge-triggered cell FDCE clocked by clk_out1_CPU_clock'  {rise@0.000ns fall@12.500ns period=25.000ns})
  Destination:            RegisterFile/thirtieth/dff10/q_reg/D
                            (rising edge-triggered cell FDRE clocked by clk_out1_CPU_clock  {rise@0.000ns fall@12.500ns period=25.000ns})
  Path Group:             clk_out1_CPU_clock
  Path Type:              Setup (Max at Slow Process Corner)
  Requirement:            12.500ns  (clk_out1_CPU_clock rise@25.000ns - clk_out1_CPU_clock fall@12.500ns)
  Data Path Delay:        6.026ns  (logic 0.934ns (15.499%)  route 5.092ns (84.501%))
  Logic Levels:           2  (LUT5=2)
  Clock Path Skew:        -3.208ns (DCD - SCD + CPR)
    Destination Clock Delay (DCD):    2.551ns = ( 27.551 - 25.000 ) 
    Source Clock Delay      (SCD):    5.779ns = ( 18.279 - 12.500 ) 
    Clock Pessimism Removal (CPR):    0.020ns
  Clock Uncertainty:      0.173ns  ((TSJ^2 + DJ^2)^1/2) / 2 + PE
    Total System Jitter     (TSJ):    0.071ns
    Discrete Jitter          (DJ):    0.338ns
    Phase Error              (PE):    0.000ns

    Location             Delay type                Incr(ns)  Path(ns)    Netlist Resource(s)
  -------------------------------------------------------------------    -------------------
                         (clock clk_out1_CPU_clock fall edge)
                                                     12.500    12.500 f  
    E3                                                0.000    12.500 f  clock_40mhz (IN)
                         net (fo=0)                   0.000    12.500    CPU_pll/inst/clk_in1
    E3                   IBUF (Prop_ibuf_I_O)         1.482    13.982 f  CPU_pll/inst/clkin1_ibufg/O
                         net (fo=1, routed)           1.253    15.235    CPU_pll/inst/clk_in1_CPU_clock
    PLLE2_ADV_X1Y2       PLLE2_ADV (Prop_plle2_adv_CLKIN1_CLKOUT0)
                                                     -3.459    11.776 f  CPU_pll/inst/plle2_adv_inst/CLKOUT0
                         net (fo=1, routed)           1.713    13.489    CPU_pll/inst/clk_out1_CPU_clock
    BUFGCTRL_X0Y16       BUFG (Prop_bufg_I_O)         0.096    13.585 f  CPU_pll/inst/clkout1_buf/O
                         net (fo=1077, routed)        2.293    15.878    clock
    SLICE_X52Y96         LUT1 (Prop_lut1_I0_O)        0.124    16.002 r  q_reg_i_6/O
                         net (fo=1, routed)           0.567    16.569    q_reg_i_6_n_0
    BUFGCTRL_X0Y0        BUFG (Prop_bufg_I_O)         0.096    16.665 r  q_reg_i_3/O
                         net (fo=451, routed)         1.614    18.279    CPU/regMWIR/genblk1[28].dff1/clk0
    SLICE_X40Y118        FDCE                                         r  CPU/regMWIR/genblk1[28].dff1/q_reg/C
  -------------------------------------------------------------------    -------------------
    SLICE_X40Y118        FDCE (Prop_fdce_C_Q)         0.456    18.735 f  CPU/regMWIR/genblk1[28].dff1/q_reg/Q
                         net (fo=3, routed)           0.825    19.561    CPU/regMWIR/genblk1[28].dff1/regOutODIR[0]
    SLICE_X40Y118        LUT5 (Prop_lut5_I0_O)        0.152    19.713 r  CPU/regMWIR/genblk1[28].dff1/q_i_5__54/O
                         net (fo=33, routed)          1.549    21.262    CPU/regMWIR/genblk1[106].dff1/q_reg_3
    SLICE_X62Y113        LUT5 (Prop_lut5_I2_O)        0.326    21.588 r  CPU/regMWIR/genblk1[106].dff1/q_i_1__220/O
                         net (fo=37, routed)          2.718    24.306    RegisterFile/thirtieth/dff10/rData[0]
    SLICE_X56Y139        FDRE                                         r  RegisterFile/thirtieth/dff10/q_reg/D
  -------------------------------------------------------------------    -------------------

                         (clock clk_out1_CPU_clock rise edge)
                                                     25.000    25.000 r  
    E3                                                0.000    25.000 r  clock_40mhz (IN)
                         net (fo=0)                   0.000    25.000    CPU_pll/inst/clk_in1
    E3                   IBUF (Prop_ibuf_I_O)         1.411    26.411 r  CPU_pll/inst/clkin1_ibufg/O
                         net (fo=1, routed)           1.181    27.592    CPU_pll/inst/clk_in1_CPU_clock
    PLLE2_ADV_X1Y2       PLLE2_ADV (Prop_plle2_adv_CLKIN1_CLKOUT0)
                                                     -3.253    24.339 r  CPU_pll/inst/plle2_adv_inst/CLKOUT0
                         net (fo=1, routed)           1.634    25.973    CPU_pll/inst/clk_out1_CPU_clock
    BUFGCTRL_X0Y16       BUFG (Prop_bufg_I_O)         0.091    26.064 r  CPU_pll/inst/clkout1_buf/O
                         net (fo=1077, routed)        1.487    27.551    RegisterFile/thirtieth/dff10/clk_out1
    SLICE_X56Y139        FDRE                                         r  RegisterFile/thirtieth/dff10/q_reg/C
                         clock pessimism              0.020    27.572    
                         clock uncertainty           -0.173    27.399    
    SLICE_X56Y139        FDRE (Setup_fdre_C_D)       -0.031    27.368    RegisterFile/thirtieth/dff10/q_reg
  -------------------------------------------------------------------
                         required time                         27.368    
                         arrival time                         -24.306    
  -------------------------------------------------------------------
                         slack                                  3.062    

Slack (MET) :             3.072ns  (required time - arrival time)
  Source:                 CPU/regMWIR/genblk1[28].dff1/q_reg/C
                            (rising edge-triggered cell FDCE clocked by clk_out1_CPU_clock'  {rise@0.000ns fall@12.500ns period=25.000ns})
  Destination:            RegisterFile/thirteenth/dff14/q_reg/D
                            (rising edge-triggered cell FDRE clocked by clk_out1_CPU_clock  {rise@0.000ns fall@12.500ns period=25.000ns})
  Path Group:             clk_out1_CPU_clock
  Path Type:              Setup (Max at Slow Process Corner)
  Requirement:            12.500ns  (clk_out1_CPU_clock rise@25.000ns - clk_out1_CPU_clock fall@12.500ns)
  Data Path Delay:        6.028ns  (logic 0.934ns (15.495%)  route 5.094ns (84.505%))
  Logic Levels:           2  (LUT5=2)
  Clock Path Skew:        -3.196ns (DCD - SCD + CPR)
    Destination Clock Delay (DCD):    2.563ns = ( 27.563 - 25.000 ) 
    Source Clock Delay      (SCD):    5.779ns = ( 18.279 - 12.500 ) 
    Clock Pessimism Removal (CPR):    0.020ns
  Clock Uncertainty:      0.173ns  ((TSJ^2 + DJ^2)^1/2) / 2 + PE
    Total System Jitter     (TSJ):    0.071ns
    Discrete Jitter          (DJ):    0.338ns
    Phase Error              (PE):    0.000ns

    Location             Delay type                Incr(ns)  Path(ns)    Netlist Resource(s)
  -------------------------------------------------------------------    -------------------
                         (clock clk_out1_CPU_clock fall edge)
                                                     12.500    12.500 f  
    E3                                                0.000    12.500 f  clock_40mhz (IN)
                         net (fo=0)                   0.000    12.500    CPU_pll/inst/clk_in1
    E3                   IBUF (Prop_ibuf_I_O)         1.482    13.982 f  CPU_pll/inst/clkin1_ibufg/O
                         net (fo=1, routed)           1.253    15.235    CPU_pll/inst/clk_in1_CPU_clock
    PLLE2_ADV_X1Y2       PLLE2_ADV (Prop_plle2_adv_CLKIN1_CLKOUT0)
                                                     -3.459    11.776 f  CPU_pll/inst/plle2_adv_inst/CLKOUT0
                         net (fo=1, routed)           1.713    13.489    CPU_pll/inst/clk_out1_CPU_clock
    BUFGCTRL_X0Y16       BUFG (Prop_bufg_I_O)         0.096    13.585 f  CPU_pll/inst/clkout1_buf/O
                         net (fo=1077, routed)        2.293    15.878    clock
    SLICE_X52Y96         LUT1 (Prop_lut1_I0_O)        0.124    16.002 r  q_reg_i_6/O
                         net (fo=1, routed)           0.567    16.569    q_reg_i_6_n_0
    BUFGCTRL_X0Y0        BUFG (Prop_bufg_I_O)         0.096    16.665 r  q_reg_i_3/O
                         net (fo=451, routed)         1.614    18.279    CPU/regMWIR/genblk1[28].dff1/clk0
    SLICE_X40Y118        FDCE                                         r  CPU/regMWIR/genblk1[28].dff1/q_reg/C
  -------------------------------------------------------------------    -------------------
    SLICE_X40Y118        FDCE (Prop_fdce_C_Q)         0.456    18.735 f  CPU/regMWIR/genblk1[28].dff1/q_reg/Q
                         net (fo=3, routed)           0.825    19.561    CPU/regMWIR/genblk1[28].dff1/regOutODIR[0]
    SLICE_X40Y118        LUT5 (Prop_lut5_I0_O)        0.152    19.713 r  CPU/regMWIR/genblk1[28].dff1/q_i_5__54/O
                         net (fo=33, routed)          1.470    21.183    CPU/regMWIR/genblk1[110].dff1/q_reg_3
    SLICE_X62Y117        LUT5 (Prop_lut5_I2_O)        0.326    21.509 r  CPU/regMWIR/genblk1[110].dff1/q_i_1__224/O
                         net (fo=36, routed)          2.798    24.307    RegisterFile/thirteenth/dff14/rData[0]
    SLICE_X34Y137        FDRE                                         r  RegisterFile/thirteenth/dff14/q_reg/D
  -------------------------------------------------------------------    -------------------

                         (clock clk_out1_CPU_clock rise edge)
                                                     25.000    25.000 r  
    E3                                                0.000    25.000 r  clock_40mhz (IN)
                         net (fo=0)                   0.000    25.000    CPU_pll/inst/clk_in1
    E3                   IBUF (Prop_ibuf_I_O)         1.411    26.411 r  CPU_pll/inst/clkin1_ibufg/O
                         net (fo=1, routed)           1.181    27.592    CPU_pll/inst/clk_in1_CPU_clock
    PLLE2_ADV_X1Y2       PLLE2_ADV (Prop_plle2_adv_CLKIN1_CLKOUT0)
                                                     -3.253    24.339 r  CPU_pll/inst/plle2_adv_inst/CLKOUT0
                         net (fo=1, routed)           1.634    25.973    CPU_pll/inst/clk_out1_CPU_clock
    BUFGCTRL_X0Y16       BUFG (Prop_bufg_I_O)         0.091    26.064 r  CPU_pll/inst/clkout1_buf/O
                         net (fo=1077, routed)        1.499    27.563    RegisterFile/thirteenth/dff14/clk_out1
    SLICE_X34Y137        FDRE                                         r  RegisterFile/thirteenth/dff14/q_reg/C
                         clock pessimism              0.020    27.584    
                         clock uncertainty           -0.173    27.411    
    SLICE_X34Y137        FDRE (Setup_fdre_C_D)       -0.031    27.380    RegisterFile/thirteenth/dff14/q_reg
  -------------------------------------------------------------------
                         required time                         27.380    
                         arrival time                         -24.307    
  -------------------------------------------------------------------
                         slack                                  3.072    

Slack (MET) :             3.074ns  (required time - arrival time)
  Source:                 CPU/regMWIR/genblk1[28].dff1/q_reg/C
                            (rising edge-triggered cell FDCE clocked by clk_out1_CPU_clock'  {rise@0.000ns fall@12.500ns period=25.000ns})
  Destination:            RegisterFile/twentieth/dff15/q_reg/D
                            (rising edge-triggered cell FDRE clocked by clk_out1_CPU_clock  {rise@0.000ns fall@12.500ns period=25.000ns})
  Path Group:             clk_out1_CPU_clock
  Path Type:              Setup (Max at Slow Process Corner)
  Requirement:            12.500ns  (clk_out1_CPU_clock rise@25.000ns - clk_out1_CPU_clock fall@12.500ns)
  Data Path Delay:        5.998ns  (logic 0.934ns (15.572%)  route 5.064ns (84.428%))
  Logic Levels:           2  (LUT5=2)
  Clock Path Skew:        -3.194ns (DCD - SCD + CPR)
    Destination Clock Delay (DCD):    2.565ns = ( 27.565 - 25.000 ) 
    Source Clock Delay      (SCD):    5.779ns = ( 18.279 - 12.500 ) 
    Clock Pessimism Removal (CPR):    0.020ns
  Clock Uncertainty:      0.173ns  ((TSJ^2 + DJ^2)^1/2) / 2 + PE
    Total System Jitter     (TSJ):    0.071ns
    Discrete Jitter          (DJ):    0.338ns
    Phase Error              (PE):    0.000ns

    Location             Delay type                Incr(ns)  Path(ns)    Netlist Resource(s)
  -------------------------------------------------------------------    -------------------
                         (clock clk_out1_CPU_clock fall edge)
                                                     12.500    12.500 f  
    E3                                                0.000    12.500 f  clock_40mhz (IN)
                         net (fo=0)                   0.000    12.500    CPU_pll/inst/clk_in1
    E3                   IBUF (Prop_ibuf_I_O)         1.482    13.982 f  CPU_pll/inst/clkin1_ibufg/O
                         net (fo=1, routed)           1.253    15.235    CPU_pll/inst/clk_in1_CPU_clock
    PLLE2_ADV_X1Y2       PLLE2_ADV (Prop_plle2_adv_CLKIN1_CLKOUT0)
                                                     -3.459    11.776 f  CPU_pll/inst/plle2_adv_inst/CLKOUT0
                         net (fo=1, routed)           1.713    13.489    CPU_pll/inst/clk_out1_CPU_clock
    BUFGCTRL_X0Y16       BUFG (Prop_bufg_I_O)         0.096    13.585 f  CPU_pll/inst/clkout1_buf/O
                         net (fo=1077, routed)        2.293    15.878    clock
    SLICE_X52Y96         LUT1 (Prop_lut1_I0_O)        0.124    16.002 r  q_reg_i_6/O
                         net (fo=1, routed)           0.567    16.569    q_reg_i_6_n_0
    BUFGCTRL_X0Y0        BUFG (Prop_bufg_I_O)         0.096    16.665 r  q_reg_i_3/O
                         net (fo=451, routed)         1.614    18.279    CPU/regMWIR/genblk1[28].dff1/clk0
    SLICE_X40Y118        FDCE                                         r  CPU/regMWIR/genblk1[28].dff1/q_reg/C
  -------------------------------------------------------------------    -------------------
    SLICE_X40Y118        FDCE (Prop_fdce_C_Q)         0.456    18.735 f  CPU/regMWIR/genblk1[28].dff1/q_reg/Q
                         net (fo=3, routed)           0.825    19.561    CPU/regMWIR/genblk1[28].dff1/regOutODIR[0]
    SLICE_X40Y118        LUT5 (Prop_lut5_I0_O)        0.152    19.713 r  CPU/regMWIR/genblk1[28].dff1/q_i_5__54/O
                         net (fo=33, routed)          1.610    21.323    CPU/regMWIR/genblk1[111].dff1/q_reg_3
    SLICE_X62Y116        LUT5 (Prop_lut5_I2_O)        0.326    21.649 r  CPU/regMWIR/genblk1[111].dff1/q_i_1__225/O
                         net (fo=36, routed)          2.629    24.277    RegisterFile/twentieth/dff15/rData[0]
    SLICE_X37Y140        FDRE                                         r  RegisterFile/twentieth/dff15/q_reg/D
  -------------------------------------------------------------------    -------------------

                         (clock clk_out1_CPU_clock rise edge)
                                                     25.000    25.000 r  
    E3                                                0.000    25.000 r  clock_40mhz (IN)
                         net (fo=0)                   0.000    25.000    CPU_pll/inst/clk_in1
    E3                   IBUF (Prop_ibuf_I_O)         1.411    26.411 r  CPU_pll/inst/clkin1_ibufg/O
                         net (fo=1, routed)           1.181    27.592    CPU_pll/inst/clk_in1_CPU_clock
    PLLE2_ADV_X1Y2       PLLE2_ADV (Prop_plle2_adv_CLKIN1_CLKOUT0)
                                                     -3.253    24.339 r  CPU_pll/inst/plle2_adv_inst/CLKOUT0
                         net (fo=1, routed)           1.634    25.973    CPU_pll/inst/clk_out1_CPU_clock
    BUFGCTRL_X0Y16       BUFG (Prop_bufg_I_O)         0.091    26.064 r  CPU_pll/inst/clkout1_buf/O
                         net (fo=1077, routed)        1.501    27.565    RegisterFile/twentieth/dff15/clk_out1
    SLICE_X37Y140        FDRE                                         r  RegisterFile/twentieth/dff15/q_reg/C
                         clock pessimism              0.020    27.586    
                         clock uncertainty           -0.173    27.413    
    SLICE_X37Y140        FDRE (Setup_fdre_C_D)       -0.061    27.352    RegisterFile/twentieth/dff15/q_reg
  -------------------------------------------------------------------
                         required time                         27.352    
                         arrival time                         -24.277    
  -------------------------------------------------------------------
                         slack                                  3.074    

Slack (MET) :             3.078ns  (required time - arrival time)
  Source:                 CPU/regMWIR/genblk1[28].dff1/q_reg/C
                            (rising edge-triggered cell FDCE clocked by clk_out1_CPU_clock'  {rise@0.000ns fall@12.500ns period=25.000ns})
  Destination:            RegisterFile/fifth/dff13/q_reg/D
                            (rising edge-triggered cell FDRE clocked by clk_out1_CPU_clock  {rise@0.000ns fall@12.500ns period=25.000ns})
  Path Group:             clk_out1_CPU_clock
  Path Type:              Setup (Max at Slow Process Corner)
  Requirement:            12.500ns  (clk_out1_CPU_clock rise@25.000ns - clk_out1_CPU_clock fall@12.500ns)
  Data Path Delay:        5.972ns  (logic 0.934ns (15.640%)  route 5.038ns (84.360%))
  Logic Levels:           2  (LUT5=2)
  Clock Path Skew:        -3.196ns (DCD - SCD + CPR)
    Destination Clock Delay (DCD):    2.563ns = ( 27.563 - 25.000 ) 
    Source Clock Delay      (SCD):    5.779ns = ( 18.279 - 12.500 ) 
    Clock Pessimism Removal (CPR):    0.020ns
  Clock Uncertainty:      0.173ns  ((TSJ^2 + DJ^2)^1/2) / 2 + PE
    Total System Jitter     (TSJ):    0.071ns
    Discrete Jitter          (DJ):    0.338ns
    Phase Error              (PE):    0.000ns

    Location             Delay type                Incr(ns)  Path(ns)    Netlist Resource(s)
  -------------------------------------------------------------------    -------------------
                         (clock clk_out1_CPU_clock fall edge)
                                                     12.500    12.500 f  
    E3                                                0.000    12.500 f  clock_40mhz (IN)
                         net (fo=0)                   0.000    12.500    CPU_pll/inst/clk_in1
    E3                   IBUF (Prop_ibuf_I_O)         1.482    13.982 f  CPU_pll/inst/clkin1_ibufg/O
                         net (fo=1, routed)           1.253    15.235    CPU_pll/inst/clk_in1_CPU_clock
    PLLE2_ADV_X1Y2       PLLE2_ADV (Prop_plle2_adv_CLKIN1_CLKOUT0)
                                                     -3.459    11.776 f  CPU_pll/inst/plle2_adv_inst/CLKOUT0
                         net (fo=1, routed)           1.713    13.489    CPU_pll/inst/clk_out1_CPU_clock
    BUFGCTRL_X0Y16       BUFG (Prop_bufg_I_O)         0.096    13.585 f  CPU_pll/inst/clkout1_buf/O
                         net (fo=1077, routed)        2.293    15.878    clock
    SLICE_X52Y96         LUT1 (Prop_lut1_I0_O)        0.124    16.002 r  q_reg_i_6/O
                         net (fo=1, routed)           0.567    16.569    q_reg_i_6_n_0
    BUFGCTRL_X0Y0        BUFG (Prop_bufg_I_O)         0.096    16.665 r  q_reg_i_3/O
                         net (fo=451, routed)         1.614    18.279    CPU/regMWIR/genblk1[28].dff1/clk0
    SLICE_X40Y118        FDCE                                         r  CPU/regMWIR/genblk1[28].dff1/q_reg/C
  -------------------------------------------------------------------    -------------------
    SLICE_X40Y118        FDCE (Prop_fdce_C_Q)         0.456    18.735 f  CPU/regMWIR/genblk1[28].dff1/q_reg/Q
                         net (fo=3, routed)           0.825    19.561    CPU/regMWIR/genblk1[28].dff1/regOutODIR[0]
    SLICE_X40Y118        LUT5 (Prop_lut5_I0_O)        0.152    19.713 r  CPU/regMWIR/genblk1[28].dff1/q_i_5__54/O
                         net (fo=33, routed)          1.501    21.213    CPU/regMWIR/genblk1[109].dff1/q_reg_3
    SLICE_X63Y115        LUT5 (Prop_lut5_I2_O)        0.326    21.539 r  CPU/regMWIR/genblk1[109].dff1/q_i_1__223/O
                         net (fo=37, routed)          2.712    24.251    RegisterFile/fifth/dff13/rData[0]
    SLICE_X32Y135        FDRE                                         r  RegisterFile/fifth/dff13/q_reg/D
  -------------------------------------------------------------------    -------------------

                         (clock clk_out1_CPU_clock rise edge)
                                                     25.000    25.000 r  
    E3                                                0.000    25.000 r  clock_40mhz (IN)
                         net (fo=0)                   0.000    25.000    CPU_pll/inst/clk_in1
    E3                   IBUF (Prop_ibuf_I_O)         1.411    26.411 r  CPU_pll/inst/clkin1_ibufg/O
                         net (fo=1, routed)           1.181    27.592    CPU_pll/inst/clk_in1_CPU_clock
    PLLE2_ADV_X1Y2       PLLE2_ADV (Prop_plle2_adv_CLKIN1_CLKOUT0)
                                                     -3.253    24.339 r  CPU_pll/inst/plle2_adv_inst/CLKOUT0
                         net (fo=1, routed)           1.634    25.973    CPU_pll/inst/clk_out1_CPU_clock
    BUFGCTRL_X0Y16       BUFG (Prop_bufg_I_O)         0.091    26.064 r  CPU_pll/inst/clkout1_buf/O
                         net (fo=1077, routed)        1.499    27.563    RegisterFile/fifth/dff13/clk_out1
    SLICE_X32Y135        FDRE                                         r  RegisterFile/fifth/dff13/q_reg/C
                         clock pessimism              0.020    27.584    
                         clock uncertainty           -0.173    27.411    
    SLICE_X32Y135        FDRE (Setup_fdre_C_D)       -0.081    27.330    RegisterFile/fifth/dff13/q_reg
  -------------------------------------------------------------------
                         required time                         27.330    
                         arrival time                         -24.251    
  -------------------------------------------------------------------
                         slack                                  3.078    

Slack (MET) :             3.089ns  (required time - arrival time)
  Source:                 CPU/regMWIR/genblk1[29].dff1/q_reg/C
                            (rising edge-triggered cell FDCE clocked by clk_out1_CPU_clock'  {rise@0.000ns fall@12.500ns period=25.000ns})
  Destination:            RegisterFile/sixth/dff20/q_reg/CE
                            (rising edge-triggered cell FDRE clocked by clk_out1_CPU_clock  {rise@0.000ns fall@12.500ns period=25.000ns})
  Path Group:             clk_out1_CPU_clock
  Path Type:              Setup (Max at Slow Process Corner)
  Requirement:            12.500ns  (clk_out1_CPU_clock rise@25.000ns - clk_out1_CPU_clock fall@12.500ns)
  Data Path Delay:        5.821ns  (logic 1.024ns (17.592%)  route 4.797ns (82.408%))
  Logic Levels:           3  (LUT3=1 LUT5=1 LUT6=1)
  Clock Path Skew:        -3.212ns (DCD - SCD + CPR)
    Destination Clock Delay (DCD):    2.550ns = ( 27.550 - 25.000 ) 
    Source Clock Delay      (SCD):    5.782ns = ( 18.282 - 12.500 ) 
    Clock Pessimism Removal (CPR):    0.020ns
  Clock Uncertainty:      0.173ns  ((TSJ^2 + DJ^2)^1/2) / 2 + PE
    Total System Jitter     (TSJ):    0.071ns
    Discrete Jitter          (DJ):    0.338ns
    Phase Error              (PE):    0.000ns

    Location             Delay type                Incr(ns)  Path(ns)    Netlist Resource(s)
  -------------------------------------------------------------------    -------------------
                         (clock clk_out1_CPU_clock fall edge)
                                                     12.500    12.500 f  
    E3                                                0.000    12.500 f  clock_40mhz (IN)
                         net (fo=0)                   0.000    12.500    CPU_pll/inst/clk_in1
    E3                   IBUF (Prop_ibuf_I_O)         1.482    13.982 f  CPU_pll/inst/clkin1_ibufg/O
                         net (fo=1, routed)           1.253    15.235    CPU_pll/inst/clk_in1_CPU_clock
    PLLE2_ADV_X1Y2       PLLE2_ADV (Prop_plle2_adv_CLKIN1_CLKOUT0)
                                                     -3.459    11.776 f  CPU_pll/inst/plle2_adv_inst/CLKOUT0
                         net (fo=1, routed)           1.713    13.489    CPU_pll/inst/clk_out1_CPU_clock
    BUFGCTRL_X0Y16       BUFG (Prop_bufg_I_O)         0.096    13.585 f  CPU_pll/inst/clkout1_buf/O
                         net (fo=1077, routed)        2.293    15.878    clock
    SLICE_X52Y96         LUT1 (Prop_lut1_I0_O)        0.124    16.002 r  q_reg_i_6/O
                         net (fo=1, routed)           0.567    16.569    q_reg_i_6_n_0
    BUFGCTRL_X0Y0        BUFG (Prop_bufg_I_O)         0.096    16.665 r  q_reg_i_3/O
                         net (fo=451, routed)         1.617    18.282    CPU/regMWIR/genblk1[29].dff1/clk0
    SLICE_X41Y116        FDCE                                         r  CPU/regMWIR/genblk1[29].dff1/q_reg/C
  -------------------------------------------------------------------    -------------------
    SLICE_X41Y116        FDCE (Prop_fdce_C_Q)         0.456    18.738 r  CPU/regMWIR/genblk1[29].dff1/q_reg/Q
                         net (fo=3, routed)           0.821    19.560    CPU/regMWIR/genblk1[31].dff1/regOutODIR[2]
    SLICE_X40Y118        LUT5 (Prop_lut5_I2_O)        0.124    19.684 r  CPU/regMWIR/genblk1[31].dff1/decoderbig_i_1/O
                         net (fo=68, routed)          1.026    20.710    CPU/MWRSRTRD/genblk1[4].dff1/q_reg_4
    SLICE_X39Y124        LUT3 (Prop_lut3_I1_O)        0.118    20.828 f  CPU/MWRSRTRD/genblk1[4].dff1/q_i_3__72/O
                         net (fo=7, routed)           0.649    21.476    CPU/MWRSRTRD/genblk1[2].dff1/q_reg_36
    SLICE_X30Y124        LUT6 (Prop_lut6_I4_O)        0.326    21.802 r  CPU/MWRSRTRD/genblk1[2].dff1/q_i_1__249/O
                         net (fo=32, routed)          2.301    24.103    RegisterFile/sixth/dff20/q_reg_0
    SLICE_X52Y140        FDRE                                         r  RegisterFile/sixth/dff20/q_reg/CE
  -------------------------------------------------------------------    -------------------

                         (clock clk_out1_CPU_clock rise edge)
                                                     25.000    25.000 r  
    E3                                                0.000    25.000 r  clock_40mhz (IN)
                         net (fo=0)                   0.000    25.000    CPU_pll/inst/clk_in1
    E3                   IBUF (Prop_ibuf_I_O)         1.411    26.411 r  CPU_pll/inst/clkin1_ibufg/O
                         net (fo=1, routed)           1.181    27.592    CPU_pll/inst/clk_in1_CPU_clock
    PLLE2_ADV_X1Y2       PLLE2_ADV (Prop_plle2_adv_CLKIN1_CLKOUT0)
                                                     -3.253    24.339 r  CPU_pll/inst/plle2_adv_inst/CLKOUT0
                         net (fo=1, routed)           1.634    25.973    CPU_pll/inst/clk_out1_CPU_clock
    BUFGCTRL_X0Y16       BUFG (Prop_bufg_I_O)         0.091    26.064 r  CPU_pll/inst/clkout1_buf/O
                         net (fo=1077, routed)        1.486    27.550    RegisterFile/sixth/dff20/clk_out1
    SLICE_X52Y140        FDRE                                         r  RegisterFile/sixth/dff20/q_reg/C
                         clock pessimism              0.020    27.571    
                         clock uncertainty           -0.173    27.398    
    SLICE_X52Y140        FDRE (Setup_fdre_C_CE)      -0.205    27.193    RegisterFile/sixth/dff20/q_reg
  -------------------------------------------------------------------
                         required time                         27.193    
                         arrival time                         -24.103    
  -------------------------------------------------------------------
                         slack                                  3.089    

Slack (MET) :             3.089ns  (required time - arrival time)
  Source:                 CPU/regMWIR/genblk1[29].dff1/q_reg/C
                            (rising edge-triggered cell FDCE clocked by clk_out1_CPU_clock'  {rise@0.000ns fall@12.500ns period=25.000ns})
  Destination:            RegisterFile/sixth/dff21/q_reg/CE
                            (rising edge-triggered cell FDRE clocked by clk_out1_CPU_clock  {rise@0.000ns fall@12.500ns period=25.000ns})
  Path Group:             clk_out1_CPU_clock
  Path Type:              Setup (Max at Slow Process Corner)
  Requirement:            12.500ns  (clk_out1_CPU_clock rise@25.000ns - clk_out1_CPU_clock fall@12.500ns)
  Data Path Delay:        5.821ns  (logic 1.024ns (17.592%)  route 4.797ns (82.408%))
  Logic Levels:           3  (LUT3=1 LUT5=1 LUT6=1)
  Clock Path Skew:        -3.212ns (DCD - SCD + CPR)
    Destination Clock Delay (DCD):    2.550ns = ( 27.550 - 25.000 ) 
    Source Clock Delay      (SCD):    5.782ns = ( 18.282 - 12.500 ) 
    Clock Pessimism Removal (CPR):    0.020ns
  Clock Uncertainty:      0.173ns  ((TSJ^2 + DJ^2)^1/2) / 2 + PE
    Total System Jitter     (TSJ):    0.071ns
    Discrete Jitter          (DJ):    0.338ns
    Phase Error              (PE):    0.000ns

    Location             Delay type                Incr(ns)  Path(ns)    Netlist Resource(s)
  -------------------------------------------------------------------    -------------------
                         (clock clk_out1_CPU_clock fall edge)
                                                     12.500    12.500 f  
    E3                                                0.000    12.500 f  clock_40mhz (IN)
                         net (fo=0)                   0.000    12.500    CPU_pll/inst/clk_in1
    E3                   IBUF (Prop_ibuf_I_O)         1.482    13.982 f  CPU_pll/inst/clkin1_ibufg/O
                         net (fo=1, routed)           1.253    15.235    CPU_pll/inst/clk_in1_CPU_clock
    PLLE2_ADV_X1Y2       PLLE2_ADV (Prop_plle2_adv_CLKIN1_CLKOUT0)
                                                     -3.459    11.776 f  CPU_pll/inst/plle2_adv_inst/CLKOUT0
                         net (fo=1, routed)           1.713    13.489    CPU_pll/inst/clk_out1_CPU_clock
    BUFGCTRL_X0Y16       BUFG (Prop_bufg_I_O)         0.096    13.585 f  CPU_pll/inst/clkout1_buf/O
                         net (fo=1077, routed)        2.293    15.878    clock
    SLICE_X52Y96         LUT1 (Prop_lut1_I0_O)        0.124    16.002 r  q_reg_i_6/O
                         net (fo=1, routed)           0.567    16.569    q_reg_i_6_n_0
    BUFGCTRL_X0Y0        BUFG (Prop_bufg_I_O)         0.096    16.665 r  q_reg_i_3/O
                         net (fo=451, routed)         1.617    18.282    CPU/regMWIR/genblk1[29].dff1/clk0
    SLICE_X41Y116        FDCE                                         r  CPU/regMWIR/genblk1[29].dff1/q_reg/C
  -------------------------------------------------------------------    -------------------
    SLICE_X41Y116        FDCE (Prop_fdce_C_Q)         0.456    18.738 r  CPU/regMWIR/genblk1[29].dff1/q_reg/Q
                         net (fo=3, routed)           0.821    19.560    CPU/regMWIR/genblk1[31].dff1/regOutODIR[2]
    SLICE_X40Y118        LUT5 (Prop_lut5_I2_O)        0.124    19.684 r  CPU/regMWIR/genblk1[31].dff1/decoderbig_i_1/O
                         net (fo=68, routed)          1.026    20.710    CPU/MWRSRTRD/genblk1[4].dff1/q_reg_4
    SLICE_X39Y124        LUT3 (Prop_lut3_I1_O)        0.118    20.828 f  CPU/MWRSRTRD/genblk1[4].dff1/q_i_3__72/O
                         net (fo=7, routed)           0.649    21.476    CPU/MWRSRTRD/genblk1[2].dff1/q_reg_36
    SLICE_X30Y124        LUT6 (Prop_lut6_I4_O)        0.326    21.802 r  CPU/MWRSRTRD/genblk1[2].dff1/q_i_1__249/O
                         net (fo=32, routed)          2.301    24.103    RegisterFile/sixth/dff21/q_reg_0
    SLICE_X52Y140        FDRE                                         r  RegisterFile/sixth/dff21/q_reg/CE
  -------------------------------------------------------------------    -------------------

                         (clock clk_out1_CPU_clock rise edge)
                                                     25.000    25.000 r  
    E3                                                0.000    25.000 r  clock_40mhz (IN)
                         net (fo=0)                   0.000    25.000    CPU_pll/inst/clk_in1
    E3                   IBUF (Prop_ibuf_I_O)         1.411    26.411 r  CPU_pll/inst/clkin1_ibufg/O
                         net (fo=1, routed)           1.181    27.592    CPU_pll/inst/clk_in1_CPU_clock
    PLLE2_ADV_X1Y2       PLLE2_ADV (Prop_plle2_adv_CLKIN1_CLKOUT0)
                                                     -3.253    24.339 r  CPU_pll/inst/plle2_adv_inst/CLKOUT0
                         net (fo=1, routed)           1.634    25.973    CPU_pll/inst/clk_out1_CPU_clock
    BUFGCTRL_X0Y16       BUFG (Prop_bufg_I_O)         0.091    26.064 r  CPU_pll/inst/clkout1_buf/O
                         net (fo=1077, routed)        1.486    27.550    RegisterFile/sixth/dff21/clk_out1
    SLICE_X52Y140        FDRE                                         r  RegisterFile/sixth/dff21/q_reg/C
                         clock pessimism              0.020    27.571    
                         clock uncertainty           -0.173    27.398    
    SLICE_X52Y140        FDRE (Setup_fdre_C_CE)      -0.205    27.193    RegisterFile/sixth/dff21/q_reg
  -------------------------------------------------------------------
                         required time                         27.193    
                         arrival time                         -24.103    
  -------------------------------------------------------------------
                         slack                                  3.089    





Min Delay Paths
--------------------------------------------------------------------------------------
Slack (MET) :             0.126ns  (arrival time - required time)
  Source:                 CPU/regPCABIR/genblk1[24].dff1/q_reg/C
                            (rising edge-triggered cell FDCE clocked by clk_out1_CPU_clock'  {rise@0.000ns fall@12.500ns period=25.000ns})
  Destination:            CPU/regOBIR/genblk1[88].dff1/q_reg/D
                            (rising edge-triggered cell FDCE clocked by clk_out1_CPU_clock'  {rise@0.000ns fall@12.500ns period=25.000ns})
  Path Group:             clk_out1_CPU_clock
  Path Type:              Hold (Min at Fast Process Corner)
  Requirement:            0.000ns  (clk_out1_CPU_clock fall@12.500ns - clk_out1_CPU_clock fall@12.500ns)
  Data Path Delay:        0.512ns  (logic 0.186ns (36.308%)  route 0.326ns (63.692%))
  Logic Levels:           1  (LUT6=1)
  Clock Path Skew:        0.265ns (DCD - SCD - CPR)
    Destination Clock Delay (DCD):    2.349ns = ( 14.849 - 12.500 ) 
    Source Clock Delay      (SCD):    1.761ns = ( 14.261 - 12.500 ) 
    Clock Pessimism Removal (CPR):    0.324ns

    Location             Delay type                Incr(ns)  Path(ns)    Netlist Resource(s)
  -------------------------------------------------------------------    -------------------
                         (clock clk_out1_CPU_clock fall edge)
                                                     12.500    12.500 f  
    E3                                                0.000    12.500 f  clock_40mhz (IN)
                         net (fo=0)                   0.000    12.500    CPU_pll/inst/clk_in1
    E3                   IBUF (Prop_ibuf_I_O)         0.250    12.750 f  CPU_pll/inst/clkin1_ibufg/O
                         net (fo=1, routed)           0.440    13.190    CPU_pll/inst/clk_in1_CPU_clock
    PLLE2_ADV_X1Y2       PLLE2_ADV (Prop_plle2_adv_CLKIN1_CLKOUT0)
                                                     -1.100    12.090 f  CPU_pll/inst/plle2_adv_inst/CLKOUT0
                         net (fo=1, routed)           0.514    12.604    CPU_pll/inst/clk_out1_CPU_clock
    BUFGCTRL_X0Y16       BUFG (Prop_bufg_I_O)         0.026    12.630 f  CPU_pll/inst/clkout1_buf/O
                         net (fo=1077, routed)        0.789    13.420    clock
    SLICE_X52Y96         LUT1 (Prop_lut1_I0_O)        0.045    13.465 r  q_reg_i_6/O
                         net (fo=1, routed)           0.213    13.678    q_reg_i_6_n_0
    BUFGCTRL_X0Y0        BUFG (Prop_bufg_I_O)         0.026    13.704 r  q_reg_i_3/O
                         net (fo=451, routed)         0.557    14.261    CPU/regPCABIR/genblk1[24].dff1/clk0
    SLICE_X57Y115        FDCE                                         r  CPU/regPCABIR/genblk1[24].dff1/q_reg/C
  -------------------------------------------------------------------    -------------------
    SLICE_X57Y115        FDCE (Prop_fdce_C_Q)         0.141    14.402 r  CPU/regPCABIR/genblk1[24].dff1/q_reg/Q
                         net (fo=2, routed)           0.326    14.728    CPU/regPCABIR/genblk1[30].dff1/desired_pen_state[2]
    SLICE_X46Y115        LUT6 (Prop_lut6_I4_O)        0.045    14.773 r  CPU/regPCABIR/genblk1[30].dff1/q_i_1__299/O
                         net (fo=1, routed)           0.000    14.773    CPU/regOBIR/genblk1[88].dff1/DX_aluOut[0]
    SLICE_X46Y115        FDCE                                         r  CPU/regOBIR/genblk1[88].dff1/q_reg/D
  -------------------------------------------------------------------    -------------------

                         (clock clk_out1_CPU_clock fall edge)
                                                     12.500    12.500 f  
    E3                                                0.000    12.500 f  clock_40mhz (IN)
                         net (fo=0)                   0.000    12.500    CPU_pll/inst/clk_in1
    E3                   IBUF (Prop_ibuf_I_O)         0.438    12.938 f  CPU_pll/inst/clkin1_ibufg/O
                         net (fo=1, routed)           0.481    13.419    CPU_pll/inst/clk_in1_CPU_clock
    PLLE2_ADV_X1Y2       PLLE2_ADV (Prop_plle2_adv_CLKIN1_CLKOUT0)
                                                     -1.417    12.002 f  CPU_pll/inst/plle2_adv_inst/CLKOUT0
                         net (fo=1, routed)           0.560    12.561    CPU_pll/inst/clk_out1_CPU_clock
    BUFGCTRL_X0Y16       BUFG (Prop_bufg_I_O)         0.029    12.590 f  CPU_pll/inst/clkout1_buf/O
                         net (fo=1077, routed)        1.110    13.700    clock
    SLICE_X52Y96         LUT1 (Prop_lut1_I0_O)        0.056    13.756 r  q_reg_i_6/O
                         net (fo=1, routed)           0.237    13.994    q_reg_i_6_n_0
    BUFGCTRL_X0Y0        BUFG (Prop_bufg_I_O)         0.029    14.023 r  q_reg_i_3/O
                         net (fo=451, routed)         0.826    14.849    CPU/regOBIR/genblk1[88].dff1/clk0
    SLICE_X46Y115        FDCE                                         r  CPU/regOBIR/genblk1[88].dff1/q_reg/C
                         clock pessimism             -0.324    14.525    
    SLICE_X46Y115        FDCE (Hold_fdce_C_D)         0.121    14.646    CPU/regOBIR/genblk1[88].dff1/q_reg
  -------------------------------------------------------------------
                         required time                        -14.646    
                         arrival time                          14.773    
  -------------------------------------------------------------------
                         slack                                  0.126    

Slack (MET) :             0.132ns  (arrival time - required time)
  Source:                 CPU/regPCIR/genblk1[49].dff1/q_reg/C
                            (rising edge-triggered cell FDCE clocked by clk_out1_CPU_clock'  {rise@0.000ns fall@12.500ns period=25.000ns})
  Destination:            CPU/regPCABIR/genblk1[113].dff1/q_reg/D
                            (rising edge-triggered cell FDCE clocked by clk_out1_CPU_clock'  {rise@0.000ns fall@12.500ns period=25.000ns})
  Path Group:             clk_out1_CPU_clock
  Path Type:              Hold (Min at Fast Process Corner)
  Requirement:            0.000ns  (clk_out1_CPU_clock fall@12.500ns - clk_out1_CPU_clock fall@12.500ns)
  Data Path Delay:        0.237ns  (logic 0.186ns (78.505%)  route 0.051ns (21.496%))
  Logic Levels:           1  (LUT2=1)
  Clock Path Skew:        0.013ns (DCD - SCD - CPR)
    Destination Clock Delay (DCD):    2.349ns = ( 14.849 - 12.500 ) 
    Source Clock Delay      (SCD):    1.762ns = ( 14.262 - 12.500 ) 
    Clock Pessimism Removal (CPR):    0.575ns

    Location             Delay type                Incr(ns)  Path(ns)    Netlist Resource(s)
  -------------------------------------------------------------------    -------------------
                         (clock clk_out1_CPU_clock fall edge)
                                                     12.500    12.500 f  
    E3                                                0.000    12.500 f  clock_40mhz (IN)
                         net (fo=0)                   0.000    12.500    CPU_pll/inst/clk_in1
    E3                   IBUF (Prop_ibuf_I_O)         0.250    12.750 f  CPU_pll/inst/clkin1_ibufg/O
                         net (fo=1, routed)           0.440    13.190    CPU_pll/inst/clk_in1_CPU_clock
    PLLE2_ADV_X1Y2       PLLE2_ADV (Prop_plle2_adv_CLKIN1_CLKOUT0)
                                                     -1.100    12.090 f  CPU_pll/inst/plle2_adv_inst/CLKOUT0
                         net (fo=1, routed)           0.514    12.604    CPU_pll/inst/clk_out1_CPU_clock
    BUFGCTRL_X0Y16       BUFG (Prop_bufg_I_O)         0.026    12.630 f  CPU_pll/inst/clkout1_buf/O
                         net (fo=1077, routed)        0.789    13.420    clock
    SLICE_X52Y96         LUT1 (Prop_lut1_I0_O)        0.045    13.465 r  q_reg_i_6/O
                         net (fo=1, routed)           0.213    13.678    q_reg_i_6_n_0
    BUFGCTRL_X0Y0        BUFG (Prop_bufg_I_O)         0.026    13.704 r  q_reg_i_3/O
                         net (fo=451, routed)         0.558    14.262    CPU/regPCIR/genblk1[49].dff1/clk0
    SLICE_X36Y119        FDCE                                         r  CPU/regPCIR/genblk1[49].dff1/q_reg/C
  -------------------------------------------------------------------    -------------------
    SLICE_X36Y119        FDCE (Prop_fdce_C_Q)         0.141    14.403 r  CPU/regPCIR/genblk1[49].dff1/q_reg/Q
                         net (fo=1, routed)           0.051    14.454    CPU/regPCIR/genblk1[49].dff1/q_reg_n_0
    SLICE_X37Y119        LUT2 (Prop_lut2_I0_O)        0.045    14.499 r  CPU/regPCIR/genblk1[49].dff1/q_i_1__132/O
                         net (fo=1, routed)           0.000    14.499    CPU/regPCABIR/genblk1[113].dff1/regInPCABIR[0]
    SLICE_X37Y119        FDCE                                         r  CPU/regPCABIR/genblk1[113].dff1/q_reg/D
  -------------------------------------------------------------------    -------------------

                         (clock clk_out1_CPU_clock fall edge)
                                                     12.500    12.500 f  
    E3                                                0.000    12.500 f  clock_40mhz (IN)
                         net (fo=0)                   0.000    12.500    CPU_pll/inst/clk_in1
    E3                   IBUF (Prop_ibuf_I_O)         0.438    12.938 f  CPU_pll/inst/clkin1_ibufg/O
                         net (fo=1, routed)           0.481    13.419    CPU_pll/inst/clk_in1_CPU_clock
    PLLE2_ADV_X1Y2       PLLE2_ADV (Prop_plle2_adv_CLKIN1_CLKOUT0)
                                                     -1.417    12.002 f  CPU_pll/inst/plle2_adv_inst/CLKOUT0
                         net (fo=1, routed)           0.560    12.561    CPU_pll/inst/clk_out1_CPU_clock
    BUFGCTRL_X0Y16       BUFG (Prop_bufg_I_O)         0.029    12.590 f  CPU_pll/inst/clkout1_buf/O
                         net (fo=1077, routed)        1.110    13.700    clock
    SLICE_X52Y96         LUT1 (Prop_lut1_I0_O)        0.056    13.756 r  q_reg_i_6/O
                         net (fo=1, routed)           0.237    13.994    q_reg_i_6_n_0
    BUFGCTRL_X0Y0        BUFG (Prop_bufg_I_O)         0.029    14.023 r  q_reg_i_3/O
                         net (fo=451, routed)         0.826    14.849    CPU/regPCABIR/genblk1[113].dff1/clk0
    SLICE_X37Y119        FDCE                                         r  CPU/regPCABIR/genblk1[113].dff1/q_reg/C
                         clock pessimism             -0.575    14.275    
    SLICE_X37Y119        FDCE (Hold_fdce_C_D)         0.092    14.367    CPU/regPCABIR/genblk1[113].dff1/q_reg
  -------------------------------------------------------------------
                         required time                        -14.367    
                         arrival time                          14.499    
  -------------------------------------------------------------------
                         slack                                  0.132    

Slack (MET) :             0.139ns  (arrival time - required time)
  Source:                 CPU/regPCABIR/genblk1[25].dff1/q_reg/C
                            (rising edge-triggered cell FDCE clocked by clk_out1_CPU_clock'  {rise@0.000ns fall@12.500ns period=25.000ns})
  Destination:            CPU/regOBIR/genblk1[89].dff1/q_reg/D
                            (rising edge-triggered cell FDCE clocked by clk_out1_CPU_clock'  {rise@0.000ns fall@12.500ns period=25.000ns})
  Path Group:             clk_out1_CPU_clock
  Path Type:              Hold (Min at Fast Process Corner)
  Requirement:            0.000ns  (clk_out1_CPU_clock fall@12.500ns - clk_out1_CPU_clock fall@12.500ns)
  Data Path Delay:        0.525ns  (logic 0.227ns (43.219%)  route 0.298ns (56.781%))
  Logic Levels:           1  (LUT5=1)
  Clock Path Skew:        0.266ns (DCD - SCD - CPR)
    Destination Clock Delay (DCD):    2.349ns = ( 14.849 - 12.500 ) 
    Source Clock Delay      (SCD):    1.760ns = ( 14.260 - 12.500 ) 
    Clock Pessimism Removal (CPR):    0.324ns

    Location             Delay type                Incr(ns)  Path(ns)    Netlist Resource(s)
  -------------------------------------------------------------------    -------------------
                         (clock clk_out1_CPU_clock fall edge)
                                                     12.500    12.500 f  
    E3                                                0.000    12.500 f  clock_40mhz (IN)
                         net (fo=0)                   0.000    12.500    CPU_pll/inst/clk_in1
    E3                   IBUF (Prop_ibuf_I_O)         0.250    12.750 f  CPU_pll/inst/clkin1_ibufg/O
                         net (fo=1, routed)           0.440    13.190    CPU_pll/inst/clk_in1_CPU_clock
    PLLE2_ADV_X1Y2       PLLE2_ADV (Prop_plle2_adv_CLKIN1_CLKOUT0)
                                                     -1.100    12.090 f  CPU_pll/inst/plle2_adv_inst/CLKOUT0
                         net (fo=1, routed)           0.514    12.604    CPU_pll/inst/clk_out1_CPU_clock
    BUFGCTRL_X0Y16       BUFG (Prop_bufg_I_O)         0.026    12.630 f  CPU_pll/inst/clkout1_buf/O
                         net (fo=1077, routed)        0.789    13.420    clock
    SLICE_X52Y96         LUT1 (Prop_lut1_I0_O)        0.045    13.465 r  q_reg_i_6/O
                         net (fo=1, routed)           0.213    13.678    q_reg_i_6_n_0
    BUFGCTRL_X0Y0        BUFG (Prop_bufg_I_O)         0.026    13.704 r  q_reg_i_3/O
                         net (fo=451, routed)         0.556    14.260    CPU/regPCABIR/genblk1[25].dff1/clk0
    SLICE_X55Y115        FDCE                                         r  CPU/regPCABIR/genblk1[25].dff1/q_reg/C
  -------------------------------------------------------------------    -------------------
    SLICE_X55Y115        FDCE (Prop_fdce_C_Q)         0.128    14.388 r  CPU/regPCABIR/genblk1[25].dff1/q_reg/Q
                         net (fo=2, routed)           0.298    14.686    CPU/regPCABIR/genblk1[30].dff1/q_reg_161[0]
    SLICE_X46Y115        LUT5 (Prop_lut5_I3_O)        0.099    14.785 r  CPU/regPCABIR/genblk1[30].dff1/q_i_1__165/O
                         net (fo=1, routed)           0.000    14.785    CPU/regOBIR/genblk1[89].dff1/DX_aluOut[0]
    SLICE_X46Y115        FDCE                                         r  CPU/regOBIR/genblk1[89].dff1/q_reg/D
  -------------------------------------------------------------------    -------------------

                         (clock clk_out1_CPU_clock fall edge)
                                                     12.500    12.500 f  
    E3                                                0.000    12.500 f  clock_40mhz (IN)
                         net (fo=0)                   0.000    12.500    CPU_pll/inst/clk_in1
    E3                   IBUF (Prop_ibuf_I_O)         0.438    12.938 f  CPU_pll/inst/clkin1_ibufg/O
                         net (fo=1, routed)           0.481    13.419    CPU_pll/inst/clk_in1_CPU_clock
    PLLE2_ADV_X1Y2       PLLE2_ADV (Prop_plle2_adv_CLKIN1_CLKOUT0)
                                                     -1.417    12.002 f  CPU_pll/inst/plle2_adv_inst/CLKOUT0
                         net (fo=1, routed)           0.560    12.561    CPU_pll/inst/clk_out1_CPU_clock
    BUFGCTRL_X0Y16       BUFG (Prop_bufg_I_O)         0.029    12.590 f  CPU_pll/inst/clkout1_buf/O
                         net (fo=1077, routed)        1.110    13.700    clock
    SLICE_X52Y96         LUT1 (Prop_lut1_I0_O)        0.056    13.756 r  q_reg_i_6/O
                         net (fo=1, routed)           0.237    13.994    q_reg_i_6_n_0
    BUFGCTRL_X0Y0        BUFG (Prop_bufg_I_O)         0.029    14.023 r  q_reg_i_3/O
                         net (fo=451, routed)         0.826    14.849    CPU/regOBIR/genblk1[89].dff1/clk0
    SLICE_X46Y115        FDCE                                         r  CPU/regOBIR/genblk1[89].dff1/q_reg/C
                         clock pessimism             -0.324    14.525    
    SLICE_X46Y115        FDCE (Hold_fdce_C_D)         0.120    14.645    CPU/regOBIR/genblk1[89].dff1/q_reg
  -------------------------------------------------------------------
                         required time                        -14.645    
                         arrival time                          14.785    
  -------------------------------------------------------------------
                         slack                                  0.139    

Slack (MET) :             0.140ns  (arrival time - required time)
  Source:                 CPU/pcreg/genblk1[27].dff1/q_reg/C
                            (rising edge-triggered cell FDCE clocked by clk_out1_CPU_clock'  {rise@0.000ns fall@12.500ns period=25.000ns})
  Destination:            CPU/regPCIR/genblk1[60].dff1/q_reg/D
                            (rising edge-triggered cell FDCE clocked by clk_out1_CPU_clock'  {rise@0.000ns fall@12.500ns period=25.000ns})
  Path Group:             clk_out1_CPU_clock
  Path Type:              Hold (Min at Fast Process Corner)
  Requirement:            0.000ns  (clk_out1_CPU_clock fall@12.500ns - clk_out1_CPU_clock fall@12.500ns)
  Data Path Delay:        0.274ns  (logic 0.186ns (67.824%)  route 0.088ns (32.176%))
  Logic Levels:           1  (LUT6=1)
  Clock Path Skew:        0.013ns (DCD - SCD - CPR)
    Destination Clock Delay (DCD):    2.353ns = ( 14.853 - 12.500 ) 
    Source Clock Delay      (SCD):    1.766ns = ( 14.266 - 12.500 ) 
    Clock Pessimism Removal (CPR):    0.575ns

    Location             Delay type                Incr(ns)  Path(ns)    Netlist Resource(s)
  -------------------------------------------------------------------    -------------------
                         (clock clk_out1_CPU_clock fall edge)
                                                     12.500    12.500 f  
    E3                                                0.000    12.500 f  clock_40mhz (IN)
                         net (fo=0)                   0.000    12.500    CPU_pll/inst/clk_in1
    E3                   IBUF (Prop_ibuf_I_O)         0.250    12.750 f  CPU_pll/inst/clkin1_ibufg/O
                         net (fo=1, routed)           0.440    13.190    CPU_pll/inst/clk_in1_CPU_clock
    PLLE2_ADV_X1Y2       PLLE2_ADV (Prop_plle2_adv_CLKIN1_CLKOUT0)
                                                     -1.100    12.090 f  CPU_pll/inst/plle2_adv_inst/CLKOUT0
                         net (fo=1, routed)           0.514    12.604    CPU_pll/inst/clk_out1_CPU_clock
    BUFGCTRL_X0Y16       BUFG (Prop_bufg_I_O)         0.026    12.630 f  CPU_pll/inst/clkout1_buf/O
                         net (fo=1077, routed)        0.789    13.420    clock
    SLICE_X52Y96         LUT1 (Prop_lut1_I0_O)        0.045    13.465 r  q_reg_i_6/O
                         net (fo=1, routed)           0.213    13.678    q_reg_i_6_n_0
    BUFGCTRL_X0Y0        BUFG (Prop_bufg_I_O)         0.026    13.704 r  q_reg_i_3/O
                         net (fo=451, routed)         0.562    14.266    CPU/pcreg/genblk1[27].dff1/clk0
    SLICE_X35Y115        FDCE                                         r  CPU/pcreg/genblk1[27].dff1/q_reg/C
  -------------------------------------------------------------------    -------------------
    SLICE_X35Y115        FDCE (Prop_fdce_C_Q)         0.141    14.407 r  CPU/pcreg/genblk1[27].dff1/q_reg/Q
                         net (fo=7, routed)           0.088    14.495    CPU/pcreg/genblk1[28].dff1/q_reg_4
    SLICE_X34Y115        LUT6 (Prop_lut6_I3_O)        0.045    14.540 r  CPU/pcreg/genblk1[28].dff1/q_i_1__23/O
                         net (fo=1, routed)           0.000    14.540    CPU/regPCIR/genblk1[60].dff1/regInPCIR[0]
    SLICE_X34Y115        FDCE                                         r  CPU/regPCIR/genblk1[60].dff1/q_reg/D
  -------------------------------------------------------------------    -------------------

                         (clock clk_out1_CPU_clock fall edge)
                                                     12.500    12.500 f  
    E3                                                0.000    12.500 f  clock_40mhz (IN)
                         net (fo=0)                   0.000    12.500    CPU_pll/inst/clk_in1
    E3                   IBUF (Prop_ibuf_I_O)         0.438    12.938 f  CPU_pll/inst/clkin1_ibufg/O
                         net (fo=1, routed)           0.481    13.419    CPU_pll/inst/clk_in1_CPU_clock
    PLLE2_ADV_X1Y2       PLLE2_ADV (Prop_plle2_adv_CLKIN1_CLKOUT0)
                                                     -1.417    12.002 f  CPU_pll/inst/plle2_adv_inst/CLKOUT0
                         net (fo=1, routed)           0.560    12.561    CPU_pll/inst/clk_out1_CPU_clock
    BUFGCTRL_X0Y16       BUFG (Prop_bufg_I_O)         0.029    12.590 f  CPU_pll/inst/clkout1_buf/O
                         net (fo=1077, routed)        1.110    13.700    clock
    SLICE_X52Y96         LUT1 (Prop_lut1_I0_O)        0.056    13.756 r  q_reg_i_6/O
                         net (fo=1, routed)           0.237    13.994    q_reg_i_6_n_0
    BUFGCTRL_X0Y0        BUFG (Prop_bufg_I_O)         0.029    14.023 r  q_reg_i_3/O
                         net (fo=451, routed)         0.831    14.853    CPU/regPCIR/genblk1[60].dff1/clk0
    SLICE_X34Y115        FDCE                                         r  CPU/regPCIR/genblk1[60].dff1/q_reg/C
                         clock pessimism             -0.575    14.279    
    SLICE_X34Y115        FDCE (Hold_fdce_C_D)         0.121    14.400    CPU/regPCIR/genblk1[60].dff1/q_reg
  -------------------------------------------------------------------
                         required time                        -14.400    
                         arrival time                          14.540    
  -------------------------------------------------------------------
                         slack                                  0.140    

Slack (MET) :             0.143ns  (arrival time - required time)
  Source:                 CPU/DXRSRTRD/genblk1[4].dff1/q_reg/C
                            (rising edge-triggered cell FDCE clocked by clk_out1_CPU_clock'  {rise@0.000ns fall@12.500ns period=25.000ns})
  Destination:            CPU/XMRSRTRD/genblk1[4].dff1/q_reg/D
                            (rising edge-triggered cell FDCE clocked by clk_out1_CPU_clock'  {rise@0.000ns fall@12.500ns period=25.000ns})
  Path Group:             clk_out1_CPU_clock
  Path Type:              Hold (Min at Fast Process Corner)
  Requirement:            0.000ns  (clk_out1_CPU_clock fall@12.500ns - clk_out1_CPU_clock fall@12.500ns)
  Data Path Delay:        0.540ns  (logic 0.184ns (34.081%)  route 0.356ns (65.919%))
  Logic Levels:           1  (LUT2=1)
  Clock Path Skew:        0.266ns (DCD - SCD - CPR)
    Destination Clock Delay (DCD):    2.349ns = ( 14.849 - 12.500 ) 
    Source Clock Delay      (SCD):    1.760ns = ( 14.260 - 12.500 ) 
    Clock Pessimism Removal (CPR):    0.324ns

    Location             Delay type                Incr(ns)  Path(ns)    Netlist Resource(s)
  -------------------------------------------------------------------    -------------------
                         (clock clk_out1_CPU_clock fall edge)
                                                     12.500    12.500 f  
    E3                                                0.000    12.500 f  clock_40mhz (IN)
                         net (fo=0)                   0.000    12.500    CPU_pll/inst/clk_in1
    E3                   IBUF (Prop_ibuf_I_O)         0.250    12.750 f  CPU_pll/inst/clkin1_ibufg/O
                         net (fo=1, routed)           0.440    13.190    CPU_pll/inst/clk_in1_CPU_clock
    PLLE2_ADV_X1Y2       PLLE2_ADV (Prop_plle2_adv_CLKIN1_CLKOUT0)
                                                     -1.100    12.090 f  CPU_pll/inst/plle2_adv_inst/CLKOUT0
                         net (fo=1, routed)           0.514    12.604    CPU_pll/inst/clk_out1_CPU_clock
    BUFGCTRL_X0Y16       BUFG (Prop_bufg_I_O)         0.026    12.630 f  CPU_pll/inst/clkout1_buf/O
                         net (fo=1077, routed)        0.789    13.420    clock
    SLICE_X52Y96         LUT1 (Prop_lut1_I0_O)        0.045    13.465 r  q_reg_i_6/O
                         net (fo=1, routed)           0.213    13.678    q_reg_i_6_n_0
    BUFGCTRL_X0Y0        BUFG (Prop_bufg_I_O)         0.026    13.704 r  q_reg_i_3/O
                         net (fo=451, routed)         0.556    14.260    CPU/DXRSRTRD/genblk1[4].dff1/clk0
    SLICE_X53Y115        FDCE                                         r  CPU/DXRSRTRD/genblk1[4].dff1/q_reg/C
  -------------------------------------------------------------------    -------------------
    SLICE_X53Y115        FDCE (Prop_fdce_C_Q)         0.141    14.401 r  CPU/DXRSRTRD/genblk1[4].dff1/q_reg/Q
                         net (fo=3, routed)           0.356    14.757    CPU/regPCABIR/genblk1[30].dff1/DX_rd[3]
    SLICE_X42Y116        LUT2 (Prop_lut2_I1_O)        0.043    14.800 r  CPU/regPCABIR/genblk1[30].dff1/q_i_1__169/O
                         net (fo=1, routed)           0.000    14.800    CPU/XMRSRTRD/genblk1[4].dff1/overflowornotrd[0]
    SLICE_X42Y116        FDCE                                         r  CPU/XMRSRTRD/genblk1[4].dff1/q_reg/D
  -------------------------------------------------------------------    -------------------

                         (clock clk_out1_CPU_clock fall edge)
                                                     12.500    12.500 f  
    E3                                                0.000    12.500 f  clock_40mhz (IN)
                         net (fo=0)                   0.000    12.500    CPU_pll/inst/clk_in1
    E3                   IBUF (Prop_ibuf_I_O)         0.438    12.938 f  CPU_pll/inst/clkin1_ibufg/O
                         net (fo=1, routed)           0.481    13.419    CPU_pll/inst/clk_in1_CPU_clock
    PLLE2_ADV_X1Y2       PLLE2_ADV (Prop_plle2_adv_CLKIN1_CLKOUT0)
                                                     -1.417    12.002 f  CPU_pll/inst/plle2_adv_inst/CLKOUT0
                         net (fo=1, routed)           0.560    12.561    CPU_pll/inst/clk_out1_CPU_clock
    BUFGCTRL_X0Y16       BUFG (Prop_bufg_I_O)         0.029    12.590 f  CPU_pll/inst/clkout1_buf/O
                         net (fo=1077, routed)        1.110    13.700    clock
    SLICE_X52Y96         LUT1 (Prop_lut1_I0_O)        0.056    13.756 r  q_reg_i_6/O
                         net (fo=1, routed)           0.237    13.994    q_reg_i_6_n_0
    BUFGCTRL_X0Y0        BUFG (Prop_bufg_I_O)         0.029    14.023 r  q_reg_i_3/O
                         net (fo=451, routed)         0.826    14.849    CPU/XMRSRTRD/genblk1[4].dff1/clk0
    SLICE_X42Y116        FDCE                                         r  CPU/XMRSRTRD/genblk1[4].dff1/q_reg/C
                         clock pessimism             -0.324    14.525    
    SLICE_X42Y116        FDCE (Hold_fdce_C_D)         0.131    14.656    CPU/XMRSRTRD/genblk1[4].dff1/q_reg
  -------------------------------------------------------------------
                         required time                        -14.656    
                         arrival time                          14.800    
  -------------------------------------------------------------------
                         slack                                  0.143    

Slack (MET) :             0.143ns  (arrival time - required time)
  Source:                 CPU/pcreg/genblk1[27].dff1/q_reg/C
                            (rising edge-triggered cell FDCE clocked by clk_out1_CPU_clock'  {rise@0.000ns fall@12.500ns period=25.000ns})
  Destination:            CPU/regPCIR/genblk1[59].dff1/q_reg/D
                            (rising edge-triggered cell FDCE clocked by clk_out1_CPU_clock'  {rise@0.000ns fall@12.500ns period=25.000ns})
  Path Group:             clk_out1_CPU_clock
  Path Type:              Hold (Min at Fast Process Corner)
  Requirement:            0.000ns  (clk_out1_CPU_clock fall@12.500ns - clk_out1_CPU_clock fall@12.500ns)
  Data Path Delay:        0.276ns  (logic 0.186ns (67.333%)  route 0.090ns (32.667%))
  Logic Levels:           1  (LUT5=1)
  Clock Path Skew:        0.013ns (DCD - SCD - CPR)
    Destination Clock Delay (DCD):    2.353ns = ( 14.853 - 12.500 ) 
    Source Clock Delay      (SCD):    1.766ns = ( 14.266 - 12.500 ) 
    Clock Pessimism Removal (CPR):    0.575ns

    Location             Delay type                Incr(ns)  Path(ns)    Netlist Resource(s)
  -------------------------------------------------------------------    -------------------
                         (clock clk_out1_CPU_clock fall edge)
                                                     12.500    12.500 f  
    E3                                                0.000    12.500 f  clock_40mhz (IN)
                         net (fo=0)                   0.000    12.500    CPU_pll/inst/clk_in1
    E3                   IBUF (Prop_ibuf_I_O)         0.250    12.750 f  CPU_pll/inst/clkin1_ibufg/O
                         net (fo=1, routed)           0.440    13.190    CPU_pll/inst/clk_in1_CPU_clock
    PLLE2_ADV_X1Y2       PLLE2_ADV (Prop_plle2_adv_CLKIN1_CLKOUT0)
                                                     -1.100    12.090 f  CPU_pll/inst/plle2_adv_inst/CLKOUT0
                         net (fo=1, routed)           0.514    12.604    CPU_pll/inst/clk_out1_CPU_clock
    BUFGCTRL_X0Y16       BUFG (Prop_bufg_I_O)         0.026    12.630 f  CPU_pll/inst/clkout1_buf/O
                         net (fo=1077, routed)        0.789    13.420    clock
    SLICE_X52Y96         LUT1 (Prop_lut1_I0_O)        0.045    13.465 r  q_reg_i_6/O
                         net (fo=1, routed)           0.213    13.678    q_reg_i_6_n_0
    BUFGCTRL_X0Y0        BUFG (Prop_bufg_I_O)         0.026    13.704 r  q_reg_i_3/O
                         net (fo=451, routed)         0.562    14.266    CPU/pcreg/genblk1[27].dff1/clk0
    SLICE_X35Y115        FDCE                                         r  CPU/pcreg/genblk1[27].dff1/q_reg/C
  -------------------------------------------------------------------    -------------------
    SLICE_X35Y115        FDCE (Prop_fdce_C_Q)         0.141    14.407 r  CPU/pcreg/genblk1[27].dff1/q_reg/Q
                         net (fo=7, routed)           0.090    14.497    CPU/pcreg/genblk1[27].dff1/q_reg_0
    SLICE_X34Y115        LUT5 (Prop_lut5_I0_O)        0.045    14.542 r  CPU/pcreg/genblk1[27].dff1/q_i_1__25/O
                         net (fo=1, routed)           0.000    14.542    CPU/regPCIR/genblk1[59].dff1/regInPCIR[0]
    SLICE_X34Y115        FDCE                                         r  CPU/regPCIR/genblk1[59].dff1/q_reg/D
  -------------------------------------------------------------------    -------------------

                         (clock clk_out1_CPU_clock fall edge)
                                                     12.500    12.500 f  
    E3                                                0.000    12.500 f  clock_40mhz (IN)
                         net (fo=0)                   0.000    12.500    CPU_pll/inst/clk_in1
    E3                   IBUF (Prop_ibuf_I_O)         0.438    12.938 f  CPU_pll/inst/clkin1_ibufg/O
                         net (fo=1, routed)           0.481    13.419    CPU_pll/inst/clk_in1_CPU_clock
    PLLE2_ADV_X1Y2       PLLE2_ADV (Prop_plle2_adv_CLKIN1_CLKOUT0)
                                                     -1.417    12.002 f  CPU_pll/inst/plle2_adv_inst/CLKOUT0
                         net (fo=1, routed)           0.560    12.561    CPU_pll/inst/clk_out1_CPU_clock
    BUFGCTRL_X0Y16       BUFG (Prop_bufg_I_O)         0.029    12.590 f  CPU_pll/inst/clkout1_buf/O
                         net (fo=1077, routed)        1.110    13.700    clock
    SLICE_X52Y96         LUT1 (Prop_lut1_I0_O)        0.056    13.756 r  q_reg_i_6/O
                         net (fo=1, routed)           0.237    13.994    q_reg_i_6_n_0
    BUFGCTRL_X0Y0        BUFG (Prop_bufg_I_O)         0.029    14.023 r  q_reg_i_3/O
                         net (fo=451, routed)         0.831    14.853    CPU/regPCIR/genblk1[59].dff1/clk0
    SLICE_X34Y115        FDCE                                         r  CPU/regPCIR/genblk1[59].dff1/q_reg/C
                         clock pessimism             -0.575    14.279    
    SLICE_X34Y115        FDCE (Hold_fdce_C_D)         0.120    14.399    CPU/regPCIR/genblk1[59].dff1/q_reg
  -------------------------------------------------------------------
                         required time                        -14.399    
                         arrival time                          14.542    
  -------------------------------------------------------------------
                         slack                                  0.143    

Slack (MET) :             0.168ns  (arrival time - required time)
  Source:                 CPU/regPCIR/genblk1[48].dff1/q_reg/C
                            (rising edge-triggered cell FDCE clocked by clk_out1_CPU_clock'  {rise@0.000ns fall@12.500ns period=25.000ns})
  Destination:            CPU/regPCABIR/genblk1[112].dff1/q_reg/D
                            (rising edge-triggered cell FDCE clocked by clk_out1_CPU_clock'  {rise@0.000ns fall@12.500ns period=25.000ns})
  Path Group:             clk_out1_CPU_clock
  Path Type:              Hold (Min at Fast Process Corner)
  Requirement:            0.000ns  (clk_out1_CPU_clock fall@12.500ns - clk_out1_CPU_clock fall@12.500ns)
  Data Path Delay:        0.273ns  (logic 0.186ns (68.212%)  route 0.087ns (31.788%))
  Logic Levels:           1  (LUT2=1)
  Clock Path Skew:        0.013ns (DCD - SCD - CPR)
    Destination Clock Delay (DCD):    2.349ns = ( 14.849 - 12.500 ) 
    Source Clock Delay      (SCD):    1.762ns = ( 14.262 - 12.500 ) 
    Clock Pessimism Removal (CPR):    0.575ns

    Location             Delay type                Incr(ns)  Path(ns)    Netlist Resource(s)
  -------------------------------------------------------------------    -------------------
                         (clock clk_out1_CPU_clock fall edge)
                                                     12.500    12.500 f  
    E3                                                0.000    12.500 f  clock_40mhz (IN)
                         net (fo=0)                   0.000    12.500    CPU_pll/inst/clk_in1
    E3                   IBUF (Prop_ibuf_I_O)         0.250    12.750 f  CPU_pll/inst/clkin1_ibufg/O
                         net (fo=1, routed)           0.440    13.190    CPU_pll/inst/clk_in1_CPU_clock
    PLLE2_ADV_X1Y2       PLLE2_ADV (Prop_plle2_adv_CLKIN1_CLKOUT0)
                                                     -1.100    12.090 f  CPU_pll/inst/plle2_adv_inst/CLKOUT0
                         net (fo=1, routed)           0.514    12.604    CPU_pll/inst/clk_out1_CPU_clock
    BUFGCTRL_X0Y16       BUFG (Prop_bufg_I_O)         0.026    12.630 f  CPU_pll/inst/clkout1_buf/O
                         net (fo=1077, routed)        0.789    13.420    clock
    SLICE_X52Y96         LUT1 (Prop_lut1_I0_O)        0.045    13.465 r  q_reg_i_6/O
                         net (fo=1, routed)           0.213    13.678    q_reg_i_6_n_0
    BUFGCTRL_X0Y0        BUFG (Prop_bufg_I_O)         0.026    13.704 r  q_reg_i_3/O
                         net (fo=451, routed)         0.558    14.262    CPU/regPCIR/genblk1[48].dff1/clk0
    SLICE_X36Y119        FDCE                                         r  CPU/regPCIR/genblk1[48].dff1/q_reg/C
  -------------------------------------------------------------------    -------------------
    SLICE_X36Y119        FDCE (Prop_fdce_C_Q)         0.141    14.403 r  CPU/regPCIR/genblk1[48].dff1/q_reg/Q
                         net (fo=1, routed)           0.087    14.489    CPU/regPCIR/genblk1[48].dff1/q_reg_n_0
    SLICE_X37Y119        LUT2 (Prop_lut2_I0_O)        0.045    14.534 r  CPU/regPCIR/genblk1[48].dff1/q_i_1__131/O
                         net (fo=1, routed)           0.000    14.534    CPU/regPCABIR/genblk1[112].dff1/regInPCABIR[0]
    SLICE_X37Y119        FDCE                                         r  CPU/regPCABIR/genblk1[112].dff1/q_reg/D
  -------------------------------------------------------------------    -------------------

                         (clock clk_out1_CPU_clock fall edge)
                                                     12.500    12.500 f  
    E3                                                0.000    12.500 f  clock_40mhz (IN)
                         net (fo=0)                   0.000    12.500    CPU_pll/inst/clk_in1
    E3                   IBUF (Prop_ibuf_I_O)         0.438    12.938 f  CPU_pll/inst/clkin1_ibufg/O
                         net (fo=1, routed)           0.481    13.419    CPU_pll/inst/clk_in1_CPU_clock
    PLLE2_ADV_X1Y2       PLLE2_ADV (Prop_plle2_adv_CLKIN1_CLKOUT0)
                                                     -1.417    12.002 f  CPU_pll/inst/plle2_adv_inst/CLKOUT0
                         net (fo=1, routed)           0.560    12.561    CPU_pll/inst/clk_out1_CPU_clock
    BUFGCTRL_X0Y16       BUFG (Prop_bufg_I_O)         0.029    12.590 f  CPU_pll/inst/clkout1_buf/O
                         net (fo=1077, routed)        1.110    13.700    clock
    SLICE_X52Y96         LUT1 (Prop_lut1_I0_O)        0.056    13.756 r  q_reg_i_6/O
                         net (fo=1, routed)           0.237    13.994    q_reg_i_6_n_0
    BUFGCTRL_X0Y0        BUFG (Prop_bufg_I_O)         0.029    14.023 r  q_reg_i_3/O
                         net (fo=451, routed)         0.826    14.849    CPU/regPCABIR/genblk1[112].dff1/clk0
    SLICE_X37Y119        FDCE                                         r  CPU/regPCABIR/genblk1[112].dff1/q_reg/C
                         clock pessimism             -0.575    14.275    
    SLICE_X37Y119        FDCE (Hold_fdce_C_D)         0.092    14.367    CPU/regPCABIR/genblk1[112].dff1/q_reg
  -------------------------------------------------------------------
                         required time                        -14.367    
                         arrival time                          14.534    
  -------------------------------------------------------------------
                         slack                                  0.168    

Slack (MET) :             0.168ns  (arrival time - required time)
  Source:                 CPU/regPCIR/genblk1[37].dff1/q_reg/C
                            (rising edge-triggered cell FDCE clocked by clk_out1_CPU_clock'  {rise@0.000ns fall@12.500ns period=25.000ns})
  Destination:            CPU/regPCABIR/genblk1[101].dff1/q_reg/D
                            (rising edge-triggered cell FDCE clocked by clk_out1_CPU_clock'  {rise@0.000ns fall@12.500ns period=25.000ns})
  Path Group:             clk_out1_CPU_clock
  Path Type:              Hold (Min at Fast Process Corner)
  Requirement:            0.000ns  (clk_out1_CPU_clock fall@12.500ns - clk_out1_CPU_clock fall@12.500ns)
  Data Path Delay:        0.273ns  (logic 0.186ns (68.212%)  route 0.087ns (31.788%))
  Logic Levels:           1  (LUT2=1)
  Clock Path Skew:        0.013ns (DCD - SCD - CPR)
    Destination Clock Delay (DCD):    2.358ns = ( 14.858 - 12.500 ) 
    Source Clock Delay      (SCD):    1.769ns = ( 14.269 - 12.500 ) 
    Clock Pessimism Removal (CPR):    0.577ns

    Location             Delay type                Incr(ns)  Path(ns)    Netlist Resource(s)
  -------------------------------------------------------------------    -------------------
                         (clock clk_out1_CPU_clock fall edge)
                                                     12.500    12.500 f  
    E3                                                0.000    12.500 f  clock_40mhz (IN)
                         net (fo=0)                   0.000    12.500    CPU_pll/inst/clk_in1
    E3                   IBUF (Prop_ibuf_I_O)         0.250    12.750 f  CPU_pll/inst/clkin1_ibufg/O
                         net (fo=1, routed)           0.440    13.190    CPU_pll/inst/clk_in1_CPU_clock
    PLLE2_ADV_X1Y2       PLLE2_ADV (Prop_plle2_adv_CLKIN1_CLKOUT0)
                                                     -1.100    12.090 f  CPU_pll/inst/plle2_adv_inst/CLKOUT0
                         net (fo=1, routed)           0.514    12.604    CPU_pll/inst/clk_out1_CPU_clock
    BUFGCTRL_X0Y16       BUFG (Prop_bufg_I_O)         0.026    12.630 f  CPU_pll/inst/clkout1_buf/O
                         net (fo=1077, routed)        0.789    13.420    clock
    SLICE_X52Y96         LUT1 (Prop_lut1_I0_O)        0.045    13.465 r  q_reg_i_6/O
                         net (fo=1, routed)           0.213    13.678    q_reg_i_6_n_0
    BUFGCTRL_X0Y0        BUFG (Prop_bufg_I_O)         0.026    13.704 r  q_reg_i_3/O
                         net (fo=451, routed)         0.565    14.269    CPU/regPCIR/genblk1[37].dff1/clk0
    SLICE_X36Y109        FDCE                                         r  CPU/regPCIR/genblk1[37].dff1/q_reg/C
  -------------------------------------------------------------------    -------------------
    SLICE_X36Y109        FDCE (Prop_fdce_C_Q)         0.141    14.410 r  CPU/regPCIR/genblk1[37].dff1/q_reg/Q
                         net (fo=1, routed)           0.087    14.496    CPU/regPCIR/genblk1[37].dff1/q_reg_n_0
    SLICE_X37Y109        LUT2 (Prop_lut2_I0_O)        0.045    14.541 r  CPU/regPCIR/genblk1[37].dff1/q_i_1__120/O
                         net (fo=1, routed)           0.000    14.541    CPU/regPCABIR/genblk1[101].dff1/regInPCABIR[0]
    SLICE_X37Y109        FDCE                                         r  CPU/regPCABIR/genblk1[101].dff1/q_reg/D
  -------------------------------------------------------------------    -------------------

                         (clock clk_out1_CPU_clock fall edge)
                                                     12.500    12.500 f  
    E3                                                0.000    12.500 f  clock_40mhz (IN)
                         net (fo=0)                   0.000    12.500    CPU_pll/inst/clk_in1
    E3                   IBUF (Prop_ibuf_I_O)         0.438    12.938 f  CPU_pll/inst/clkin1_ibufg/O
                         net (fo=1, routed)           0.481    13.419    CPU_pll/inst/clk_in1_CPU_clock
    PLLE2_ADV_X1Y2       PLLE2_ADV (Prop_plle2_adv_CLKIN1_CLKOUT0)
                                                     -1.417    12.002 f  CPU_pll/inst/plle2_adv_inst/CLKOUT0
                         net (fo=1, routed)           0.560    12.561    CPU_pll/inst/clk_out1_CPU_clock
    BUFGCTRL_X0Y16       BUFG (Prop_bufg_I_O)         0.029    12.590 f  CPU_pll/inst/clkout1_buf/O
                         net (fo=1077, routed)        1.110    13.700    clock
    SLICE_X52Y96         LUT1 (Prop_lut1_I0_O)        0.056    13.756 r  q_reg_i_6/O
                         net (fo=1, routed)           0.237    13.994    q_reg_i_6_n_0
    BUFGCTRL_X0Y0        BUFG (Prop_bufg_I_O)         0.029    14.023 r  q_reg_i_3/O
                         net (fo=451, routed)         0.836    14.858    CPU/regPCABIR/genblk1[101].dff1/clk0
    SLICE_X37Y109        FDCE                                         r  CPU/regPCABIR/genblk1[101].dff1/q_reg/C
                         clock pessimism             -0.577    14.282    
    SLICE_X37Y109        FDCE (Hold_fdce_C_D)         0.092    14.374    CPU/regPCABIR/genblk1[101].dff1/q_reg
  -------------------------------------------------------------------
                         required time                        -14.374    
                         arrival time                          14.541    
  -------------------------------------------------------------------
                         slack                                  0.168    

Slack (MET) :             0.168ns  (arrival time - required time)
  Source:                 CPU/regPCIR/genblk1[2].dff1/q_reg/C
                            (rising edge-triggered cell FDCE clocked by clk_out1_CPU_clock'  {rise@0.000ns fall@12.500ns period=25.000ns})
  Destination:            CPU/regPCABIR/genblk1[2].dff1/q_reg/D
                            (rising edge-triggered cell FDCE clocked by clk_out1_CPU_clock'  {rise@0.000ns fall@12.500ns period=25.000ns})
  Path Group:             clk_out1_CPU_clock
  Path Type:              Hold (Min at Fast Process Corner)
  Requirement:            0.000ns  (clk_out1_CPU_clock fall@12.500ns - clk_out1_CPU_clock fall@12.500ns)
  Data Path Delay:        0.272ns  (logic 0.186ns (68.463%)  route 0.086ns (31.537%))
  Logic Levels:           1  (LUT2=1)
  Clock Path Skew:        0.013ns (DCD - SCD - CPR)
    Destination Clock Delay (DCD):    2.358ns = ( 14.858 - 12.500 ) 
    Source Clock Delay      (SCD):    1.769ns = ( 14.269 - 12.500 ) 
    Clock Pessimism Removal (CPR):    0.577ns

    Location             Delay type                Incr(ns)  Path(ns)    Netlist Resource(s)
  -------------------------------------------------------------------    -------------------
                         (clock clk_out1_CPU_clock fall edge)
                                                     12.500    12.500 f  
    E3                                                0.000    12.500 f  clock_40mhz (IN)
                         net (fo=0)                   0.000    12.500    CPU_pll/inst/clk_in1
    E3                   IBUF (Prop_ibuf_I_O)         0.250    12.750 f  CPU_pll/inst/clkin1_ibufg/O
                         net (fo=1, routed)           0.440    13.190    CPU_pll/inst/clk_in1_CPU_clock
    PLLE2_ADV_X1Y2       PLLE2_ADV (Prop_plle2_adv_CLKIN1_CLKOUT0)
                                                     -1.100    12.090 f  CPU_pll/inst/plle2_adv_inst/CLKOUT0
                         net (fo=1, routed)           0.514    12.604    CPU_pll/inst/clk_out1_CPU_clock
    BUFGCTRL_X0Y16       BUFG (Prop_bufg_I_O)         0.026    12.630 f  CPU_pll/inst/clkout1_buf/O
                         net (fo=1077, routed)        0.789    13.420    clock
    SLICE_X52Y96         LUT1 (Prop_lut1_I0_O)        0.045    13.465 r  q_reg_i_6/O
                         net (fo=1, routed)           0.213    13.678    q_reg_i_6_n_0
    BUFGCTRL_X0Y0        BUFG (Prop_bufg_I_O)         0.026    13.704 r  q_reg_i_3/O
                         net (fo=451, routed)         0.565    14.269    CPU/regPCIR/genblk1[2].dff1/clk0
    SLICE_X36Y108        FDCE                                         r  CPU/regPCIR/genblk1[2].dff1/q_reg/C
  -------------------------------------------------------------------    -------------------
    SLICE_X36Y108        FDCE (Prop_fdce_C_Q)         0.141    14.410 r  CPU/regPCIR/genblk1[2].dff1/q_reg/Q
                         net (fo=1, routed)           0.086    14.495    CPU/regPCIR/genblk1[2].dff1/q_reg_n_0
    SLICE_X37Y108        LUT2 (Prop_lut2_I0_O)        0.045    14.540 r  CPU/regPCIR/genblk1[2].dff1/q_i_1__93/O
                         net (fo=1, routed)           0.000    14.540    CPU/regPCABIR/genblk1[2].dff1/regInPCABIR[0]
    SLICE_X37Y108        FDCE                                         r  CPU/regPCABIR/genblk1[2].dff1/q_reg/D
  -------------------------------------------------------------------    -------------------

                         (clock clk_out1_CPU_clock fall edge)
                                                     12.500    12.500 f  
    E3                                                0.000    12.500 f  clock_40mhz (IN)
                         net (fo=0)                   0.000    12.500    CPU_pll/inst/clk_in1
    E3                   IBUF (Prop_ibuf_I_O)         0.438    12.938 f  CPU_pll/inst/clkin1_ibufg/O
                         net (fo=1, routed)           0.481    13.419    CPU_pll/inst/clk_in1_CPU_clock
    PLLE2_ADV_X1Y2       PLLE2_ADV (Prop_plle2_adv_CLKIN1_CLKOUT0)
                                                     -1.417    12.002 f  CPU_pll/inst/plle2_adv_inst/CLKOUT0
                         net (fo=1, routed)           0.560    12.561    CPU_pll/inst/clk_out1_CPU_clock
    BUFGCTRL_X0Y16       BUFG (Prop_bufg_I_O)         0.029    12.590 f  CPU_pll/inst/clkout1_buf/O
                         net (fo=1077, routed)        1.110    13.700    clock
    SLICE_X52Y96         LUT1 (Prop_lut1_I0_O)        0.056    13.756 r  q_reg_i_6/O
                         net (fo=1, routed)           0.237    13.994    q_reg_i_6_n_0
    BUFGCTRL_X0Y0        BUFG (Prop_bufg_I_O)         0.029    14.023 r  q_reg_i_3/O
                         net (fo=451, routed)         0.836    14.858    CPU/regPCABIR/genblk1[2].dff1/clk0
    SLICE_X37Y108        FDCE                                         r  CPU/regPCABIR/genblk1[2].dff1/q_reg/C
                         clock pessimism             -0.577    14.282    
    SLICE_X37Y108        FDCE (Hold_fdce_C_D)         0.091    14.373    CPU/regPCABIR/genblk1[2].dff1/q_reg
  -------------------------------------------------------------------
                         required time                        -14.373    
                         arrival time                          14.540    
  -------------------------------------------------------------------
                         slack                                  0.168    

Slack (MET) :             0.168ns  (arrival time - required time)
  Source:                 CPU/DXRSRTRD/genblk1[1].dff1/q_reg/C
                            (rising edge-triggered cell FDCE clocked by clk_out1_CPU_clock'  {rise@0.000ns fall@12.500ns period=25.000ns})
  Destination:            CPU/XMRSRTRD/genblk1[1].dff1/q_reg/D
                            (rising edge-triggered cell FDCE clocked by clk_out1_CPU_clock'  {rise@0.000ns fall@12.500ns period=25.000ns})
  Path Group:             clk_out1_CPU_clock
  Path Type:              Hold (Min at Fast Process Corner)
  Requirement:            0.000ns  (clk_out1_CPU_clock fall@12.500ns - clk_out1_CPU_clock fall@12.500ns)
  Data Path Delay:        0.526ns  (logic 0.186ns (35.355%)  route 0.340ns (64.645%))
  Logic Levels:           1  (LUT2=1)
  Clock Path Skew:        0.266ns (DCD - SCD - CPR)
    Destination Clock Delay (DCD):    2.349ns = ( 14.849 - 12.500 ) 
    Source Clock Delay      (SCD):    1.760ns = ( 14.260 - 12.500 ) 
    Clock Pessimism Removal (CPR):    0.324ns

    Location             Delay type                Incr(ns)  Path(ns)    Netlist Resource(s)
  -------------------------------------------------------------------    -------------------
                         (clock clk_out1_CPU_clock fall edge)
                                                     12.500    12.500 f  
    E3                                                0.000    12.500 f  clock_40mhz (IN)
                         net (fo=0)                   0.000    12.500    CPU_pll/inst/clk_in1
    E3                   IBUF (Prop_ibuf_I_O)         0.250    12.750 f  CPU_pll/inst/clkin1_ibufg/O
                         net (fo=1, routed)           0.440    13.190    CPU_pll/inst/clk_in1_CPU_clock
    PLLE2_ADV_X1Y2       PLLE2_ADV (Prop_plle2_adv_CLKIN1_CLKOUT0)
                                                     -1.100    12.090 f  CPU_pll/inst/plle2_adv_inst/CLKOUT0
                         net (fo=1, routed)           0.514    12.604    CPU_pll/inst/clk_out1_CPU_clock
    BUFGCTRL_X0Y16       BUFG (Prop_bufg_I_O)         0.026    12.630 f  CPU_pll/inst/clkout1_buf/O
                         net (fo=1077, routed)        0.789    13.420    clock
    SLICE_X52Y96         LUT1 (Prop_lut1_I0_O)        0.045    13.465 r  q_reg_i_6/O
                         net (fo=1, routed)           0.213    13.678    q_reg_i_6_n_0
    BUFGCTRL_X0Y0        BUFG (Prop_bufg_I_O)         0.026    13.704 r  q_reg_i_3/O
                         net (fo=451, routed)         0.556    14.260    CPU/DXRSRTRD/genblk1[1].dff1/clk0
    SLICE_X53Y115        FDCE                                         r  CPU/DXRSRTRD/genblk1[1].dff1/q_reg/C
  -------------------------------------------------------------------    -------------------
    SLICE_X53Y115        FDCE (Prop_fdce_C_Q)         0.141    14.401 r  CPU/DXRSRTRD/genblk1[1].dff1/q_reg/Q
                         net (fo=3, routed)           0.340    14.741    CPU/regPCABIR/genblk1[30].dff1/DX_rd[0]
    SLICE_X43Y116        LUT2 (Prop_lut2_I1_O)        0.045    14.786 r  CPU/regPCABIR/genblk1[30].dff1/q_i_1__172/O
                         net (fo=1, routed)           0.000    14.786    CPU/XMRSRTRD/genblk1[1].dff1/overflowornotrd[0]
    SLICE_X43Y116        FDCE                                         r  CPU/XMRSRTRD/genblk1[1].dff1/q_reg/D
  -------------------------------------------------------------------    -------------------

                         (clock clk_out1_CPU_clock fall edge)
                                                     12.500    12.500 f  
    E3                                                0.000    12.500 f  clock_40mhz (IN)
                         net (fo=0)                   0.000    12.500    CPU_pll/inst/clk_in1
    E3                   IBUF (Prop_ibuf_I_O)         0.438    12.938 f  CPU_pll/inst/clkin1_ibufg/O
                         net (fo=1, routed)           0.481    13.419    CPU_pll/inst/clk_in1_CPU_clock
    PLLE2_ADV_X1Y2       PLLE2_ADV (Prop_plle2_adv_CLKIN1_CLKOUT0)
                                                     -1.417    12.002 f  CPU_pll/inst/plle2_adv_inst/CLKOUT0
                         net (fo=1, routed)           0.560    12.561    CPU_pll/inst/clk_out1_CPU_clock
    BUFGCTRL_X0Y16       BUFG (Prop_bufg_I_O)         0.029    12.590 f  CPU_pll/inst/clkout1_buf/O
                         net (fo=1077, routed)        1.110    13.700    clock
    SLICE_X52Y96         LUT1 (Prop_lut1_I0_O)        0.056    13.756 r  q_reg_i_6/O
                         net (fo=1, routed)           0.237    13.994    q_reg_i_6_n_0
    BUFGCTRL_X0Y0        BUFG (Prop_bufg_I_O)         0.029    14.023 r  q_reg_i_3/O
                         net (fo=451, routed)         0.826    14.849    CPU/XMRSRTRD/genblk1[1].dff1/clk0
    SLICE_X43Y116        FDCE                                         r  CPU/XMRSRTRD/genblk1[1].dff1/q_reg/C
                         clock pessimism             -0.324    14.525    
    SLICE_X43Y116        FDCE (Hold_fdce_C_D)         0.092    14.617    CPU/XMRSRTRD/genblk1[1].dff1/q_reg
  -------------------------------------------------------------------
                         required time                        -14.617    
                         arrival time                          14.786    
  -------------------------------------------------------------------
                         slack                                  0.168    





Pulse Width Checks
--------------------------------------------------------------------------------------
Clock Name:         clk_out1_CPU_clock
Waveform(ns):       { 0.000 12.500 }
Period(ns):         25.000
Sources:            { CPU_pll/inst/plle2_adv_inst/CLKOUT0 }

Check Type        Corner  Lib Pin             Reference Pin  Required(ns)  Actual(ns)  Slack(ns)  Location        Pin
Min Period        n/a     RAMB36E1/CLKARDCLK  n/a            2.576         25.000      22.424     RAMB36_X0Y20    InstMem/dataOut_reg_0/CLKARDCLK
Min Period        n/a     RAMB36E1/CLKARDCLK  n/a            2.576         25.000      22.424     RAMB36_X0Y21    InstMem/dataOut_reg_1/CLKARDCLK
Min Period        n/a     RAMB36E1/CLKARDCLK  n/a            2.576         25.000      22.424     RAMB36_X1Y21    InstMem/dataOut_reg_2/CLKARDCLK
Min Period        n/a     RAMB36E1/CLKARDCLK  n/a            2.576         25.000      22.424     RAMB36_X1Y22    InstMem/dataOut_reg_3/CLKARDCLK
Min Period        n/a     RAMB36E1/CLKARDCLK  n/a            2.576         25.000      22.424     RAMB36_X0Y22    ProcMem/MemoryArray_reg_0/CLKARDCLK
Min Period        n/a     RAMB36E1/CLKARDCLK  n/a            2.576         25.000      22.424     RAMB36_X1Y23    ProcMem/MemoryArray_reg_1/CLKARDCLK
Min Period        n/a     RAMB36E1/CLKARDCLK  n/a            2.576         25.000      22.424     RAMB36_X0Y23    ProcMem/MemoryArray_reg_2/CLKARDCLK
Min Period        n/a     RAMB36E1/CLKARDCLK  n/a            2.576         25.000      22.424     RAMB36_X0Y24    ProcMem/MemoryArray_reg_3/CLKARDCLK
Min Period        n/a     BUFG/I              n/a            2.155         25.000      22.845     BUFGCTRL_X0Y0   q_reg_i_3/I
Min Period        n/a     BUFG/I              n/a            2.155         25.000      22.845     BUFGCTRL_X0Y16  CPU_pll/inst/clkout1_buf/I
Max Period        n/a     PLLE2_ADV/CLKOUT0   n/a            160.000       25.000      135.000    PLLE2_ADV_X1Y2  CPU_pll/inst/plle2_adv_inst/CLKOUT0
Low Pulse Width   Slow    FDCE/C              n/a            0.500         12.500      12.000     SLICE_X58Y116   CPU/DXRSRTRD/genblk1[0].dff1/q_reg/C
Low Pulse Width   Fast    FDCE/C              n/a            0.500         12.500      12.000     SLICE_X58Y116   CPU/DXRSRTRD/genblk1[0].dff1/q_reg/C
Low Pulse Width   Slow    FDCE/C              n/a            0.500         12.500      12.000     SLICE_X38Y119   CPU/DXRSRTRD/genblk1[10].dff1/q_reg/C
Low Pulse Width   Fast    FDCE/C              n/a            0.500         12.500      12.000     SLICE_X38Y119   CPU/DXRSRTRD/genblk1[10].dff1/q_reg/C
Low Pulse Width   Slow    FDCE/C              n/a            0.500         12.500      12.000     SLICE_X40Y117   CPU/DXRSRTRD/genblk1[11].dff1/q_reg/C
Low Pulse Width   Fast    FDCE/C              n/a            0.500         12.500      12.000     SLICE_X40Y117   CPU/DXRSRTRD/genblk1[11].dff1/q_reg/C
Low Pulse Width   Slow    FDCE/C              n/a            0.500         12.500      12.000     SLICE_X42Y116   CPU/DXRSRTRD/genblk1[12].dff1/q_reg/C
Low Pulse Width   Fast    FDCE/C              n/a            0.500         12.500      12.000     SLICE_X42Y116   CPU/DXRSRTRD/genblk1[12].dff1/q_reg/C
Low Pulse Width   Slow    FDCE/C              n/a            0.500         12.500      12.000     SLICE_X38Y119   CPU/DXRSRTRD/genblk1[13].dff1/q_reg/C
Low Pulse Width   Fast    FDCE/C              n/a            0.500         12.500      12.000     SLICE_X38Y119   CPU/DXRSRTRD/genblk1[13].dff1/q_reg/C
High Pulse Width  Slow    FDCE/C              n/a            0.500         12.500      12.000     SLICE_X58Y116   CPU/DXRSRTRD/genblk1[0].dff1/q_reg/C
High Pulse Width  Fast    FDCE/C              n/a            0.500         12.500      12.000     SLICE_X58Y116   CPU/DXRSRTRD/genblk1[0].dff1/q_reg/C
High Pulse Width  Slow    FDCE/C              n/a            0.500         12.500      12.000     SLICE_X38Y119   CPU/DXRSRTRD/genblk1[10].dff1/q_reg/C
High Pulse Width  Fast    FDCE/C              n/a            0.500         12.500      12.000     SLICE_X38Y119   CPU/DXRSRTRD/genblk1[10].dff1/q_reg/C
High Pulse Width  Slow    FDCE/C              n/a            0.500         12.500      12.000     SLICE_X40Y117   CPU/DXRSRTRD/genblk1[11].dff1/q_reg/C
High Pulse Width  Fast    FDCE/C              n/a            0.500         12.500      12.000     SLICE_X40Y117   CPU/DXRSRTRD/genblk1[11].dff1/q_reg/C
High Pulse Width  Slow    FDCE/C              n/a            0.500         12.500      12.000     SLICE_X42Y116   CPU/DXRSRTRD/genblk1[12].dff1/q_reg/C
High Pulse Width  Fast    FDCE/C              n/a            0.500         12.500      12.000     SLICE_X42Y116   CPU/DXRSRTRD/genblk1[12].dff1/q_reg/C
High Pulse Width  Slow    FDCE/C              n/a            0.500         12.500      12.000     SLICE_X38Y119   CPU/DXRSRTRD/genblk1[13].dff1/q_reg/C
High Pulse Width  Fast    FDCE/C              n/a            0.500         12.500      12.000     SLICE_X38Y119   CPU/DXRSRTRD/genblk1[13].dff1/q_reg/C



---------------------------------------------------------------------------------------------------
From Clock:  clkfbout_CPU_clock
  To Clock:  clkfbout_CPU_clock

Setup :           NA  Failing Endpoints,  Worst Slack           NA  ,  Total Violation           NA
Hold  :           NA  Failing Endpoints,  Worst Slack           NA  ,  Total Violation           NA
PW    :            0  Failing Endpoints,  Worst Slack        2.633ns,  Total Violation        0.000ns
---------------------------------------------------------------------------------------------------


Pulse Width Checks
--------------------------------------------------------------------------------------
Clock Name:         clkfbout_CPU_clock
Waveform(ns):       { 0.000 25.000 }
Period(ns):         50.000
Sources:            { CPU_pll/inst/plle2_adv_inst/CLKFBOUT }

Check Type  Corner  Lib Pin             Reference Pin  Required(ns)  Actual(ns)  Slack(ns)  Location        Pin
Min Period  n/a     BUFG/I              n/a            2.155         50.000      47.845     BUFGCTRL_X0Y17  CPU_pll/inst/clkf_buf/I
Min Period  n/a     PLLE2_ADV/CLKFBOUT  n/a            1.249         50.000      48.751     PLLE2_ADV_X1Y2  CPU_pll/inst/plle2_adv_inst/CLKFBOUT
Min Period  n/a     PLLE2_ADV/CLKFBIN   n/a            1.249         50.000      48.751     PLLE2_ADV_X1Y2  CPU_pll/inst/plle2_adv_inst/CLKFBIN
Max Period  n/a     PLLE2_ADV/CLKFBIN   n/a            52.633        50.000      2.633      PLLE2_ADV_X1Y2  CPU_pll/inst/plle2_adv_inst/CLKFBIN
Max Period  n/a     PLLE2_ADV/CLKFBOUT  n/a            160.000       50.000      110.000    PLLE2_ADV_X1Y2  CPU_pll/inst/plle2_adv_inst/CLKFBOUT



---------------------------------------------------------------------------------------------------
Path Group:  **async_default**
From Clock:  clk_out1_CPU_clock
  To Clock:  clk_out1_CPU_clock

Setup :            0  Failing Endpoints,  Worst Slack        2.000ns,  Total Violation        0.000ns
Hold  :            0  Failing Endpoints,  Worst Slack       14.805ns,  Total Violation        0.000ns
---------------------------------------------------------------------------------------------------


Max Delay Paths
--------------------------------------------------------------------------------------
Slack (MET) :             2.000ns  (required time - arrival time)
  Source:                 CPU/regPCABIR/genblk1[28].dff1/q_reg/C
                            (rising edge-triggered cell FDCE clocked by clk_out1_CPU_clock'  {rise@0.000ns fall@12.500ns period=25.000ns})
  Destination:            CPU/steppers/driver_X/clock_Div/count_reg[1]/CLR
                            (recovery check against rising-edge clock clk_out1_CPU_clock  {rise@0.000ns fall@12.500ns period=25.000ns})
  Path Group:             **async_default**
  Path Type:              Recovery (Max at Slow Process Corner)
  Requirement:            12.500ns  (clk_out1_CPU_clock rise@25.000ns - clk_out1_CPU_clock fall@12.500ns)
  Data Path Delay:        6.548ns  (logic 1.183ns (18.068%)  route 5.365ns (81.932%))
  Logic Levels:           4  (LUT1=1 LUT4=1 LUT5=2)
  Clock Path Skew:        -3.172ns (DCD - SCD + CPR)
    Destination Clock Delay (DCD):    2.578ns = ( 27.578 - 25.000 ) 
    Source Clock Delay      (SCD):    5.770ns = ( 18.270 - 12.500 ) 
    Clock Pessimism Removal (CPR):    0.020ns
  Clock Uncertainty:      0.173ns  ((TSJ^2 + DJ^2)^1/2) / 2 + PE
    Total System Jitter     (TSJ):    0.071ns
    Discrete Jitter          (DJ):    0.338ns
    Phase Error              (PE):    0.000ns

    Location             Delay type                Incr(ns)  Path(ns)    Netlist Resource(s)
  -------------------------------------------------------------------    -------------------
                         (clock clk_out1_CPU_clock fall edge)
                                                     12.500    12.500 f  
    E3                                                0.000    12.500 f  clock_40mhz (IN)
                         net (fo=0)                   0.000    12.500    CPU_pll/inst/clk_in1
    E3                   IBUF (Prop_ibuf_I_O)         1.482    13.982 f  CPU_pll/inst/clkin1_ibufg/O
                         net (fo=1, routed)           1.253    15.235    CPU_pll/inst/clk_in1_CPU_clock
    PLLE2_ADV_X1Y2       PLLE2_ADV (Prop_plle2_adv_CLKIN1_CLKOUT0)
                                                     -3.459    11.776 f  CPU_pll/inst/plle2_adv_inst/CLKOUT0
                         net (fo=1, routed)           1.713    13.489    CPU_pll/inst/clk_out1_CPU_clock
    BUFGCTRL_X0Y16       BUFG (Prop_bufg_I_O)         0.096    13.585 f  CPU_pll/inst/clkout1_buf/O
                         net (fo=1077, routed)        2.293    15.878    clock
    SLICE_X52Y96         LUT1 (Prop_lut1_I0_O)        0.124    16.002 r  q_reg_i_6/O
                         net (fo=1, routed)           0.567    16.569    q_reg_i_6_n_0
    BUFGCTRL_X0Y0        BUFG (Prop_bufg_I_O)         0.096    16.665 r  q_reg_i_3/O
                         net (fo=451, routed)         1.605    18.270    CPU/regPCABIR/genblk1[28].dff1/clk0
    SLICE_X57Y115        FDCE                                         r  CPU/regPCABIR/genblk1[28].dff1/q_reg/C
  -------------------------------------------------------------------    -------------------
    SLICE_X57Y115        FDCE (Prop_fdce_C_Q)         0.456    18.726 r  CPU/regPCABIR/genblk1[28].dff1/q_reg/Q
                         net (fo=26, routed)          1.214    19.940    CPU/regPCABIR/genblk1[30].dff1/q_reg_171
    SLICE_X51Y109        LUT5 (Prop_lut5_I3_O)        0.124    20.064 r  CPU/regPCABIR/genblk1[30].dff1/LED_OBUF_inst_i_3/O
                         net (fo=34, routed)          0.925    20.989    CPU/regPCABIR/genblk1[30].dff1/q_reg_10
    SLICE_X44Y111        LUT5 (Prop_lut5_I0_O)        0.124    21.113 r  CPU/regPCABIR/genblk1[30].dff1/LED_OBUF_inst_i_2/O
                         net (fo=2, routed)           0.640    21.754    CPU/regPCABIR/genblk1[30].dff1/LED_OBUF_inst_i_2_n_0
    SLICE_X37Y111        LUT4 (Prop_lut4_I0_O)        0.119    21.873 r  CPU/regPCABIR/genblk1[30].dff1/LED_OBUF_inst_i_1/O
                         net (fo=169, routed)         1.278    23.151    CPU/regPCABIR/genblk1[30].dff1/q_reg_9
    SLICE_X49Y117        LUT1 (Prop_lut1_I0_O)        0.360    23.511 f  CPU/regPCABIR/genblk1[30].dff1/count[25]_i_2__0/O
                         net (fo=126, routed)         1.307    24.818    CPU/steppers/driver_X/clock_Div/new_clk_reg_1
    SLICE_X48Y96         FDCE                                         f  CPU/steppers/driver_X/clock_Div/count_reg[1]/CLR
  -------------------------------------------------------------------    -------------------

                         (clock clk_out1_CPU_clock rise edge)
                                                     25.000    25.000 r  
    E3                                                0.000    25.000 r  clock_40mhz (IN)
                         net (fo=0)                   0.000    25.000    CPU_pll/inst/clk_in1
    E3                   IBUF (Prop_ibuf_I_O)         1.411    26.411 r  CPU_pll/inst/clkin1_ibufg/O
                         net (fo=1, routed)           1.181    27.592    CPU_pll/inst/clk_in1_CPU_clock
    PLLE2_ADV_X1Y2       PLLE2_ADV (Prop_plle2_adv_CLKIN1_CLKOUT0)
                                                     -3.253    24.339 r  CPU_pll/inst/plle2_adv_inst/CLKOUT0
                         net (fo=1, routed)           1.634    25.973    CPU_pll/inst/clk_out1_CPU_clock
    BUFGCTRL_X0Y16       BUFG (Prop_bufg_I_O)         0.091    26.064 r  CPU_pll/inst/clkout1_buf/O
                         net (fo=1077, routed)        1.513    27.578    CPU/steppers/driver_X/clock_Div/clk_out1
    SLICE_X48Y96         FDCE                                         r  CPU/steppers/driver_X/clock_Div/count_reg[1]/C
                         clock pessimism              0.020    27.598    
                         clock uncertainty           -0.173    27.425    
    SLICE_X48Y96         FDCE (Recov_fdce_C_CLR)     -0.607    26.818    CPU/steppers/driver_X/clock_Div/count_reg[1]
  -------------------------------------------------------------------
                         required time                         26.818    
                         arrival time                         -24.818    
  -------------------------------------------------------------------
                         slack                                  2.000    

Slack (MET) :             2.000ns  (required time - arrival time)
  Source:                 CPU/regPCABIR/genblk1[28].dff1/q_reg/C
                            (rising edge-triggered cell FDCE clocked by clk_out1_CPU_clock'  {rise@0.000ns fall@12.500ns period=25.000ns})
  Destination:            CPU/steppers/driver_X/clock_Div/count_reg[2]/CLR
                            (recovery check against rising-edge clock clk_out1_CPU_clock  {rise@0.000ns fall@12.500ns period=25.000ns})
  Path Group:             **async_default**
  Path Type:              Recovery (Max at Slow Process Corner)
  Requirement:            12.500ns  (clk_out1_CPU_clock rise@25.000ns - clk_out1_CPU_clock fall@12.500ns)
  Data Path Delay:        6.548ns  (logic 1.183ns (18.068%)  route 5.365ns (81.932%))
  Logic Levels:           4  (LUT1=1 LUT4=1 LUT5=2)
  Clock Path Skew:        -3.172ns (DCD - SCD + CPR)
    Destination Clock Delay (DCD):    2.578ns = ( 27.578 - 25.000 ) 
    Source Clock Delay      (SCD):    5.770ns = ( 18.270 - 12.500 ) 
    Clock Pessimism Removal (CPR):    0.020ns
  Clock Uncertainty:      0.173ns  ((TSJ^2 + DJ^2)^1/2) / 2 + PE
    Total System Jitter     (TSJ):    0.071ns
    Discrete Jitter          (DJ):    0.338ns
    Phase Error              (PE):    0.000ns

    Location             Delay type                Incr(ns)  Path(ns)    Netlist Resource(s)
  -------------------------------------------------------------------    -------------------
                         (clock clk_out1_CPU_clock fall edge)
                                                     12.500    12.500 f  
    E3                                                0.000    12.500 f  clock_40mhz (IN)
                         net (fo=0)                   0.000    12.500    CPU_pll/inst/clk_in1
    E3                   IBUF (Prop_ibuf_I_O)         1.482    13.982 f  CPU_pll/inst/clkin1_ibufg/O
                         net (fo=1, routed)           1.253    15.235    CPU_pll/inst/clk_in1_CPU_clock
    PLLE2_ADV_X1Y2       PLLE2_ADV (Prop_plle2_adv_CLKIN1_CLKOUT0)
                                                     -3.459    11.776 f  CPU_pll/inst/plle2_adv_inst/CLKOUT0
                         net (fo=1, routed)           1.713    13.489    CPU_pll/inst/clk_out1_CPU_clock
    BUFGCTRL_X0Y16       BUFG (Prop_bufg_I_O)         0.096    13.585 f  CPU_pll/inst/clkout1_buf/O
                         net (fo=1077, routed)        2.293    15.878    clock
    SLICE_X52Y96         LUT1 (Prop_lut1_I0_O)        0.124    16.002 r  q_reg_i_6/O
                         net (fo=1, routed)           0.567    16.569    q_reg_i_6_n_0
    BUFGCTRL_X0Y0        BUFG (Prop_bufg_I_O)         0.096    16.665 r  q_reg_i_3/O
                         net (fo=451, routed)         1.605    18.270    CPU/regPCABIR/genblk1[28].dff1/clk0
    SLICE_X57Y115        FDCE                                         r  CPU/regPCABIR/genblk1[28].dff1/q_reg/C
  -------------------------------------------------------------------    -------------------
    SLICE_X57Y115        FDCE (Prop_fdce_C_Q)         0.456    18.726 r  CPU/regPCABIR/genblk1[28].dff1/q_reg/Q
                         net (fo=26, routed)          1.214    19.940    CPU/regPCABIR/genblk1[30].dff1/q_reg_171
    SLICE_X51Y109        LUT5 (Prop_lut5_I3_O)        0.124    20.064 r  CPU/regPCABIR/genblk1[30].dff1/LED_OBUF_inst_i_3/O
                         net (fo=34, routed)          0.925    20.989    CPU/regPCABIR/genblk1[30].dff1/q_reg_10
    SLICE_X44Y111        LUT5 (Prop_lut5_I0_O)        0.124    21.113 r  CPU/regPCABIR/genblk1[30].dff1/LED_OBUF_inst_i_2/O
                         net (fo=2, routed)           0.640    21.754    CPU/regPCABIR/genblk1[30].dff1/LED_OBUF_inst_i_2_n_0
    SLICE_X37Y111        LUT4 (Prop_lut4_I0_O)        0.119    21.873 r  CPU/regPCABIR/genblk1[30].dff1/LED_OBUF_inst_i_1/O
                         net (fo=169, routed)         1.278    23.151    CPU/regPCABIR/genblk1[30].dff1/q_reg_9
    SLICE_X49Y117        LUT1 (Prop_lut1_I0_O)        0.360    23.511 f  CPU/regPCABIR/genblk1[30].dff1/count[25]_i_2__0/O
                         net (fo=126, routed)         1.307    24.818    CPU/steppers/driver_X/clock_Div/new_clk_reg_1
    SLICE_X48Y96         FDCE                                         f  CPU/steppers/driver_X/clock_Div/count_reg[2]/CLR
  -------------------------------------------------------------------    -------------------

                         (clock clk_out1_CPU_clock rise edge)
                                                     25.000    25.000 r  
    E3                                                0.000    25.000 r  clock_40mhz (IN)
                         net (fo=0)                   0.000    25.000    CPU_pll/inst/clk_in1
    E3                   IBUF (Prop_ibuf_I_O)         1.411    26.411 r  CPU_pll/inst/clkin1_ibufg/O
                         net (fo=1, routed)           1.181    27.592    CPU_pll/inst/clk_in1_CPU_clock
    PLLE2_ADV_X1Y2       PLLE2_ADV (Prop_plle2_adv_CLKIN1_CLKOUT0)
                                                     -3.253    24.339 r  CPU_pll/inst/plle2_adv_inst/CLKOUT0
                         net (fo=1, routed)           1.634    25.973    CPU_pll/inst/clk_out1_CPU_clock
    BUFGCTRL_X0Y16       BUFG (Prop_bufg_I_O)         0.091    26.064 r  CPU_pll/inst/clkout1_buf/O
                         net (fo=1077, routed)        1.513    27.578    CPU/steppers/driver_X/clock_Div/clk_out1
    SLICE_X48Y96         FDCE                                         r  CPU/steppers/driver_X/clock_Div/count_reg[2]/C
                         clock pessimism              0.020    27.598    
                         clock uncertainty           -0.173    27.425    
    SLICE_X48Y96         FDCE (Recov_fdce_C_CLR)     -0.607    26.818    CPU/steppers/driver_X/clock_Div/count_reg[2]
  -------------------------------------------------------------------
                         required time                         26.818    
                         arrival time                         -24.818    
  -------------------------------------------------------------------
                         slack                                  2.000    

Slack (MET) :             2.000ns  (required time - arrival time)
  Source:                 CPU/regPCABIR/genblk1[28].dff1/q_reg/C
                            (rising edge-triggered cell FDCE clocked by clk_out1_CPU_clock'  {rise@0.000ns fall@12.500ns period=25.000ns})
  Destination:            CPU/steppers/driver_X/clock_Div/count_reg[3]/CLR
                            (recovery check against rising-edge clock clk_out1_CPU_clock  {rise@0.000ns fall@12.500ns period=25.000ns})
  Path Group:             **async_default**
  Path Type:              Recovery (Max at Slow Process Corner)
  Requirement:            12.500ns  (clk_out1_CPU_clock rise@25.000ns - clk_out1_CPU_clock fall@12.500ns)
  Data Path Delay:        6.548ns  (logic 1.183ns (18.068%)  route 5.365ns (81.932%))
  Logic Levels:           4  (LUT1=1 LUT4=1 LUT5=2)
  Clock Path Skew:        -3.172ns (DCD - SCD + CPR)
    Destination Clock Delay (DCD):    2.578ns = ( 27.578 - 25.000 ) 
    Source Clock Delay      (SCD):    5.770ns = ( 18.270 - 12.500 ) 
    Clock Pessimism Removal (CPR):    0.020ns
  Clock Uncertainty:      0.173ns  ((TSJ^2 + DJ^2)^1/2) / 2 + PE
    Total System Jitter     (TSJ):    0.071ns
    Discrete Jitter          (DJ):    0.338ns
    Phase Error              (PE):    0.000ns

    Location             Delay type                Incr(ns)  Path(ns)    Netlist Resource(s)
  -------------------------------------------------------------------    -------------------
                         (clock clk_out1_CPU_clock fall edge)
                                                     12.500    12.500 f  
    E3                                                0.000    12.500 f  clock_40mhz (IN)
                         net (fo=0)                   0.000    12.500    CPU_pll/inst/clk_in1
    E3                   IBUF (Prop_ibuf_I_O)         1.482    13.982 f  CPU_pll/inst/clkin1_ibufg/O
                         net (fo=1, routed)           1.253    15.235    CPU_pll/inst/clk_in1_CPU_clock
    PLLE2_ADV_X1Y2       PLLE2_ADV (Prop_plle2_adv_CLKIN1_CLKOUT0)
                                                     -3.459    11.776 f  CPU_pll/inst/plle2_adv_inst/CLKOUT0
                         net (fo=1, routed)           1.713    13.489    CPU_pll/inst/clk_out1_CPU_clock
    BUFGCTRL_X0Y16       BUFG (Prop_bufg_I_O)         0.096    13.585 f  CPU_pll/inst/clkout1_buf/O
                         net (fo=1077, routed)        2.293    15.878    clock
    SLICE_X52Y96         LUT1 (Prop_lut1_I0_O)        0.124    16.002 r  q_reg_i_6/O
                         net (fo=1, routed)           0.567    16.569    q_reg_i_6_n_0
    BUFGCTRL_X0Y0        BUFG (Prop_bufg_I_O)         0.096    16.665 r  q_reg_i_3/O
                         net (fo=451, routed)         1.605    18.270    CPU/regPCABIR/genblk1[28].dff1/clk0
    SLICE_X57Y115        FDCE                                         r  CPU/regPCABIR/genblk1[28].dff1/q_reg/C
  -------------------------------------------------------------------    -------------------
    SLICE_X57Y115        FDCE (Prop_fdce_C_Q)         0.456    18.726 r  CPU/regPCABIR/genblk1[28].dff1/q_reg/Q
                         net (fo=26, routed)          1.214    19.940    CPU/regPCABIR/genblk1[30].dff1/q_reg_171
    SLICE_X51Y109        LUT5 (Prop_lut5_I3_O)        0.124    20.064 r  CPU/regPCABIR/genblk1[30].dff1/LED_OBUF_inst_i_3/O
                         net (fo=34, routed)          0.925    20.989    CPU/regPCABIR/genblk1[30].dff1/q_reg_10
    SLICE_X44Y111        LUT5 (Prop_lut5_I0_O)        0.124    21.113 r  CPU/regPCABIR/genblk1[30].dff1/LED_OBUF_inst_i_2/O
                         net (fo=2, routed)           0.640    21.754    CPU/regPCABIR/genblk1[30].dff1/LED_OBUF_inst_i_2_n_0
    SLICE_X37Y111        LUT4 (Prop_lut4_I0_O)        0.119    21.873 r  CPU/regPCABIR/genblk1[30].dff1/LED_OBUF_inst_i_1/O
                         net (fo=169, routed)         1.278    23.151    CPU/regPCABIR/genblk1[30].dff1/q_reg_9
    SLICE_X49Y117        LUT1 (Prop_lut1_I0_O)        0.360    23.511 f  CPU/regPCABIR/genblk1[30].dff1/count[25]_i_2__0/O
                         net (fo=126, routed)         1.307    24.818    CPU/steppers/driver_X/clock_Div/new_clk_reg_1
    SLICE_X48Y96         FDCE                                         f  CPU/steppers/driver_X/clock_Div/count_reg[3]/CLR
  -------------------------------------------------------------------    -------------------

                         (clock clk_out1_CPU_clock rise edge)
                                                     25.000    25.000 r  
    E3                                                0.000    25.000 r  clock_40mhz (IN)
                         net (fo=0)                   0.000    25.000    CPU_pll/inst/clk_in1
    E3                   IBUF (Prop_ibuf_I_O)         1.411    26.411 r  CPU_pll/inst/clkin1_ibufg/O
                         net (fo=1, routed)           1.181    27.592    CPU_pll/inst/clk_in1_CPU_clock
    PLLE2_ADV_X1Y2       PLLE2_ADV (Prop_plle2_adv_CLKIN1_CLKOUT0)
                                                     -3.253    24.339 r  CPU_pll/inst/plle2_adv_inst/CLKOUT0
                         net (fo=1, routed)           1.634    25.973    CPU_pll/inst/clk_out1_CPU_clock
    BUFGCTRL_X0Y16       BUFG (Prop_bufg_I_O)         0.091    26.064 r  CPU_pll/inst/clkout1_buf/O
                         net (fo=1077, routed)        1.513    27.578    CPU/steppers/driver_X/clock_Div/clk_out1
    SLICE_X48Y96         FDCE                                         r  CPU/steppers/driver_X/clock_Div/count_reg[3]/C
                         clock pessimism              0.020    27.598    
                         clock uncertainty           -0.173    27.425    
    SLICE_X48Y96         FDCE (Recov_fdce_C_CLR)     -0.607    26.818    CPU/steppers/driver_X/clock_Div/count_reg[3]
  -------------------------------------------------------------------
                         required time                         26.818    
                         arrival time                         -24.818    
  -------------------------------------------------------------------
                         slack                                  2.000    

Slack (MET) :             2.000ns  (required time - arrival time)
  Source:                 CPU/regPCABIR/genblk1[28].dff1/q_reg/C
                            (rising edge-triggered cell FDCE clocked by clk_out1_CPU_clock'  {rise@0.000ns fall@12.500ns period=25.000ns})
  Destination:            CPU/steppers/driver_X/clock_Div/count_reg[4]/CLR
                            (recovery check against rising-edge clock clk_out1_CPU_clock  {rise@0.000ns fall@12.500ns period=25.000ns})
  Path Group:             **async_default**
  Path Type:              Recovery (Max at Slow Process Corner)
  Requirement:            12.500ns  (clk_out1_CPU_clock rise@25.000ns - clk_out1_CPU_clock fall@12.500ns)
  Data Path Delay:        6.548ns  (logic 1.183ns (18.068%)  route 5.365ns (81.932%))
  Logic Levels:           4  (LUT1=1 LUT4=1 LUT5=2)
  Clock Path Skew:        -3.172ns (DCD - SCD + CPR)
    Destination Clock Delay (DCD):    2.578ns = ( 27.578 - 25.000 ) 
    Source Clock Delay      (SCD):    5.770ns = ( 18.270 - 12.500 ) 
    Clock Pessimism Removal (CPR):    0.020ns
  Clock Uncertainty:      0.173ns  ((TSJ^2 + DJ^2)^1/2) / 2 + PE
    Total System Jitter     (TSJ):    0.071ns
    Discrete Jitter          (DJ):    0.338ns
    Phase Error              (PE):    0.000ns

    Location             Delay type                Incr(ns)  Path(ns)    Netlist Resource(s)
  -------------------------------------------------------------------    -------------------
                         (clock clk_out1_CPU_clock fall edge)
                                                     12.500    12.500 f  
    E3                                                0.000    12.500 f  clock_40mhz (IN)
                         net (fo=0)                   0.000    12.500    CPU_pll/inst/clk_in1
    E3                   IBUF (Prop_ibuf_I_O)         1.482    13.982 f  CPU_pll/inst/clkin1_ibufg/O
                         net (fo=1, routed)           1.253    15.235    CPU_pll/inst/clk_in1_CPU_clock
    PLLE2_ADV_X1Y2       PLLE2_ADV (Prop_plle2_adv_CLKIN1_CLKOUT0)
                                                     -3.459    11.776 f  CPU_pll/inst/plle2_adv_inst/CLKOUT0
                         net (fo=1, routed)           1.713    13.489    CPU_pll/inst/clk_out1_CPU_clock
    BUFGCTRL_X0Y16       BUFG (Prop_bufg_I_O)         0.096    13.585 f  CPU_pll/inst/clkout1_buf/O
                         net (fo=1077, routed)        2.293    15.878    clock
    SLICE_X52Y96         LUT1 (Prop_lut1_I0_O)        0.124    16.002 r  q_reg_i_6/O
                         net (fo=1, routed)           0.567    16.569    q_reg_i_6_n_0
    BUFGCTRL_X0Y0        BUFG (Prop_bufg_I_O)         0.096    16.665 r  q_reg_i_3/O
                         net (fo=451, routed)         1.605    18.270    CPU/regPCABIR/genblk1[28].dff1/clk0
    SLICE_X57Y115        FDCE                                         r  CPU/regPCABIR/genblk1[28].dff1/q_reg/C
  -------------------------------------------------------------------    -------------------
    SLICE_X57Y115        FDCE (Prop_fdce_C_Q)         0.456    18.726 r  CPU/regPCABIR/genblk1[28].dff1/q_reg/Q
                         net (fo=26, routed)          1.214    19.940    CPU/regPCABIR/genblk1[30].dff1/q_reg_171
    SLICE_X51Y109        LUT5 (Prop_lut5_I3_O)        0.124    20.064 r  CPU/regPCABIR/genblk1[30].dff1/LED_OBUF_inst_i_3/O
                         net (fo=34, routed)          0.925    20.989    CPU/regPCABIR/genblk1[30].dff1/q_reg_10
    SLICE_X44Y111        LUT5 (Prop_lut5_I0_O)        0.124    21.113 r  CPU/regPCABIR/genblk1[30].dff1/LED_OBUF_inst_i_2/O
                         net (fo=2, routed)           0.640    21.754    CPU/regPCABIR/genblk1[30].dff1/LED_OBUF_inst_i_2_n_0
    SLICE_X37Y111        LUT4 (Prop_lut4_I0_O)        0.119    21.873 r  CPU/regPCABIR/genblk1[30].dff1/LED_OBUF_inst_i_1/O
                         net (fo=169, routed)         1.278    23.151    CPU/regPCABIR/genblk1[30].dff1/q_reg_9
    SLICE_X49Y117        LUT1 (Prop_lut1_I0_O)        0.360    23.511 f  CPU/regPCABIR/genblk1[30].dff1/count[25]_i_2__0/O
                         net (fo=126, routed)         1.307    24.818    CPU/steppers/driver_X/clock_Div/new_clk_reg_1
    SLICE_X48Y96         FDCE                                         f  CPU/steppers/driver_X/clock_Div/count_reg[4]/CLR
  -------------------------------------------------------------------    -------------------

                         (clock clk_out1_CPU_clock rise edge)
                                                     25.000    25.000 r  
    E3                                                0.000    25.000 r  clock_40mhz (IN)
                         net (fo=0)                   0.000    25.000    CPU_pll/inst/clk_in1
    E3                   IBUF (Prop_ibuf_I_O)         1.411    26.411 r  CPU_pll/inst/clkin1_ibufg/O
                         net (fo=1, routed)           1.181    27.592    CPU_pll/inst/clk_in1_CPU_clock
    PLLE2_ADV_X1Y2       PLLE2_ADV (Prop_plle2_adv_CLKIN1_CLKOUT0)
                                                     -3.253    24.339 r  CPU_pll/inst/plle2_adv_inst/CLKOUT0
                         net (fo=1, routed)           1.634    25.973    CPU_pll/inst/clk_out1_CPU_clock
    BUFGCTRL_X0Y16       BUFG (Prop_bufg_I_O)         0.091    26.064 r  CPU_pll/inst/clkout1_buf/O
                         net (fo=1077, routed)        1.513    27.578    CPU/steppers/driver_X/clock_Div/clk_out1
    SLICE_X48Y96         FDCE                                         r  CPU/steppers/driver_X/clock_Div/count_reg[4]/C
                         clock pessimism              0.020    27.598    
                         clock uncertainty           -0.173    27.425    
    SLICE_X48Y96         FDCE (Recov_fdce_C_CLR)     -0.607    26.818    CPU/steppers/driver_X/clock_Div/count_reg[4]
  -------------------------------------------------------------------
                         required time                         26.818    
                         arrival time                         -24.818    
  -------------------------------------------------------------------
                         slack                                  2.000    

Slack (MET) :             2.000ns  (required time - arrival time)
  Source:                 CPU/regPCABIR/genblk1[28].dff1/q_reg/C
                            (rising edge-triggered cell FDCE clocked by clk_out1_CPU_clock'  {rise@0.000ns fall@12.500ns period=25.000ns})
  Destination:            CPU/steppers/driver_X/clock_Div/count_reg[5]/CLR
                            (recovery check against rising-edge clock clk_out1_CPU_clock  {rise@0.000ns fall@12.500ns period=25.000ns})
  Path Group:             **async_default**
  Path Type:              Recovery (Max at Slow Process Corner)
  Requirement:            12.500ns  (clk_out1_CPU_clock rise@25.000ns - clk_out1_CPU_clock fall@12.500ns)
  Data Path Delay:        6.548ns  (logic 1.183ns (18.068%)  route 5.365ns (81.932%))
  Logic Levels:           4  (LUT1=1 LUT4=1 LUT5=2)
  Clock Path Skew:        -3.172ns (DCD - SCD + CPR)
    Destination Clock Delay (DCD):    2.578ns = ( 27.578 - 25.000 ) 
    Source Clock Delay      (SCD):    5.770ns = ( 18.270 - 12.500 ) 
    Clock Pessimism Removal (CPR):    0.020ns
  Clock Uncertainty:      0.173ns  ((TSJ^2 + DJ^2)^1/2) / 2 + PE
    Total System Jitter     (TSJ):    0.071ns
    Discrete Jitter          (DJ):    0.338ns
    Phase Error              (PE):    0.000ns

    Location             Delay type                Incr(ns)  Path(ns)    Netlist Resource(s)
  -------------------------------------------------------------------    -------------------
                         (clock clk_out1_CPU_clock fall edge)
                                                     12.500    12.500 f  
    E3                                                0.000    12.500 f  clock_40mhz (IN)
                         net (fo=0)                   0.000    12.500    CPU_pll/inst/clk_in1
    E3                   IBUF (Prop_ibuf_I_O)         1.482    13.982 f  CPU_pll/inst/clkin1_ibufg/O
                         net (fo=1, routed)           1.253    15.235    CPU_pll/inst/clk_in1_CPU_clock
    PLLE2_ADV_X1Y2       PLLE2_ADV (Prop_plle2_adv_CLKIN1_CLKOUT0)
                                                     -3.459    11.776 f  CPU_pll/inst/plle2_adv_inst/CLKOUT0
                         net (fo=1, routed)           1.713    13.489    CPU_pll/inst/clk_out1_CPU_clock
    BUFGCTRL_X0Y16       BUFG (Prop_bufg_I_O)         0.096    13.585 f  CPU_pll/inst/clkout1_buf/O
                         net (fo=1077, routed)        2.293    15.878    clock
    SLICE_X52Y96         LUT1 (Prop_lut1_I0_O)        0.124    16.002 r  q_reg_i_6/O
                         net (fo=1, routed)           0.567    16.569    q_reg_i_6_n_0
    BUFGCTRL_X0Y0        BUFG (Prop_bufg_I_O)         0.096    16.665 r  q_reg_i_3/O
                         net (fo=451, routed)         1.605    18.270    CPU/regPCABIR/genblk1[28].dff1/clk0
    SLICE_X57Y115        FDCE                                         r  CPU/regPCABIR/genblk1[28].dff1/q_reg/C
  -------------------------------------------------------------------    -------------------
    SLICE_X57Y115        FDCE (Prop_fdce_C_Q)         0.456    18.726 r  CPU/regPCABIR/genblk1[28].dff1/q_reg/Q
                         net (fo=26, routed)          1.214    19.940    CPU/regPCABIR/genblk1[30].dff1/q_reg_171
    SLICE_X51Y109        LUT5 (Prop_lut5_I3_O)        0.124    20.064 r  CPU/regPCABIR/genblk1[30].dff1/LED_OBUF_inst_i_3/O
                         net (fo=34, routed)          0.925    20.989    CPU/regPCABIR/genblk1[30].dff1/q_reg_10
    SLICE_X44Y111        LUT5 (Prop_lut5_I0_O)        0.124    21.113 r  CPU/regPCABIR/genblk1[30].dff1/LED_OBUF_inst_i_2/O
                         net (fo=2, routed)           0.640    21.754    CPU/regPCABIR/genblk1[30].dff1/LED_OBUF_inst_i_2_n_0
    SLICE_X37Y111        LUT4 (Prop_lut4_I0_O)        0.119    21.873 r  CPU/regPCABIR/genblk1[30].dff1/LED_OBUF_inst_i_1/O
                         net (fo=169, routed)         1.278    23.151    CPU/regPCABIR/genblk1[30].dff1/q_reg_9
    SLICE_X49Y117        LUT1 (Prop_lut1_I0_O)        0.360    23.511 f  CPU/regPCABIR/genblk1[30].dff1/count[25]_i_2__0/O
                         net (fo=126, routed)         1.307    24.818    CPU/steppers/driver_X/clock_Div/new_clk_reg_1
    SLICE_X48Y96         FDCE                                         f  CPU/steppers/driver_X/clock_Div/count_reg[5]/CLR
  -------------------------------------------------------------------    -------------------

                         (clock clk_out1_CPU_clock rise edge)
                                                     25.000    25.000 r  
    E3                                                0.000    25.000 r  clock_40mhz (IN)
                         net (fo=0)                   0.000    25.000    CPU_pll/inst/clk_in1
    E3                   IBUF (Prop_ibuf_I_O)         1.411    26.411 r  CPU_pll/inst/clkin1_ibufg/O
                         net (fo=1, routed)           1.181    27.592    CPU_pll/inst/clk_in1_CPU_clock
    PLLE2_ADV_X1Y2       PLLE2_ADV (Prop_plle2_adv_CLKIN1_CLKOUT0)
                                                     -3.253    24.339 r  CPU_pll/inst/plle2_adv_inst/CLKOUT0
                         net (fo=1, routed)           1.634    25.973    CPU_pll/inst/clk_out1_CPU_clock
    BUFGCTRL_X0Y16       BUFG (Prop_bufg_I_O)         0.091    26.064 r  CPU_pll/inst/clkout1_buf/O
                         net (fo=1077, routed)        1.513    27.578    CPU/steppers/driver_X/clock_Div/clk_out1
    SLICE_X48Y96         FDCE                                         r  CPU/steppers/driver_X/clock_Div/count_reg[5]/C
                         clock pessimism              0.020    27.598    
                         clock uncertainty           -0.173    27.425    
    SLICE_X48Y96         FDCE (Recov_fdce_C_CLR)     -0.607    26.818    CPU/steppers/driver_X/clock_Div/count_reg[5]
  -------------------------------------------------------------------
                         required time                         26.818    
                         arrival time                         -24.818    
  -------------------------------------------------------------------
                         slack                                  2.000    

Slack (MET) :             2.000ns  (required time - arrival time)
  Source:                 CPU/regPCABIR/genblk1[28].dff1/q_reg/C
                            (rising edge-triggered cell FDCE clocked by clk_out1_CPU_clock'  {rise@0.000ns fall@12.500ns period=25.000ns})
  Destination:            CPU/steppers/driver_X/clock_Div/new_clk_reg/CLR
                            (recovery check against rising-edge clock clk_out1_CPU_clock  {rise@0.000ns fall@12.500ns period=25.000ns})
  Path Group:             **async_default**
  Path Type:              Recovery (Max at Slow Process Corner)
  Requirement:            12.500ns  (clk_out1_CPU_clock rise@25.000ns - clk_out1_CPU_clock fall@12.500ns)
  Data Path Delay:        6.548ns  (logic 1.183ns (18.068%)  route 5.365ns (81.932%))
  Logic Levels:           4  (LUT1=1 LUT4=1 LUT5=2)
  Clock Path Skew:        -3.172ns (DCD - SCD + CPR)
    Destination Clock Delay (DCD):    2.578ns = ( 27.578 - 25.000 ) 
    Source Clock Delay      (SCD):    5.770ns = ( 18.270 - 12.500 ) 
    Clock Pessimism Removal (CPR):    0.020ns
  Clock Uncertainty:      0.173ns  ((TSJ^2 + DJ^2)^1/2) / 2 + PE
    Total System Jitter     (TSJ):    0.071ns
    Discrete Jitter          (DJ):    0.338ns
    Phase Error              (PE):    0.000ns

    Location             Delay type                Incr(ns)  Path(ns)    Netlist Resource(s)
  -------------------------------------------------------------------    -------------------
                         (clock clk_out1_CPU_clock fall edge)
                                                     12.500    12.500 f  
    E3                                                0.000    12.500 f  clock_40mhz (IN)
                         net (fo=0)                   0.000    12.500    CPU_pll/inst/clk_in1
    E3                   IBUF (Prop_ibuf_I_O)         1.482    13.982 f  CPU_pll/inst/clkin1_ibufg/O
                         net (fo=1, routed)           1.253    15.235    CPU_pll/inst/clk_in1_CPU_clock
    PLLE2_ADV_X1Y2       PLLE2_ADV (Prop_plle2_adv_CLKIN1_CLKOUT0)
                                                     -3.459    11.776 f  CPU_pll/inst/plle2_adv_inst/CLKOUT0
                         net (fo=1, routed)           1.713    13.489    CPU_pll/inst/clk_out1_CPU_clock
    BUFGCTRL_X0Y16       BUFG (Prop_bufg_I_O)         0.096    13.585 f  CPU_pll/inst/clkout1_buf/O
                         net (fo=1077, routed)        2.293    15.878    clock
    SLICE_X52Y96         LUT1 (Prop_lut1_I0_O)        0.124    16.002 r  q_reg_i_6/O
                         net (fo=1, routed)           0.567    16.569    q_reg_i_6_n_0
    BUFGCTRL_X0Y0        BUFG (Prop_bufg_I_O)         0.096    16.665 r  q_reg_i_3/O
                         net (fo=451, routed)         1.605    18.270    CPU/regPCABIR/genblk1[28].dff1/clk0
    SLICE_X57Y115        FDCE                                         r  CPU/regPCABIR/genblk1[28].dff1/q_reg/C
  -------------------------------------------------------------------    -------------------
    SLICE_X57Y115        FDCE (Prop_fdce_C_Q)         0.456    18.726 r  CPU/regPCABIR/genblk1[28].dff1/q_reg/Q
                         net (fo=26, routed)          1.214    19.940    CPU/regPCABIR/genblk1[30].dff1/q_reg_171
    SLICE_X51Y109        LUT5 (Prop_lut5_I3_O)        0.124    20.064 r  CPU/regPCABIR/genblk1[30].dff1/LED_OBUF_inst_i_3/O
                         net (fo=34, routed)          0.925    20.989    CPU/regPCABIR/genblk1[30].dff1/q_reg_10
    SLICE_X44Y111        LUT5 (Prop_lut5_I0_O)        0.124    21.113 r  CPU/regPCABIR/genblk1[30].dff1/LED_OBUF_inst_i_2/O
                         net (fo=2, routed)           0.640    21.754    CPU/regPCABIR/genblk1[30].dff1/LED_OBUF_inst_i_2_n_0
    SLICE_X37Y111        LUT4 (Prop_lut4_I0_O)        0.119    21.873 r  CPU/regPCABIR/genblk1[30].dff1/LED_OBUF_inst_i_1/O
                         net (fo=169, routed)         1.278    23.151    CPU/regPCABIR/genblk1[30].dff1/q_reg_9
    SLICE_X49Y117        LUT1 (Prop_lut1_I0_O)        0.360    23.511 f  CPU/regPCABIR/genblk1[30].dff1/count[25]_i_2__0/O
                         net (fo=126, routed)         1.307    24.818    CPU/steppers/driver_X/clock_Div/new_clk_reg_1
    SLICE_X48Y96         FDCE                                         f  CPU/steppers/driver_X/clock_Div/new_clk_reg/CLR
  -------------------------------------------------------------------    -------------------

                         (clock clk_out1_CPU_clock rise edge)
                                                     25.000    25.000 r  
    E3                                                0.000    25.000 r  clock_40mhz (IN)
                         net (fo=0)                   0.000    25.000    CPU_pll/inst/clk_in1
    E3                   IBUF (Prop_ibuf_I_O)         1.411    26.411 r  CPU_pll/inst/clkin1_ibufg/O
                         net (fo=1, routed)           1.181    27.592    CPU_pll/inst/clk_in1_CPU_clock
    PLLE2_ADV_X1Y2       PLLE2_ADV (Prop_plle2_adv_CLKIN1_CLKOUT0)
                                                     -3.253    24.339 r  CPU_pll/inst/plle2_adv_inst/CLKOUT0
                         net (fo=1, routed)           1.634    25.973    CPU_pll/inst/clk_out1_CPU_clock
    BUFGCTRL_X0Y16       BUFG (Prop_bufg_I_O)         0.091    26.064 r  CPU_pll/inst/clkout1_buf/O
                         net (fo=1077, routed)        1.513    27.578    CPU/steppers/driver_X/clock_Div/clk_out1
    SLICE_X48Y96         FDCE                                         r  CPU/steppers/driver_X/clock_Div/new_clk_reg/C
                         clock pessimism              0.020    27.598    
                         clock uncertainty           -0.173    27.425    
    SLICE_X48Y96         FDCE (Recov_fdce_C_CLR)     -0.607    26.818    CPU/steppers/driver_X/clock_Div/new_clk_reg
  -------------------------------------------------------------------
                         required time                         26.818    
                         arrival time                         -24.818    
  -------------------------------------------------------------------
                         slack                                  2.000    

Slack (MET) :             2.054ns  (required time - arrival time)
  Source:                 CPU/regPCABIR/genblk1[28].dff1/q_reg/C
                            (rising edge-triggered cell FDCE clocked by clk_out1_CPU_clock'  {rise@0.000ns fall@12.500ns period=25.000ns})
  Destination:            CPU/steppers/driver_Y/clock_Div/count_reg[22]/CLR
                            (recovery check against rising-edge clock clk_out1_CPU_clock  {rise@0.000ns fall@12.500ns period=25.000ns})
  Path Group:             **async_default**
  Path Type:              Recovery (Max at Slow Process Corner)
  Requirement:            12.500ns  (clk_out1_CPU_clock rise@25.000ns - clk_out1_CPU_clock fall@12.500ns)
  Data Path Delay:        6.469ns  (logic 1.183ns (18.287%)  route 5.286ns (81.713%))
  Logic Levels:           4  (LUT1=1 LUT4=1 LUT5=2)
  Clock Path Skew:        -3.197ns (DCD - SCD + CPR)
    Destination Clock Delay (DCD):    2.553ns = ( 27.553 - 25.000 ) 
    Source Clock Delay      (SCD):    5.770ns = ( 18.270 - 12.500 ) 
    Clock Pessimism Removal (CPR):    0.020ns
  Clock Uncertainty:      0.173ns  ((TSJ^2 + DJ^2)^1/2) / 2 + PE
    Total System Jitter     (TSJ):    0.071ns
    Discrete Jitter          (DJ):    0.338ns
    Phase Error              (PE):    0.000ns

    Location             Delay type                Incr(ns)  Path(ns)    Netlist Resource(s)
  -------------------------------------------------------------------    -------------------
                         (clock clk_out1_CPU_clock fall edge)
                                                     12.500    12.500 f  
    E3                                                0.000    12.500 f  clock_40mhz (IN)
                         net (fo=0)                   0.000    12.500    CPU_pll/inst/clk_in1
    E3                   IBUF (Prop_ibuf_I_O)         1.482    13.982 f  CPU_pll/inst/clkin1_ibufg/O
                         net (fo=1, routed)           1.253    15.235    CPU_pll/inst/clk_in1_CPU_clock
    PLLE2_ADV_X1Y2       PLLE2_ADV (Prop_plle2_adv_CLKIN1_CLKOUT0)
                                                     -3.459    11.776 f  CPU_pll/inst/plle2_adv_inst/CLKOUT0
                         net (fo=1, routed)           1.713    13.489    CPU_pll/inst/clk_out1_CPU_clock
    BUFGCTRL_X0Y16       BUFG (Prop_bufg_I_O)         0.096    13.585 f  CPU_pll/inst/clkout1_buf/O
                         net (fo=1077, routed)        2.293    15.878    clock
    SLICE_X52Y96         LUT1 (Prop_lut1_I0_O)        0.124    16.002 r  q_reg_i_6/O
                         net (fo=1, routed)           0.567    16.569    q_reg_i_6_n_0
    BUFGCTRL_X0Y0        BUFG (Prop_bufg_I_O)         0.096    16.665 r  q_reg_i_3/O
                         net (fo=451, routed)         1.605    18.270    CPU/regPCABIR/genblk1[28].dff1/clk0
    SLICE_X57Y115        FDCE                                         r  CPU/regPCABIR/genblk1[28].dff1/q_reg/C
  -------------------------------------------------------------------    -------------------
    SLICE_X57Y115        FDCE (Prop_fdce_C_Q)         0.456    18.726 r  CPU/regPCABIR/genblk1[28].dff1/q_reg/Q
                         net (fo=26, routed)          1.214    19.940    CPU/regPCABIR/genblk1[30].dff1/q_reg_171
    SLICE_X51Y109        LUT5 (Prop_lut5_I3_O)        0.124    20.064 r  CPU/regPCABIR/genblk1[30].dff1/LED_OBUF_inst_i_3/O
                         net (fo=34, routed)          0.925    20.989    CPU/regPCABIR/genblk1[30].dff1/q_reg_10
    SLICE_X44Y111        LUT5 (Prop_lut5_I0_O)        0.124    21.113 r  CPU/regPCABIR/genblk1[30].dff1/LED_OBUF_inst_i_2/O
                         net (fo=2, routed)           0.640    21.754    CPU/regPCABIR/genblk1[30].dff1/LED_OBUF_inst_i_2_n_0
    SLICE_X37Y111        LUT4 (Prop_lut4_I0_O)        0.119    21.873 r  CPU/regPCABIR/genblk1[30].dff1/LED_OBUF_inst_i_1/O
                         net (fo=169, routed)         1.278    23.151    CPU/regPCABIR/genblk1[30].dff1/q_reg_9
    SLICE_X49Y117        LUT1 (Prop_lut1_I0_O)        0.360    23.511 f  CPU/regPCABIR/genblk1[30].dff1/count[25]_i_2__0/O
                         net (fo=126, routed)         1.229    24.740    CPU/steppers/driver_Y/clock_Div/new_clk_reg_1
    SLICE_X52Y101        FDCE                                         f  CPU/steppers/driver_Y/clock_Div/count_reg[22]/CLR
  -------------------------------------------------------------------    -------------------

                         (clock clk_out1_CPU_clock rise edge)
                                                     25.000    25.000 r  
    E3                                                0.000    25.000 r  clock_40mhz (IN)
                         net (fo=0)                   0.000    25.000    CPU_pll/inst/clk_in1
    E3                   IBUF (Prop_ibuf_I_O)         1.411    26.411 r  CPU_pll/inst/clkin1_ibufg/O
                         net (fo=1, routed)           1.181    27.592    CPU_pll/inst/clk_in1_CPU_clock
    PLLE2_ADV_X1Y2       PLLE2_ADV (Prop_plle2_adv_CLKIN1_CLKOUT0)
                                                     -3.253    24.339 r  CPU_pll/inst/plle2_adv_inst/CLKOUT0
                         net (fo=1, routed)           1.634    25.973    CPU_pll/inst/clk_out1_CPU_clock
    BUFGCTRL_X0Y16       BUFG (Prop_bufg_I_O)         0.091    26.064 r  CPU_pll/inst/clkout1_buf/O
                         net (fo=1077, routed)        1.489    27.553    CPU/steppers/driver_Y/clock_Div/clk_out1
    SLICE_X52Y101        FDCE                                         r  CPU/steppers/driver_Y/clock_Div/count_reg[22]/C
                         clock pessimism              0.020    27.574    
                         clock uncertainty           -0.173    27.401    
    SLICE_X52Y101        FDCE (Recov_fdce_C_CLR)     -0.607    26.794    CPU/steppers/driver_Y/clock_Div/count_reg[22]
  -------------------------------------------------------------------
                         required time                         26.794    
                         arrival time                         -24.740    
  -------------------------------------------------------------------
                         slack                                  2.054    

Slack (MET) :             2.054ns  (required time - arrival time)
  Source:                 CPU/regPCABIR/genblk1[28].dff1/q_reg/C
                            (rising edge-triggered cell FDCE clocked by clk_out1_CPU_clock'  {rise@0.000ns fall@12.500ns period=25.000ns})
  Destination:            CPU/steppers/driver_Y/clock_Div/count_reg[23]/CLR
                            (recovery check against rising-edge clock clk_out1_CPU_clock  {rise@0.000ns fall@12.500ns period=25.000ns})
  Path Group:             **async_default**
  Path Type:              Recovery (Max at Slow Process Corner)
  Requirement:            12.500ns  (clk_out1_CPU_clock rise@25.000ns - clk_out1_CPU_clock fall@12.500ns)
  Data Path Delay:        6.469ns  (logic 1.183ns (18.287%)  route 5.286ns (81.713%))
  Logic Levels:           4  (LUT1=1 LUT4=1 LUT5=2)
  Clock Path Skew:        -3.197ns (DCD - SCD + CPR)
    Destination Clock Delay (DCD):    2.553ns = ( 27.553 - 25.000 ) 
    Source Clock Delay      (SCD):    5.770ns = ( 18.270 - 12.500 ) 
    Clock Pessimism Removal (CPR):    0.020ns
  Clock Uncertainty:      0.173ns  ((TSJ^2 + DJ^2)^1/2) / 2 + PE
    Total System Jitter     (TSJ):    0.071ns
    Discrete Jitter          (DJ):    0.338ns
    Phase Error              (PE):    0.000ns

    Location             Delay type                Incr(ns)  Path(ns)    Netlist Resource(s)
  -------------------------------------------------------------------    -------------------
                         (clock clk_out1_CPU_clock fall edge)
                                                     12.500    12.500 f  
    E3                                                0.000    12.500 f  clock_40mhz (IN)
                         net (fo=0)                   0.000    12.500    CPU_pll/inst/clk_in1
    E3                   IBUF (Prop_ibuf_I_O)         1.482    13.982 f  CPU_pll/inst/clkin1_ibufg/O
                         net (fo=1, routed)           1.253    15.235    CPU_pll/inst/clk_in1_CPU_clock
    PLLE2_ADV_X1Y2       PLLE2_ADV (Prop_plle2_adv_CLKIN1_CLKOUT0)
                                                     -3.459    11.776 f  CPU_pll/inst/plle2_adv_inst/CLKOUT0
                         net (fo=1, routed)           1.713    13.489    CPU_pll/inst/clk_out1_CPU_clock
    BUFGCTRL_X0Y16       BUFG (Prop_bufg_I_O)         0.096    13.585 f  CPU_pll/inst/clkout1_buf/O
                         net (fo=1077, routed)        2.293    15.878    clock
    SLICE_X52Y96         LUT1 (Prop_lut1_I0_O)        0.124    16.002 r  q_reg_i_6/O
                         net (fo=1, routed)           0.567    16.569    q_reg_i_6_n_0
    BUFGCTRL_X0Y0        BUFG (Prop_bufg_I_O)         0.096    16.665 r  q_reg_i_3/O
                         net (fo=451, routed)         1.605    18.270    CPU/regPCABIR/genblk1[28].dff1/clk0
    SLICE_X57Y115        FDCE                                         r  CPU/regPCABIR/genblk1[28].dff1/q_reg/C
  -------------------------------------------------------------------    -------------------
    SLICE_X57Y115        FDCE (Prop_fdce_C_Q)         0.456    18.726 r  CPU/regPCABIR/genblk1[28].dff1/q_reg/Q
                         net (fo=26, routed)          1.214    19.940    CPU/regPCABIR/genblk1[30].dff1/q_reg_171
    SLICE_X51Y109        LUT5 (Prop_lut5_I3_O)        0.124    20.064 r  CPU/regPCABIR/genblk1[30].dff1/LED_OBUF_inst_i_3/O
                         net (fo=34, routed)          0.925    20.989    CPU/regPCABIR/genblk1[30].dff1/q_reg_10
    SLICE_X44Y111        LUT5 (Prop_lut5_I0_O)        0.124    21.113 r  CPU/regPCABIR/genblk1[30].dff1/LED_OBUF_inst_i_2/O
                         net (fo=2, routed)           0.640    21.754    CPU/regPCABIR/genblk1[30].dff1/LED_OBUF_inst_i_2_n_0
    SLICE_X37Y111        LUT4 (Prop_lut4_I0_O)        0.119    21.873 r  CPU/regPCABIR/genblk1[30].dff1/LED_OBUF_inst_i_1/O
                         net (fo=169, routed)         1.278    23.151    CPU/regPCABIR/genblk1[30].dff1/q_reg_9
    SLICE_X49Y117        LUT1 (Prop_lut1_I0_O)        0.360    23.511 f  CPU/regPCABIR/genblk1[30].dff1/count[25]_i_2__0/O
                         net (fo=126, routed)         1.229    24.740    CPU/steppers/driver_Y/clock_Div/new_clk_reg_1
    SLICE_X52Y101        FDCE                                         f  CPU/steppers/driver_Y/clock_Div/count_reg[23]/CLR
  -------------------------------------------------------------------    -------------------

                         (clock clk_out1_CPU_clock rise edge)
                                                     25.000    25.000 r  
    E3                                                0.000    25.000 r  clock_40mhz (IN)
                         net (fo=0)                   0.000    25.000    CPU_pll/inst/clk_in1
    E3                   IBUF (Prop_ibuf_I_O)         1.411    26.411 r  CPU_pll/inst/clkin1_ibufg/O
                         net (fo=1, routed)           1.181    27.592    CPU_pll/inst/clk_in1_CPU_clock
    PLLE2_ADV_X1Y2       PLLE2_ADV (Prop_plle2_adv_CLKIN1_CLKOUT0)
                                                     -3.253    24.339 r  CPU_pll/inst/plle2_adv_inst/CLKOUT0
                         net (fo=1, routed)           1.634    25.973    CPU_pll/inst/clk_out1_CPU_clock
    BUFGCTRL_X0Y16       BUFG (Prop_bufg_I_O)         0.091    26.064 r  CPU_pll/inst/clkout1_buf/O
                         net (fo=1077, routed)        1.489    27.553    CPU/steppers/driver_Y/clock_Div/clk_out1
    SLICE_X52Y101        FDCE                                         r  CPU/steppers/driver_Y/clock_Div/count_reg[23]/C
                         clock pessimism              0.020    27.574    
                         clock uncertainty           -0.173    27.401    
    SLICE_X52Y101        FDCE (Recov_fdce_C_CLR)     -0.607    26.794    CPU/steppers/driver_Y/clock_Div/count_reg[23]
  -------------------------------------------------------------------
                         required time                         26.794    
                         arrival time                         -24.740    
  -------------------------------------------------------------------
                         slack                                  2.054    

Slack (MET) :             2.054ns  (required time - arrival time)
  Source:                 CPU/regPCABIR/genblk1[28].dff1/q_reg/C
                            (rising edge-triggered cell FDCE clocked by clk_out1_CPU_clock'  {rise@0.000ns fall@12.500ns period=25.000ns})
  Destination:            CPU/steppers/driver_Y/clock_Div/count_reg[24]/CLR
                            (recovery check against rising-edge clock clk_out1_CPU_clock  {rise@0.000ns fall@12.500ns period=25.000ns})
  Path Group:             **async_default**
  Path Type:              Recovery (Max at Slow Process Corner)
  Requirement:            12.500ns  (clk_out1_CPU_clock rise@25.000ns - clk_out1_CPU_clock fall@12.500ns)
  Data Path Delay:        6.469ns  (logic 1.183ns (18.287%)  route 5.286ns (81.713%))
  Logic Levels:           4  (LUT1=1 LUT4=1 LUT5=2)
  Clock Path Skew:        -3.197ns (DCD - SCD + CPR)
    Destination Clock Delay (DCD):    2.553ns = ( 27.553 - 25.000 ) 
    Source Clock Delay      (SCD):    5.770ns = ( 18.270 - 12.500 ) 
    Clock Pessimism Removal (CPR):    0.020ns
  Clock Uncertainty:      0.173ns  ((TSJ^2 + DJ^2)^1/2) / 2 + PE
    Total System Jitter     (TSJ):    0.071ns
    Discrete Jitter          (DJ):    0.338ns
    Phase Error              (PE):    0.000ns

    Location             Delay type                Incr(ns)  Path(ns)    Netlist Resource(s)
  -------------------------------------------------------------------    -------------------
                         (clock clk_out1_CPU_clock fall edge)
                                                     12.500    12.500 f  
    E3                                                0.000    12.500 f  clock_40mhz (IN)
                         net (fo=0)                   0.000    12.500    CPU_pll/inst/clk_in1
    E3                   IBUF (Prop_ibuf_I_O)         1.482    13.982 f  CPU_pll/inst/clkin1_ibufg/O
                         net (fo=1, routed)           1.253    15.235    CPU_pll/inst/clk_in1_CPU_clock
    PLLE2_ADV_X1Y2       PLLE2_ADV (Prop_plle2_adv_CLKIN1_CLKOUT0)
                                                     -3.459    11.776 f  CPU_pll/inst/plle2_adv_inst/CLKOUT0
                         net (fo=1, routed)           1.713    13.489    CPU_pll/inst/clk_out1_CPU_clock
    BUFGCTRL_X0Y16       BUFG (Prop_bufg_I_O)         0.096    13.585 f  CPU_pll/inst/clkout1_buf/O
                         net (fo=1077, routed)        2.293    15.878    clock
    SLICE_X52Y96         LUT1 (Prop_lut1_I0_O)        0.124    16.002 r  q_reg_i_6/O
                         net (fo=1, routed)           0.567    16.569    q_reg_i_6_n_0
    BUFGCTRL_X0Y0        BUFG (Prop_bufg_I_O)         0.096    16.665 r  q_reg_i_3/O
                         net (fo=451, routed)         1.605    18.270    CPU/regPCABIR/genblk1[28].dff1/clk0
    SLICE_X57Y115        FDCE                                         r  CPU/regPCABIR/genblk1[28].dff1/q_reg/C
  -------------------------------------------------------------------    -------------------
    SLICE_X57Y115        FDCE (Prop_fdce_C_Q)         0.456    18.726 r  CPU/regPCABIR/genblk1[28].dff1/q_reg/Q
                         net (fo=26, routed)          1.214    19.940    CPU/regPCABIR/genblk1[30].dff1/q_reg_171
    SLICE_X51Y109        LUT5 (Prop_lut5_I3_O)        0.124    20.064 r  CPU/regPCABIR/genblk1[30].dff1/LED_OBUF_inst_i_3/O
                         net (fo=34, routed)          0.925    20.989    CPU/regPCABIR/genblk1[30].dff1/q_reg_10
    SLICE_X44Y111        LUT5 (Prop_lut5_I0_O)        0.124    21.113 r  CPU/regPCABIR/genblk1[30].dff1/LED_OBUF_inst_i_2/O
                         net (fo=2, routed)           0.640    21.754    CPU/regPCABIR/genblk1[30].dff1/LED_OBUF_inst_i_2_n_0
    SLICE_X37Y111        LUT4 (Prop_lut4_I0_O)        0.119    21.873 r  CPU/regPCABIR/genblk1[30].dff1/LED_OBUF_inst_i_1/O
                         net (fo=169, routed)         1.278    23.151    CPU/regPCABIR/genblk1[30].dff1/q_reg_9
    SLICE_X49Y117        LUT1 (Prop_lut1_I0_O)        0.360    23.511 f  CPU/regPCABIR/genblk1[30].dff1/count[25]_i_2__0/O
                         net (fo=126, routed)         1.229    24.740    CPU/steppers/driver_Y/clock_Div/new_clk_reg_1
    SLICE_X52Y101        FDCE                                         f  CPU/steppers/driver_Y/clock_Div/count_reg[24]/CLR
  -------------------------------------------------------------------    -------------------

                         (clock clk_out1_CPU_clock rise edge)
                                                     25.000    25.000 r  
    E3                                                0.000    25.000 r  clock_40mhz (IN)
                         net (fo=0)                   0.000    25.000    CPU_pll/inst/clk_in1
    E3                   IBUF (Prop_ibuf_I_O)         1.411    26.411 r  CPU_pll/inst/clkin1_ibufg/O
                         net (fo=1, routed)           1.181    27.592    CPU_pll/inst/clk_in1_CPU_clock
    PLLE2_ADV_X1Y2       PLLE2_ADV (Prop_plle2_adv_CLKIN1_CLKOUT0)
                                                     -3.253    24.339 r  CPU_pll/inst/plle2_adv_inst/CLKOUT0
                         net (fo=1, routed)           1.634    25.973    CPU_pll/inst/clk_out1_CPU_clock
    BUFGCTRL_X0Y16       BUFG (Prop_bufg_I_O)         0.091    26.064 r  CPU_pll/inst/clkout1_buf/O
                         net (fo=1077, routed)        1.489    27.553    CPU/steppers/driver_Y/clock_Div/clk_out1
    SLICE_X52Y101        FDCE                                         r  CPU/steppers/driver_Y/clock_Div/count_reg[24]/C
                         clock pessimism              0.020    27.574    
                         clock uncertainty           -0.173    27.401    
    SLICE_X52Y101        FDCE (Recov_fdce_C_CLR)     -0.607    26.794    CPU/steppers/driver_Y/clock_Div/count_reg[24]
  -------------------------------------------------------------------
                         required time                         26.794    
                         arrival time                         -24.740    
  -------------------------------------------------------------------
                         slack                                  2.054    

Slack (MET) :             2.054ns  (required time - arrival time)
  Source:                 CPU/regPCABIR/genblk1[28].dff1/q_reg/C
                            (rising edge-triggered cell FDCE clocked by clk_out1_CPU_clock'  {rise@0.000ns fall@12.500ns period=25.000ns})
  Destination:            CPU/steppers/driver_Y/clock_Div/count_reg[25]/CLR
                            (recovery check against rising-edge clock clk_out1_CPU_clock  {rise@0.000ns fall@12.500ns period=25.000ns})
  Path Group:             **async_default**
  Path Type:              Recovery (Max at Slow Process Corner)
  Requirement:            12.500ns  (clk_out1_CPU_clock rise@25.000ns - clk_out1_CPU_clock fall@12.500ns)
  Data Path Delay:        6.469ns  (logic 1.183ns (18.287%)  route 5.286ns (81.713%))
  Logic Levels:           4  (LUT1=1 LUT4=1 LUT5=2)
  Clock Path Skew:        -3.197ns (DCD - SCD + CPR)
    Destination Clock Delay (DCD):    2.553ns = ( 27.553 - 25.000 ) 
    Source Clock Delay      (SCD):    5.770ns = ( 18.270 - 12.500 ) 
    Clock Pessimism Removal (CPR):    0.020ns
  Clock Uncertainty:      0.173ns  ((TSJ^2 + DJ^2)^1/2) / 2 + PE
    Total System Jitter     (TSJ):    0.071ns
    Discrete Jitter          (DJ):    0.338ns
    Phase Error              (PE):    0.000ns

    Location             Delay type                Incr(ns)  Path(ns)    Netlist Resource(s)
  -------------------------------------------------------------------    -------------------
                         (clock clk_out1_CPU_clock fall edge)
                                                     12.500    12.500 f  
    E3                                                0.000    12.500 f  clock_40mhz (IN)
                         net (fo=0)                   0.000    12.500    CPU_pll/inst/clk_in1
    E3                   IBUF (Prop_ibuf_I_O)         1.482    13.982 f  CPU_pll/inst/clkin1_ibufg/O
                         net (fo=1, routed)           1.253    15.235    CPU_pll/inst/clk_in1_CPU_clock
    PLLE2_ADV_X1Y2       PLLE2_ADV (Prop_plle2_adv_CLKIN1_CLKOUT0)
                                                     -3.459    11.776 f  CPU_pll/inst/plle2_adv_inst/CLKOUT0
                         net (fo=1, routed)           1.713    13.489    CPU_pll/inst/clk_out1_CPU_clock
    BUFGCTRL_X0Y16       BUFG (Prop_bufg_I_O)         0.096    13.585 f  CPU_pll/inst/clkout1_buf/O
                         net (fo=1077, routed)        2.293    15.878    clock
    SLICE_X52Y96         LUT1 (Prop_lut1_I0_O)        0.124    16.002 r  q_reg_i_6/O
                         net (fo=1, routed)           0.567    16.569    q_reg_i_6_n_0
    BUFGCTRL_X0Y0        BUFG (Prop_bufg_I_O)         0.096    16.665 r  q_reg_i_3/O
                         net (fo=451, routed)         1.605    18.270    CPU/regPCABIR/genblk1[28].dff1/clk0
    SLICE_X57Y115        FDCE                                         r  CPU/regPCABIR/genblk1[28].dff1/q_reg/C
  -------------------------------------------------------------------    -------------------
    SLICE_X57Y115        FDCE (Prop_fdce_C_Q)         0.456    18.726 r  CPU/regPCABIR/genblk1[28].dff1/q_reg/Q
                         net (fo=26, routed)          1.214    19.940    CPU/regPCABIR/genblk1[30].dff1/q_reg_171
    SLICE_X51Y109        LUT5 (Prop_lut5_I3_O)        0.124    20.064 r  CPU/regPCABIR/genblk1[30].dff1/LED_OBUF_inst_i_3/O
                         net (fo=34, routed)          0.925    20.989    CPU/regPCABIR/genblk1[30].dff1/q_reg_10
    SLICE_X44Y111        LUT5 (Prop_lut5_I0_O)        0.124    21.113 r  CPU/regPCABIR/genblk1[30].dff1/LED_OBUF_inst_i_2/O
                         net (fo=2, routed)           0.640    21.754    CPU/regPCABIR/genblk1[30].dff1/LED_OBUF_inst_i_2_n_0
    SLICE_X37Y111        LUT4 (Prop_lut4_I0_O)        0.119    21.873 r  CPU/regPCABIR/genblk1[30].dff1/LED_OBUF_inst_i_1/O
                         net (fo=169, routed)         1.278    23.151    CPU/regPCABIR/genblk1[30].dff1/q_reg_9
    SLICE_X49Y117        LUT1 (Prop_lut1_I0_O)        0.360    23.511 f  CPU/regPCABIR/genblk1[30].dff1/count[25]_i_2__0/O
                         net (fo=126, routed)         1.229    24.740    CPU/steppers/driver_Y/clock_Div/new_clk_reg_1
    SLICE_X52Y101        FDCE                                         f  CPU/steppers/driver_Y/clock_Div/count_reg[25]/CLR
  -------------------------------------------------------------------    -------------------

                         (clock clk_out1_CPU_clock rise edge)
                                                     25.000    25.000 r  
    E3                                                0.000    25.000 r  clock_40mhz (IN)
                         net (fo=0)                   0.000    25.000    CPU_pll/inst/clk_in1
    E3                   IBUF (Prop_ibuf_I_O)         1.411    26.411 r  CPU_pll/inst/clkin1_ibufg/O
                         net (fo=1, routed)           1.181    27.592    CPU_pll/inst/clk_in1_CPU_clock
    PLLE2_ADV_X1Y2       PLLE2_ADV (Prop_plle2_adv_CLKIN1_CLKOUT0)
                                                     -3.253    24.339 r  CPU_pll/inst/plle2_adv_inst/CLKOUT0
                         net (fo=1, routed)           1.634    25.973    CPU_pll/inst/clk_out1_CPU_clock
    BUFGCTRL_X0Y16       BUFG (Prop_bufg_I_O)         0.091    26.064 r  CPU_pll/inst/clkout1_buf/O
                         net (fo=1077, routed)        1.489    27.553    CPU/steppers/driver_Y/clock_Div/clk_out1
    SLICE_X52Y101        FDCE                                         r  CPU/steppers/driver_Y/clock_Div/count_reg[25]/C
                         clock pessimism              0.020    27.574    
                         clock uncertainty           -0.173    27.401    
    SLICE_X52Y101        FDCE (Recov_fdce_C_CLR)     -0.607    26.794    CPU/steppers/driver_Y/clock_Div/count_reg[25]
  -------------------------------------------------------------------
                         required time                         26.794    
                         arrival time                         -24.740    
  -------------------------------------------------------------------
                         slack                                  2.054    





Min Delay Paths
--------------------------------------------------------------------------------------
Slack (MET) :             14.805ns  (arrival time - required time)
  Source:                 CPU/regPCABIR/genblk1[5].dff1/q_reg/C
                            (rising edge-triggered cell FDCE clocked by clk_out1_CPU_clock'  {rise@0.000ns fall@12.500ns period=25.000ns})
  Destination:            CPU/steppers/driver_X/clock_Div/count_reg[10]/CLR
                            (removal check against rising-edge clock clk_out1_CPU_clock  {rise@0.000ns fall@12.500ns period=25.000ns})
  Path Group:             **async_default**
  Path Type:              Removal (Min at Fast Process Corner)
  Requirement:            -12.500ns  (clk_out1_CPU_clock rise@0.000ns - clk_out1_CPU_clock fall@12.500ns)
  Data Path Delay:        1.523ns  (logic 0.297ns (19.496%)  route 1.226ns (80.504%))
  Logic Levels:           2  (LUT1=1 LUT4=1)
  Clock Path Skew:        -0.801ns (DCD - SCD - CPR)
    Destination Clock Delay (DCD):    0.928ns
    Source Clock Delay      (SCD):    1.769ns = ( 14.269 - 12.500 ) 
    Clock Pessimism Removal (CPR):    -0.040ns
  Clock Uncertainty:      0.173ns  ((TSJ^2 + DJ^2)^1/2) / 2 + PE
    Total System Jitter     (TSJ):    0.071ns
    Discrete Jitter          (DJ):    0.338ns
    Phase Error              (PE):    0.000ns

    Location             Delay type                Incr(ns)  Path(ns)    Netlist Resource(s)
  -------------------------------------------------------------------    -------------------
                         (clock clk_out1_CPU_clock fall edge)
                                                     12.500    12.500 f  
    E3                                                0.000    12.500 f  clock_40mhz (IN)
                         net (fo=0)                   0.000    12.500    CPU_pll/inst/clk_in1
    E3                   IBUF (Prop_ibuf_I_O)         0.250    12.750 f  CPU_pll/inst/clkin1_ibufg/O
                         net (fo=1, routed)           0.440    13.190    CPU_pll/inst/clk_in1_CPU_clock
    PLLE2_ADV_X1Y2       PLLE2_ADV (Prop_plle2_adv_CLKIN1_CLKOUT0)
                                                     -1.100    12.090 f  CPU_pll/inst/plle2_adv_inst/CLKOUT0
                         net (fo=1, routed)           0.514    12.604    CPU_pll/inst/clk_out1_CPU_clock
    BUFGCTRL_X0Y16       BUFG (Prop_bufg_I_O)         0.026    12.630 f  CPU_pll/inst/clkout1_buf/O
                         net (fo=1077, routed)        0.789    13.420    clock
    SLICE_X52Y96         LUT1 (Prop_lut1_I0_O)        0.045    13.465 r  q_reg_i_6/O
                         net (fo=1, routed)           0.213    13.678    q_reg_i_6_n_0
    BUFGCTRL_X0Y0        BUFG (Prop_bufg_I_O)         0.026    13.704 r  q_reg_i_3/O
                         net (fo=451, routed)         0.565    14.269    CPU/regPCABIR/genblk1[5].dff1/clk0
    SLICE_X32Y110        FDCE                                         r  CPU/regPCABIR/genblk1[5].dff1/q_reg/C
  -------------------------------------------------------------------    -------------------
    SLICE_X32Y110        FDCE (Prop_fdce_C_Q)         0.141    14.410 r  CPU/regPCABIR/genblk1[5].dff1/q_reg/Q
                         net (fo=11, routed)          0.254    14.664    CPU/regPCABIR/genblk1[30].dff1/regOutPCABIR[4]
    SLICE_X37Y111        LUT4 (Prop_lut4_I1_O)        0.045    14.709 r  CPU/regPCABIR/genblk1[30].dff1/LED_OBUF_inst_i_1/O
                         net (fo=169, routed)         0.526    15.235    CPU/regPCABIR/genblk1[30].dff1/q_reg_9
    SLICE_X49Y117        LUT1 (Prop_lut1_I0_O)        0.111    15.346 f  CPU/regPCABIR/genblk1[30].dff1/count[25]_i_2__0/O
                         net (fo=126, routed)         0.446    15.792    CPU/steppers/driver_X/clock_Div/new_clk_reg_1
    SLICE_X48Y99         FDCE                                         f  CPU/steppers/driver_X/clock_Div/count_reg[10]/CLR
  -------------------------------------------------------------------    -------------------

                         (clock clk_out1_CPU_clock rise edge)
                                                      0.000     0.000 r  
    E3                                                0.000     0.000 r  clock_40mhz (IN)
                         net (fo=0)                   0.000     0.000    CPU_pll/inst/clk_in1
    E3                   IBUF (Prop_ibuf_I_O)         0.438     0.438 r  CPU_pll/inst/clkin1_ibufg/O
                         net (fo=1, routed)           0.481     0.919    CPU_pll/inst/clk_in1_CPU_clock
    PLLE2_ADV_X1Y2       PLLE2_ADV (Prop_plle2_adv_CLKIN1_CLKOUT0)
                                                     -1.417    -0.498 r  CPU_pll/inst/plle2_adv_inst/CLKOUT0
                         net (fo=1, routed)           0.560     0.061    CPU_pll/inst/clk_out1_CPU_clock
    BUFGCTRL_X0Y16       BUFG (Prop_bufg_I_O)         0.029     0.090 r  CPU_pll/inst/clkout1_buf/O
                         net (fo=1077, routed)        0.838     0.928    CPU/steppers/driver_X/clock_Div/clk_out1
    SLICE_X48Y99         FDCE                                         r  CPU/steppers/driver_X/clock_Div/count_reg[10]/C
                         clock pessimism              0.040     0.968    
                         clock uncertainty            0.173     1.141    
    SLICE_X48Y99         FDCE (Remov_fdce_C_CLR)     -0.154     0.987    CPU/steppers/driver_X/clock_Div/count_reg[10]
  -------------------------------------------------------------------
                         required time                         -0.987    
                         arrival time                          15.792    
  -------------------------------------------------------------------
                         slack                                 14.805    

Slack (MET) :             14.805ns  (arrival time - required time)
  Source:                 CPU/regPCABIR/genblk1[5].dff1/q_reg/C
                            (rising edge-triggered cell FDCE clocked by clk_out1_CPU_clock'  {rise@0.000ns fall@12.500ns period=25.000ns})
  Destination:            CPU/steppers/driver_X/clock_Div/count_reg[13]/CLR
                            (removal check against rising-edge clock clk_out1_CPU_clock  {rise@0.000ns fall@12.500ns period=25.000ns})
  Path Group:             **async_default**
  Path Type:              Removal (Min at Fast Process Corner)
  Requirement:            -12.500ns  (clk_out1_CPU_clock rise@0.000ns - clk_out1_CPU_clock fall@12.500ns)
  Data Path Delay:        1.523ns  (logic 0.297ns (19.496%)  route 1.226ns (80.504%))
  Logic Levels:           2  (LUT1=1 LUT4=1)
  Clock Path Skew:        -0.801ns (DCD - SCD - CPR)
    Destination Clock Delay (DCD):    0.928ns
    Source Clock Delay      (SCD):    1.769ns = ( 14.269 - 12.500 ) 
    Clock Pessimism Removal (CPR):    -0.040ns
  Clock Uncertainty:      0.173ns  ((TSJ^2 + DJ^2)^1/2) / 2 + PE
    Total System Jitter     (TSJ):    0.071ns
    Discrete Jitter          (DJ):    0.338ns
    Phase Error              (PE):    0.000ns

    Location             Delay type                Incr(ns)  Path(ns)    Netlist Resource(s)
  -------------------------------------------------------------------    -------------------
                         (clock clk_out1_CPU_clock fall edge)
                                                     12.500    12.500 f  
    E3                                                0.000    12.500 f  clock_40mhz (IN)
                         net (fo=0)                   0.000    12.500    CPU_pll/inst/clk_in1
    E3                   IBUF (Prop_ibuf_I_O)         0.250    12.750 f  CPU_pll/inst/clkin1_ibufg/O
                         net (fo=1, routed)           0.440    13.190    CPU_pll/inst/clk_in1_CPU_clock
    PLLE2_ADV_X1Y2       PLLE2_ADV (Prop_plle2_adv_CLKIN1_CLKOUT0)
                                                     -1.100    12.090 f  CPU_pll/inst/plle2_adv_inst/CLKOUT0
                         net (fo=1, routed)           0.514    12.604    CPU_pll/inst/clk_out1_CPU_clock
    BUFGCTRL_X0Y16       BUFG (Prop_bufg_I_O)         0.026    12.630 f  CPU_pll/inst/clkout1_buf/O
                         net (fo=1077, routed)        0.789    13.420    clock
    SLICE_X52Y96         LUT1 (Prop_lut1_I0_O)        0.045    13.465 r  q_reg_i_6/O
                         net (fo=1, routed)           0.213    13.678    q_reg_i_6_n_0
    BUFGCTRL_X0Y0        BUFG (Prop_bufg_I_O)         0.026    13.704 r  q_reg_i_3/O
                         net (fo=451, routed)         0.565    14.269    CPU/regPCABIR/genblk1[5].dff1/clk0
    SLICE_X32Y110        FDCE                                         r  CPU/regPCABIR/genblk1[5].dff1/q_reg/C
  -------------------------------------------------------------------    -------------------
    SLICE_X32Y110        FDCE (Prop_fdce_C_Q)         0.141    14.410 r  CPU/regPCABIR/genblk1[5].dff1/q_reg/Q
                         net (fo=11, routed)          0.254    14.664    CPU/regPCABIR/genblk1[30].dff1/regOutPCABIR[4]
    SLICE_X37Y111        LUT4 (Prop_lut4_I1_O)        0.045    14.709 r  CPU/regPCABIR/genblk1[30].dff1/LED_OBUF_inst_i_1/O
                         net (fo=169, routed)         0.526    15.235    CPU/regPCABIR/genblk1[30].dff1/q_reg_9
    SLICE_X49Y117        LUT1 (Prop_lut1_I0_O)        0.111    15.346 f  CPU/regPCABIR/genblk1[30].dff1/count[25]_i_2__0/O
                         net (fo=126, routed)         0.446    15.792    CPU/steppers/driver_X/clock_Div/new_clk_reg_1
    SLICE_X48Y99         FDCE                                         f  CPU/steppers/driver_X/clock_Div/count_reg[13]/CLR
  -------------------------------------------------------------------    -------------------

                         (clock clk_out1_CPU_clock rise edge)
                                                      0.000     0.000 r  
    E3                                                0.000     0.000 r  clock_40mhz (IN)
                         net (fo=0)                   0.000     0.000    CPU_pll/inst/clk_in1
    E3                   IBUF (Prop_ibuf_I_O)         0.438     0.438 r  CPU_pll/inst/clkin1_ibufg/O
                         net (fo=1, routed)           0.481     0.919    CPU_pll/inst/clk_in1_CPU_clock
    PLLE2_ADV_X1Y2       PLLE2_ADV (Prop_plle2_adv_CLKIN1_CLKOUT0)
                                                     -1.417    -0.498 r  CPU_pll/inst/plle2_adv_inst/CLKOUT0
                         net (fo=1, routed)           0.560     0.061    CPU_pll/inst/clk_out1_CPU_clock
    BUFGCTRL_X0Y16       BUFG (Prop_bufg_I_O)         0.029     0.090 r  CPU_pll/inst/clkout1_buf/O
                         net (fo=1077, routed)        0.838     0.928    CPU/steppers/driver_X/clock_Div/clk_out1
    SLICE_X48Y99         FDCE                                         r  CPU/steppers/driver_X/clock_Div/count_reg[13]/C
                         clock pessimism              0.040     0.968    
                         clock uncertainty            0.173     1.141    
    SLICE_X48Y99         FDCE (Remov_fdce_C_CLR)     -0.154     0.987    CPU/steppers/driver_X/clock_Div/count_reg[13]
  -------------------------------------------------------------------
                         required time                         -0.987    
                         arrival time                          15.792    
  -------------------------------------------------------------------
                         slack                                 14.805    

Slack (MET) :             14.805ns  (arrival time - required time)
  Source:                 CPU/regPCABIR/genblk1[5].dff1/q_reg/C
                            (rising edge-triggered cell FDCE clocked by clk_out1_CPU_clock'  {rise@0.000ns fall@12.500ns period=25.000ns})
  Destination:            CPU/steppers/driver_X/clock_Div/count_reg[14]/CLR
                            (removal check against rising-edge clock clk_out1_CPU_clock  {rise@0.000ns fall@12.500ns period=25.000ns})
  Path Group:             **async_default**
  Path Type:              Removal (Min at Fast Process Corner)
  Requirement:            -12.500ns  (clk_out1_CPU_clock rise@0.000ns - clk_out1_CPU_clock fall@12.500ns)
  Data Path Delay:        1.523ns  (logic 0.297ns (19.496%)  route 1.226ns (80.504%))
  Logic Levels:           2  (LUT1=1 LUT4=1)
  Clock Path Skew:        -0.801ns (DCD - SCD - CPR)
    Destination Clock Delay (DCD):    0.928ns
    Source Clock Delay      (SCD):    1.769ns = ( 14.269 - 12.500 ) 
    Clock Pessimism Removal (CPR):    -0.040ns
  Clock Uncertainty:      0.173ns  ((TSJ^2 + DJ^2)^1/2) / 2 + PE
    Total System Jitter     (TSJ):    0.071ns
    Discrete Jitter          (DJ):    0.338ns
    Phase Error              (PE):    0.000ns

    Location             Delay type                Incr(ns)  Path(ns)    Netlist Resource(s)
  -------------------------------------------------------------------    -------------------
                         (clock clk_out1_CPU_clock fall edge)
                                                     12.500    12.500 f  
    E3                                                0.000    12.500 f  clock_40mhz (IN)
                         net (fo=0)                   0.000    12.500    CPU_pll/inst/clk_in1
    E3                   IBUF (Prop_ibuf_I_O)         0.250    12.750 f  CPU_pll/inst/clkin1_ibufg/O
                         net (fo=1, routed)           0.440    13.190    CPU_pll/inst/clk_in1_CPU_clock
    PLLE2_ADV_X1Y2       PLLE2_ADV (Prop_plle2_adv_CLKIN1_CLKOUT0)
                                                     -1.100    12.090 f  CPU_pll/inst/plle2_adv_inst/CLKOUT0
                         net (fo=1, routed)           0.514    12.604    CPU_pll/inst/clk_out1_CPU_clock
    BUFGCTRL_X0Y16       BUFG (Prop_bufg_I_O)         0.026    12.630 f  CPU_pll/inst/clkout1_buf/O
                         net (fo=1077, routed)        0.789    13.420    clock
    SLICE_X52Y96         LUT1 (Prop_lut1_I0_O)        0.045    13.465 r  q_reg_i_6/O
                         net (fo=1, routed)           0.213    13.678    q_reg_i_6_n_0
    BUFGCTRL_X0Y0        BUFG (Prop_bufg_I_O)         0.026    13.704 r  q_reg_i_3/O
                         net (fo=451, routed)         0.565    14.269    CPU/regPCABIR/genblk1[5].dff1/clk0
    SLICE_X32Y110        FDCE                                         r  CPU/regPCABIR/genblk1[5].dff1/q_reg/C
  -------------------------------------------------------------------    -------------------
    SLICE_X32Y110        FDCE (Prop_fdce_C_Q)         0.141    14.410 r  CPU/regPCABIR/genblk1[5].dff1/q_reg/Q
                         net (fo=11, routed)          0.254    14.664    CPU/regPCABIR/genblk1[30].dff1/regOutPCABIR[4]
    SLICE_X37Y111        LUT4 (Prop_lut4_I1_O)        0.045    14.709 r  CPU/regPCABIR/genblk1[30].dff1/LED_OBUF_inst_i_1/O
                         net (fo=169, routed)         0.526    15.235    CPU/regPCABIR/genblk1[30].dff1/q_reg_9
    SLICE_X49Y117        LUT1 (Prop_lut1_I0_O)        0.111    15.346 f  CPU/regPCABIR/genblk1[30].dff1/count[25]_i_2__0/O
                         net (fo=126, routed)         0.446    15.792    CPU/steppers/driver_X/clock_Div/new_clk_reg_1
    SLICE_X48Y99         FDCE                                         f  CPU/steppers/driver_X/clock_Div/count_reg[14]/CLR
  -------------------------------------------------------------------    -------------------

                         (clock clk_out1_CPU_clock rise edge)
                                                      0.000     0.000 r  
    E3                                                0.000     0.000 r  clock_40mhz (IN)
                         net (fo=0)                   0.000     0.000    CPU_pll/inst/clk_in1
    E3                   IBUF (Prop_ibuf_I_O)         0.438     0.438 r  CPU_pll/inst/clkin1_ibufg/O
                         net (fo=1, routed)           0.481     0.919    CPU_pll/inst/clk_in1_CPU_clock
    PLLE2_ADV_X1Y2       PLLE2_ADV (Prop_plle2_adv_CLKIN1_CLKOUT0)
                                                     -1.417    -0.498 r  CPU_pll/inst/plle2_adv_inst/CLKOUT0
                         net (fo=1, routed)           0.560     0.061    CPU_pll/inst/clk_out1_CPU_clock
    BUFGCTRL_X0Y16       BUFG (Prop_bufg_I_O)         0.029     0.090 r  CPU_pll/inst/clkout1_buf/O
                         net (fo=1077, routed)        0.838     0.928    CPU/steppers/driver_X/clock_Div/clk_out1
    SLICE_X48Y99         FDCE                                         r  CPU/steppers/driver_X/clock_Div/count_reg[14]/C
                         clock pessimism              0.040     0.968    
                         clock uncertainty            0.173     1.141    
    SLICE_X48Y99         FDCE (Remov_fdce_C_CLR)     -0.154     0.987    CPU/steppers/driver_X/clock_Div/count_reg[14]
  -------------------------------------------------------------------
                         required time                         -0.987    
                         arrival time                          15.792    
  -------------------------------------------------------------------
                         slack                                 14.805    

Slack (MET) :             14.805ns  (arrival time - required time)
  Source:                 CPU/regPCABIR/genblk1[5].dff1/q_reg/C
                            (rising edge-triggered cell FDCE clocked by clk_out1_CPU_clock'  {rise@0.000ns fall@12.500ns period=25.000ns})
  Destination:            CPU/steppers/driver_X/clock_Div/count_reg[15]/CLR
                            (removal check against rising-edge clock clk_out1_CPU_clock  {rise@0.000ns fall@12.500ns period=25.000ns})
  Path Group:             **async_default**
  Path Type:              Removal (Min at Fast Process Corner)
  Requirement:            -12.500ns  (clk_out1_CPU_clock rise@0.000ns - clk_out1_CPU_clock fall@12.500ns)
  Data Path Delay:        1.523ns  (logic 0.297ns (19.496%)  route 1.226ns (80.504%))
  Logic Levels:           2  (LUT1=1 LUT4=1)
  Clock Path Skew:        -0.801ns (DCD - SCD - CPR)
    Destination Clock Delay (DCD):    0.928ns
    Source Clock Delay      (SCD):    1.769ns = ( 14.269 - 12.500 ) 
    Clock Pessimism Removal (CPR):    -0.040ns
  Clock Uncertainty:      0.173ns  ((TSJ^2 + DJ^2)^1/2) / 2 + PE
    Total System Jitter     (TSJ):    0.071ns
    Discrete Jitter          (DJ):    0.338ns
    Phase Error              (PE):    0.000ns

    Location             Delay type                Incr(ns)  Path(ns)    Netlist Resource(s)
  -------------------------------------------------------------------    -------------------
                         (clock clk_out1_CPU_clock fall edge)
                                                     12.500    12.500 f  
    E3                                                0.000    12.500 f  clock_40mhz (IN)
                         net (fo=0)                   0.000    12.500    CPU_pll/inst/clk_in1
    E3                   IBUF (Prop_ibuf_I_O)         0.250    12.750 f  CPU_pll/inst/clkin1_ibufg/O
                         net (fo=1, routed)           0.440    13.190    CPU_pll/inst/clk_in1_CPU_clock
    PLLE2_ADV_X1Y2       PLLE2_ADV (Prop_plle2_adv_CLKIN1_CLKOUT0)
                                                     -1.100    12.090 f  CPU_pll/inst/plle2_adv_inst/CLKOUT0
                         net (fo=1, routed)           0.514    12.604    CPU_pll/inst/clk_out1_CPU_clock
    BUFGCTRL_X0Y16       BUFG (Prop_bufg_I_O)         0.026    12.630 f  CPU_pll/inst/clkout1_buf/O
                         net (fo=1077, routed)        0.789    13.420    clock
    SLICE_X52Y96         LUT1 (Prop_lut1_I0_O)        0.045    13.465 r  q_reg_i_6/O
                         net (fo=1, routed)           0.213    13.678    q_reg_i_6_n_0
    BUFGCTRL_X0Y0        BUFG (Prop_bufg_I_O)         0.026    13.704 r  q_reg_i_3/O
                         net (fo=451, routed)         0.565    14.269    CPU/regPCABIR/genblk1[5].dff1/clk0
    SLICE_X32Y110        FDCE                                         r  CPU/regPCABIR/genblk1[5].dff1/q_reg/C
  -------------------------------------------------------------------    -------------------
    SLICE_X32Y110        FDCE (Prop_fdce_C_Q)         0.141    14.410 r  CPU/regPCABIR/genblk1[5].dff1/q_reg/Q
                         net (fo=11, routed)          0.254    14.664    CPU/regPCABIR/genblk1[30].dff1/regOutPCABIR[4]
    SLICE_X37Y111        LUT4 (Prop_lut4_I1_O)        0.045    14.709 r  CPU/regPCABIR/genblk1[30].dff1/LED_OBUF_inst_i_1/O
                         net (fo=169, routed)         0.526    15.235    CPU/regPCABIR/genblk1[30].dff1/q_reg_9
    SLICE_X49Y117        LUT1 (Prop_lut1_I0_O)        0.111    15.346 f  CPU/regPCABIR/genblk1[30].dff1/count[25]_i_2__0/O
                         net (fo=126, routed)         0.446    15.792    CPU/steppers/driver_X/clock_Div/new_clk_reg_1
    SLICE_X48Y99         FDCE                                         f  CPU/steppers/driver_X/clock_Div/count_reg[15]/CLR
  -------------------------------------------------------------------    -------------------

                         (clock clk_out1_CPU_clock rise edge)
                                                      0.000     0.000 r  
    E3                                                0.000     0.000 r  clock_40mhz (IN)
                         net (fo=0)                   0.000     0.000    CPU_pll/inst/clk_in1
    E3                   IBUF (Prop_ibuf_I_O)         0.438     0.438 r  CPU_pll/inst/clkin1_ibufg/O
                         net (fo=1, routed)           0.481     0.919    CPU_pll/inst/clk_in1_CPU_clock
    PLLE2_ADV_X1Y2       PLLE2_ADV (Prop_plle2_adv_CLKIN1_CLKOUT0)
                                                     -1.417    -0.498 r  CPU_pll/inst/plle2_adv_inst/CLKOUT0
                         net (fo=1, routed)           0.560     0.061    CPU_pll/inst/clk_out1_CPU_clock
    BUFGCTRL_X0Y16       BUFG (Prop_bufg_I_O)         0.029     0.090 r  CPU_pll/inst/clkout1_buf/O
                         net (fo=1077, routed)        0.838     0.928    CPU/steppers/driver_X/clock_Div/clk_out1
    SLICE_X48Y99         FDCE                                         r  CPU/steppers/driver_X/clock_Div/count_reg[15]/C
                         clock pessimism              0.040     0.968    
                         clock uncertainty            0.173     1.141    
    SLICE_X48Y99         FDCE (Remov_fdce_C_CLR)     -0.154     0.987    CPU/steppers/driver_X/clock_Div/count_reg[15]
  -------------------------------------------------------------------
                         required time                         -0.987    
                         arrival time                          15.792    
  -------------------------------------------------------------------
                         slack                                 14.805    

Slack (MET) :             14.805ns  (arrival time - required time)
  Source:                 CPU/regPCABIR/genblk1[5].dff1/q_reg/C
                            (rising edge-triggered cell FDCE clocked by clk_out1_CPU_clock'  {rise@0.000ns fall@12.500ns period=25.000ns})
  Destination:            CPU/steppers/driver_X/clock_Div/count_reg[16]/CLR
                            (removal check against rising-edge clock clk_out1_CPU_clock  {rise@0.000ns fall@12.500ns period=25.000ns})
  Path Group:             **async_default**
  Path Type:              Removal (Min at Fast Process Corner)
  Requirement:            -12.500ns  (clk_out1_CPU_clock rise@0.000ns - clk_out1_CPU_clock fall@12.500ns)
  Data Path Delay:        1.523ns  (logic 0.297ns (19.496%)  route 1.226ns (80.504%))
  Logic Levels:           2  (LUT1=1 LUT4=1)
  Clock Path Skew:        -0.801ns (DCD - SCD - CPR)
    Destination Clock Delay (DCD):    0.928ns
    Source Clock Delay      (SCD):    1.769ns = ( 14.269 - 12.500 ) 
    Clock Pessimism Removal (CPR):    -0.040ns
  Clock Uncertainty:      0.173ns  ((TSJ^2 + DJ^2)^1/2) / 2 + PE
    Total System Jitter     (TSJ):    0.071ns
    Discrete Jitter          (DJ):    0.338ns
    Phase Error              (PE):    0.000ns

    Location             Delay type                Incr(ns)  Path(ns)    Netlist Resource(s)
  -------------------------------------------------------------------    -------------------
                         (clock clk_out1_CPU_clock fall edge)
                                                     12.500    12.500 f  
    E3                                                0.000    12.500 f  clock_40mhz (IN)
                         net (fo=0)                   0.000    12.500    CPU_pll/inst/clk_in1
    E3                   IBUF (Prop_ibuf_I_O)         0.250    12.750 f  CPU_pll/inst/clkin1_ibufg/O
                         net (fo=1, routed)           0.440    13.190    CPU_pll/inst/clk_in1_CPU_clock
    PLLE2_ADV_X1Y2       PLLE2_ADV (Prop_plle2_adv_CLKIN1_CLKOUT0)
                                                     -1.100    12.090 f  CPU_pll/inst/plle2_adv_inst/CLKOUT0
                         net (fo=1, routed)           0.514    12.604    CPU_pll/inst/clk_out1_CPU_clock
    BUFGCTRL_X0Y16       BUFG (Prop_bufg_I_O)         0.026    12.630 f  CPU_pll/inst/clkout1_buf/O
                         net (fo=1077, routed)        0.789    13.420    clock
    SLICE_X52Y96         LUT1 (Prop_lut1_I0_O)        0.045    13.465 r  q_reg_i_6/O
                         net (fo=1, routed)           0.213    13.678    q_reg_i_6_n_0
    BUFGCTRL_X0Y0        BUFG (Prop_bufg_I_O)         0.026    13.704 r  q_reg_i_3/O
                         net (fo=451, routed)         0.565    14.269    CPU/regPCABIR/genblk1[5].dff1/clk0
    SLICE_X32Y110        FDCE                                         r  CPU/regPCABIR/genblk1[5].dff1/q_reg/C
  -------------------------------------------------------------------    -------------------
    SLICE_X32Y110        FDCE (Prop_fdce_C_Q)         0.141    14.410 r  CPU/regPCABIR/genblk1[5].dff1/q_reg/Q
                         net (fo=11, routed)          0.254    14.664    CPU/regPCABIR/genblk1[30].dff1/regOutPCABIR[4]
    SLICE_X37Y111        LUT4 (Prop_lut4_I1_O)        0.045    14.709 r  CPU/regPCABIR/genblk1[30].dff1/LED_OBUF_inst_i_1/O
                         net (fo=169, routed)         0.526    15.235    CPU/regPCABIR/genblk1[30].dff1/q_reg_9
    SLICE_X49Y117        LUT1 (Prop_lut1_I0_O)        0.111    15.346 f  CPU/regPCABIR/genblk1[30].dff1/count[25]_i_2__0/O
                         net (fo=126, routed)         0.446    15.792    CPU/steppers/driver_X/clock_Div/new_clk_reg_1
    SLICE_X48Y99         FDCE                                         f  CPU/steppers/driver_X/clock_Div/count_reg[16]/CLR
  -------------------------------------------------------------------    -------------------

                         (clock clk_out1_CPU_clock rise edge)
                                                      0.000     0.000 r  
    E3                                                0.000     0.000 r  clock_40mhz (IN)
                         net (fo=0)                   0.000     0.000    CPU_pll/inst/clk_in1
    E3                   IBUF (Prop_ibuf_I_O)         0.438     0.438 r  CPU_pll/inst/clkin1_ibufg/O
                         net (fo=1, routed)           0.481     0.919    CPU_pll/inst/clk_in1_CPU_clock
    PLLE2_ADV_X1Y2       PLLE2_ADV (Prop_plle2_adv_CLKIN1_CLKOUT0)
                                                     -1.417    -0.498 r  CPU_pll/inst/plle2_adv_inst/CLKOUT0
                         net (fo=1, routed)           0.560     0.061    CPU_pll/inst/clk_out1_CPU_clock
    BUFGCTRL_X0Y16       BUFG (Prop_bufg_I_O)         0.029     0.090 r  CPU_pll/inst/clkout1_buf/O
                         net (fo=1077, routed)        0.838     0.928    CPU/steppers/driver_X/clock_Div/clk_out1
    SLICE_X48Y99         FDCE                                         r  CPU/steppers/driver_X/clock_Div/count_reg[16]/C
                         clock pessimism              0.040     0.968    
                         clock uncertainty            0.173     1.141    
    SLICE_X48Y99         FDCE (Remov_fdce_C_CLR)     -0.154     0.987    CPU/steppers/driver_X/clock_Div/count_reg[16]
  -------------------------------------------------------------------
                         required time                         -0.987    
                         arrival time                          15.792    
  -------------------------------------------------------------------
                         slack                                 14.805    

Slack (MET) :             14.805ns  (arrival time - required time)
  Source:                 CPU/regPCABIR/genblk1[5].dff1/q_reg/C
                            (rising edge-triggered cell FDCE clocked by clk_out1_CPU_clock'  {rise@0.000ns fall@12.500ns period=25.000ns})
  Destination:            CPU/steppers/driver_X/clock_Div/count_reg[17]/CLR
                            (removal check against rising-edge clock clk_out1_CPU_clock  {rise@0.000ns fall@12.500ns period=25.000ns})
  Path Group:             **async_default**
  Path Type:              Removal (Min at Fast Process Corner)
  Requirement:            -12.500ns  (clk_out1_CPU_clock rise@0.000ns - clk_out1_CPU_clock fall@12.500ns)
  Data Path Delay:        1.523ns  (logic 0.297ns (19.496%)  route 1.226ns (80.504%))
  Logic Levels:           2  (LUT1=1 LUT4=1)
  Clock Path Skew:        -0.801ns (DCD - SCD - CPR)
    Destination Clock Delay (DCD):    0.928ns
    Source Clock Delay      (SCD):    1.769ns = ( 14.269 - 12.500 ) 
    Clock Pessimism Removal (CPR):    -0.040ns
  Clock Uncertainty:      0.173ns  ((TSJ^2 + DJ^2)^1/2) / 2 + PE
    Total System Jitter     (TSJ):    0.071ns
    Discrete Jitter          (DJ):    0.338ns
    Phase Error              (PE):    0.000ns

    Location             Delay type                Incr(ns)  Path(ns)    Netlist Resource(s)
  -------------------------------------------------------------------    -------------------
                         (clock clk_out1_CPU_clock fall edge)
                                                     12.500    12.500 f  
    E3                                                0.000    12.500 f  clock_40mhz (IN)
                         net (fo=0)                   0.000    12.500    CPU_pll/inst/clk_in1
    E3                   IBUF (Prop_ibuf_I_O)         0.250    12.750 f  CPU_pll/inst/clkin1_ibufg/O
                         net (fo=1, routed)           0.440    13.190    CPU_pll/inst/clk_in1_CPU_clock
    PLLE2_ADV_X1Y2       PLLE2_ADV (Prop_plle2_adv_CLKIN1_CLKOUT0)
                                                     -1.100    12.090 f  CPU_pll/inst/plle2_adv_inst/CLKOUT0
                         net (fo=1, routed)           0.514    12.604    CPU_pll/inst/clk_out1_CPU_clock
    BUFGCTRL_X0Y16       BUFG (Prop_bufg_I_O)         0.026    12.630 f  CPU_pll/inst/clkout1_buf/O
                         net (fo=1077, routed)        0.789    13.420    clock
    SLICE_X52Y96         LUT1 (Prop_lut1_I0_O)        0.045    13.465 r  q_reg_i_6/O
                         net (fo=1, routed)           0.213    13.678    q_reg_i_6_n_0
    BUFGCTRL_X0Y0        BUFG (Prop_bufg_I_O)         0.026    13.704 r  q_reg_i_3/O
                         net (fo=451, routed)         0.565    14.269    CPU/regPCABIR/genblk1[5].dff1/clk0
    SLICE_X32Y110        FDCE                                         r  CPU/regPCABIR/genblk1[5].dff1/q_reg/C
  -------------------------------------------------------------------    -------------------
    SLICE_X32Y110        FDCE (Prop_fdce_C_Q)         0.141    14.410 r  CPU/regPCABIR/genblk1[5].dff1/q_reg/Q
                         net (fo=11, routed)          0.254    14.664    CPU/regPCABIR/genblk1[30].dff1/regOutPCABIR[4]
    SLICE_X37Y111        LUT4 (Prop_lut4_I1_O)        0.045    14.709 r  CPU/regPCABIR/genblk1[30].dff1/LED_OBUF_inst_i_1/O
                         net (fo=169, routed)         0.526    15.235    CPU/regPCABIR/genblk1[30].dff1/q_reg_9
    SLICE_X49Y117        LUT1 (Prop_lut1_I0_O)        0.111    15.346 f  CPU/regPCABIR/genblk1[30].dff1/count[25]_i_2__0/O
                         net (fo=126, routed)         0.446    15.792    CPU/steppers/driver_X/clock_Div/new_clk_reg_1
    SLICE_X48Y99         FDCE                                         f  CPU/steppers/driver_X/clock_Div/count_reg[17]/CLR
  -------------------------------------------------------------------    -------------------

                         (clock clk_out1_CPU_clock rise edge)
                                                      0.000     0.000 r  
    E3                                                0.000     0.000 r  clock_40mhz (IN)
                         net (fo=0)                   0.000     0.000    CPU_pll/inst/clk_in1
    E3                   IBUF (Prop_ibuf_I_O)         0.438     0.438 r  CPU_pll/inst/clkin1_ibufg/O
                         net (fo=1, routed)           0.481     0.919    CPU_pll/inst/clk_in1_CPU_clock
    PLLE2_ADV_X1Y2       PLLE2_ADV (Prop_plle2_adv_CLKIN1_CLKOUT0)
                                                     -1.417    -0.498 r  CPU_pll/inst/plle2_adv_inst/CLKOUT0
                         net (fo=1, routed)           0.560     0.061    CPU_pll/inst/clk_out1_CPU_clock
    BUFGCTRL_X0Y16       BUFG (Prop_bufg_I_O)         0.029     0.090 r  CPU_pll/inst/clkout1_buf/O
                         net (fo=1077, routed)        0.838     0.928    CPU/steppers/driver_X/clock_Div/clk_out1
    SLICE_X48Y99         FDCE                                         r  CPU/steppers/driver_X/clock_Div/count_reg[17]/C
                         clock pessimism              0.040     0.968    
                         clock uncertainty            0.173     1.141    
    SLICE_X48Y99         FDCE (Remov_fdce_C_CLR)     -0.154     0.987    CPU/steppers/driver_X/clock_Div/count_reg[17]
  -------------------------------------------------------------------
                         required time                         -0.987    
                         arrival time                          15.792    
  -------------------------------------------------------------------
                         slack                                 14.805    

Slack (MET) :             14.824ns  (arrival time - required time)
  Source:                 CPU/regPCABIR/genblk1[5].dff1/q_reg/C
                            (rising edge-triggered cell FDCE clocked by clk_out1_CPU_clock'  {rise@0.000ns fall@12.500ns period=25.000ns})
  Destination:            CPU/steppers/driver_X/clock_Div/count_reg[6]/CLR
                            (removal check against rising-edge clock clk_out1_CPU_clock  {rise@0.000ns fall@12.500ns period=25.000ns})
  Path Group:             **async_default**
  Path Type:              Removal (Min at Fast Process Corner)
  Requirement:            -12.500ns  (clk_out1_CPU_clock rise@0.000ns - clk_out1_CPU_clock fall@12.500ns)
  Data Path Delay:        1.542ns  (logic 0.297ns (19.258%)  route 1.245ns (80.742%))
  Logic Levels:           2  (LUT1=1 LUT4=1)
  Clock Path Skew:        -0.801ns (DCD - SCD - CPR)
    Destination Clock Delay (DCD):    0.928ns
    Source Clock Delay      (SCD):    1.769ns = ( 14.269 - 12.500 ) 
    Clock Pessimism Removal (CPR):    -0.040ns
  Clock Uncertainty:      0.173ns  ((TSJ^2 + DJ^2)^1/2) / 2 + PE
    Total System Jitter     (TSJ):    0.071ns
    Discrete Jitter          (DJ):    0.338ns
    Phase Error              (PE):    0.000ns

    Location             Delay type                Incr(ns)  Path(ns)    Netlist Resource(s)
  -------------------------------------------------------------------    -------------------
                         (clock clk_out1_CPU_clock fall edge)
                                                     12.500    12.500 f  
    E3                                                0.000    12.500 f  clock_40mhz (IN)
                         net (fo=0)                   0.000    12.500    CPU_pll/inst/clk_in1
    E3                   IBUF (Prop_ibuf_I_O)         0.250    12.750 f  CPU_pll/inst/clkin1_ibufg/O
                         net (fo=1, routed)           0.440    13.190    CPU_pll/inst/clk_in1_CPU_clock
    PLLE2_ADV_X1Y2       PLLE2_ADV (Prop_plle2_adv_CLKIN1_CLKOUT0)
                                                     -1.100    12.090 f  CPU_pll/inst/plle2_adv_inst/CLKOUT0
                         net (fo=1, routed)           0.514    12.604    CPU_pll/inst/clk_out1_CPU_clock
    BUFGCTRL_X0Y16       BUFG (Prop_bufg_I_O)         0.026    12.630 f  CPU_pll/inst/clkout1_buf/O
                         net (fo=1077, routed)        0.789    13.420    clock
    SLICE_X52Y96         LUT1 (Prop_lut1_I0_O)        0.045    13.465 r  q_reg_i_6/O
                         net (fo=1, routed)           0.213    13.678    q_reg_i_6_n_0
    BUFGCTRL_X0Y0        BUFG (Prop_bufg_I_O)         0.026    13.704 r  q_reg_i_3/O
                         net (fo=451, routed)         0.565    14.269    CPU/regPCABIR/genblk1[5].dff1/clk0
    SLICE_X32Y110        FDCE                                         r  CPU/regPCABIR/genblk1[5].dff1/q_reg/C
  -------------------------------------------------------------------    -------------------
    SLICE_X32Y110        FDCE (Prop_fdce_C_Q)         0.141    14.410 r  CPU/regPCABIR/genblk1[5].dff1/q_reg/Q
                         net (fo=11, routed)          0.254    14.664    CPU/regPCABIR/genblk1[30].dff1/regOutPCABIR[4]
    SLICE_X37Y111        LUT4 (Prop_lut4_I1_O)        0.045    14.709 r  CPU/regPCABIR/genblk1[30].dff1/LED_OBUF_inst_i_1/O
                         net (fo=169, routed)         0.526    15.235    CPU/regPCABIR/genblk1[30].dff1/q_reg_9
    SLICE_X49Y117        LUT1 (Prop_lut1_I0_O)        0.111    15.346 f  CPU/regPCABIR/genblk1[30].dff1/count[25]_i_2__0/O
                         net (fo=126, routed)         0.465    15.811    CPU/steppers/driver_X/clock_Div/new_clk_reg_1
    SLICE_X48Y97         FDCE                                         f  CPU/steppers/driver_X/clock_Div/count_reg[6]/CLR
  -------------------------------------------------------------------    -------------------

                         (clock clk_out1_CPU_clock rise edge)
                                                      0.000     0.000 r  
    E3                                                0.000     0.000 r  clock_40mhz (IN)
                         net (fo=0)                   0.000     0.000    CPU_pll/inst/clk_in1
    E3                   IBUF (Prop_ibuf_I_O)         0.438     0.438 r  CPU_pll/inst/clkin1_ibufg/O
                         net (fo=1, routed)           0.481     0.919    CPU_pll/inst/clk_in1_CPU_clock
    PLLE2_ADV_X1Y2       PLLE2_ADV (Prop_plle2_adv_CLKIN1_CLKOUT0)
                                                     -1.417    -0.498 r  CPU_pll/inst/plle2_adv_inst/CLKOUT0
                         net (fo=1, routed)           0.560     0.061    CPU_pll/inst/clk_out1_CPU_clock
    BUFGCTRL_X0Y16       BUFG (Prop_bufg_I_O)         0.029     0.090 r  CPU_pll/inst/clkout1_buf/O
                         net (fo=1077, routed)        0.838     0.928    CPU/steppers/driver_X/clock_Div/clk_out1
    SLICE_X48Y97         FDCE                                         r  CPU/steppers/driver_X/clock_Div/count_reg[6]/C
                         clock pessimism              0.040     0.968    
                         clock uncertainty            0.173     1.141    
    SLICE_X48Y97         FDCE (Remov_fdce_C_CLR)     -0.154     0.987    CPU/steppers/driver_X/clock_Div/count_reg[6]
  -------------------------------------------------------------------
                         required time                         -0.987    
                         arrival time                          15.811    
  -------------------------------------------------------------------
                         slack                                 14.824    

Slack (MET) :             14.824ns  (arrival time - required time)
  Source:                 CPU/regPCABIR/genblk1[5].dff1/q_reg/C
                            (rising edge-triggered cell FDCE clocked by clk_out1_CPU_clock'  {rise@0.000ns fall@12.500ns period=25.000ns})
  Destination:            CPU/steppers/driver_X/clock_Div/count_reg[7]/CLR
                            (removal check against rising-edge clock clk_out1_CPU_clock  {rise@0.000ns fall@12.500ns period=25.000ns})
  Path Group:             **async_default**
  Path Type:              Removal (Min at Fast Process Corner)
  Requirement:            -12.500ns  (clk_out1_CPU_clock rise@0.000ns - clk_out1_CPU_clock fall@12.500ns)
  Data Path Delay:        1.542ns  (logic 0.297ns (19.258%)  route 1.245ns (80.742%))
  Logic Levels:           2  (LUT1=1 LUT4=1)
  Clock Path Skew:        -0.801ns (DCD - SCD - CPR)
    Destination Clock Delay (DCD):    0.928ns
    Source Clock Delay      (SCD):    1.769ns = ( 14.269 - 12.500 ) 
    Clock Pessimism Removal (CPR):    -0.040ns
  Clock Uncertainty:      0.173ns  ((TSJ^2 + DJ^2)^1/2) / 2 + PE
    Total System Jitter     (TSJ):    0.071ns
    Discrete Jitter          (DJ):    0.338ns
    Phase Error              (PE):    0.000ns

    Location             Delay type                Incr(ns)  Path(ns)    Netlist Resource(s)
  -------------------------------------------------------------------    -------------------
                         (clock clk_out1_CPU_clock fall edge)
                                                     12.500    12.500 f  
    E3                                                0.000    12.500 f  clock_40mhz (IN)
                         net (fo=0)                   0.000    12.500    CPU_pll/inst/clk_in1
    E3                   IBUF (Prop_ibuf_I_O)         0.250    12.750 f  CPU_pll/inst/clkin1_ibufg/O
                         net (fo=1, routed)           0.440    13.190    CPU_pll/inst/clk_in1_CPU_clock
    PLLE2_ADV_X1Y2       PLLE2_ADV (Prop_plle2_adv_CLKIN1_CLKOUT0)
                                                     -1.100    12.090 f  CPU_pll/inst/plle2_adv_inst/CLKOUT0
                         net (fo=1, routed)           0.514    12.604    CPU_pll/inst/clk_out1_CPU_clock
    BUFGCTRL_X0Y16       BUFG (Prop_bufg_I_O)         0.026    12.630 f  CPU_pll/inst/clkout1_buf/O
                         net (fo=1077, routed)        0.789    13.420    clock
    SLICE_X52Y96         LUT1 (Prop_lut1_I0_O)        0.045    13.465 r  q_reg_i_6/O
                         net (fo=1, routed)           0.213    13.678    q_reg_i_6_n_0
    BUFGCTRL_X0Y0        BUFG (Prop_bufg_I_O)         0.026    13.704 r  q_reg_i_3/O
                         net (fo=451, routed)         0.565    14.269    CPU/regPCABIR/genblk1[5].dff1/clk0
    SLICE_X32Y110        FDCE                                         r  CPU/regPCABIR/genblk1[5].dff1/q_reg/C
  -------------------------------------------------------------------    -------------------
    SLICE_X32Y110        FDCE (Prop_fdce_C_Q)         0.141    14.410 r  CPU/regPCABIR/genblk1[5].dff1/q_reg/Q
                         net (fo=11, routed)          0.254    14.664    CPU/regPCABIR/genblk1[30].dff1/regOutPCABIR[4]
    SLICE_X37Y111        LUT4 (Prop_lut4_I1_O)        0.045    14.709 r  CPU/regPCABIR/genblk1[30].dff1/LED_OBUF_inst_i_1/O
                         net (fo=169, routed)         0.526    15.235    CPU/regPCABIR/genblk1[30].dff1/q_reg_9
    SLICE_X49Y117        LUT1 (Prop_lut1_I0_O)        0.111    15.346 f  CPU/regPCABIR/genblk1[30].dff1/count[25]_i_2__0/O
                         net (fo=126, routed)         0.465    15.811    CPU/steppers/driver_X/clock_Div/new_clk_reg_1
    SLICE_X48Y97         FDCE                                         f  CPU/steppers/driver_X/clock_Div/count_reg[7]/CLR
  -------------------------------------------------------------------    -------------------

                         (clock clk_out1_CPU_clock rise edge)
                                                      0.000     0.000 r  
    E3                                                0.000     0.000 r  clock_40mhz (IN)
                         net (fo=0)                   0.000     0.000    CPU_pll/inst/clk_in1
    E3                   IBUF (Prop_ibuf_I_O)         0.438     0.438 r  CPU_pll/inst/clkin1_ibufg/O
                         net (fo=1, routed)           0.481     0.919    CPU_pll/inst/clk_in1_CPU_clock
    PLLE2_ADV_X1Y2       PLLE2_ADV (Prop_plle2_adv_CLKIN1_CLKOUT0)
                                                     -1.417    -0.498 r  CPU_pll/inst/plle2_adv_inst/CLKOUT0
                         net (fo=1, routed)           0.560     0.061    CPU_pll/inst/clk_out1_CPU_clock
    BUFGCTRL_X0Y16       BUFG (Prop_bufg_I_O)         0.029     0.090 r  CPU_pll/inst/clkout1_buf/O
                         net (fo=1077, routed)        0.838     0.928    CPU/steppers/driver_X/clock_Div/clk_out1
    SLICE_X48Y97         FDCE                                         r  CPU/steppers/driver_X/clock_Div/count_reg[7]/C
                         clock pessimism              0.040     0.968    
                         clock uncertainty            0.173     1.141    
    SLICE_X48Y97         FDCE (Remov_fdce_C_CLR)     -0.154     0.987    CPU/steppers/driver_X/clock_Div/count_reg[7]
  -------------------------------------------------------------------
                         required time                         -0.987    
                         arrival time                          15.811    
  -------------------------------------------------------------------
                         slack                                 14.824    

Slack (MET) :             14.824ns  (arrival time - required time)
  Source:                 CPU/regPCABIR/genblk1[5].dff1/q_reg/C
                            (rising edge-triggered cell FDCE clocked by clk_out1_CPU_clock'  {rise@0.000ns fall@12.500ns period=25.000ns})
  Destination:            CPU/steppers/driver_X/clock_Div/count_reg[8]/CLR
                            (removal check against rising-edge clock clk_out1_CPU_clock  {rise@0.000ns fall@12.500ns period=25.000ns})
  Path Group:             **async_default**
  Path Type:              Removal (Min at Fast Process Corner)
  Requirement:            -12.500ns  (clk_out1_CPU_clock rise@0.000ns - clk_out1_CPU_clock fall@12.500ns)
  Data Path Delay:        1.542ns  (logic 0.297ns (19.258%)  route 1.245ns (80.742%))
  Logic Levels:           2  (LUT1=1 LUT4=1)
  Clock Path Skew:        -0.801ns (DCD - SCD - CPR)
    Destination Clock Delay (DCD):    0.928ns
    Source Clock Delay      (SCD):    1.769ns = ( 14.269 - 12.500 ) 
    Clock Pessimism Removal (CPR):    -0.040ns
  Clock Uncertainty:      0.173ns  ((TSJ^2 + DJ^2)^1/2) / 2 + PE
    Total System Jitter     (TSJ):    0.071ns
    Discrete Jitter          (DJ):    0.338ns
    Phase Error              (PE):    0.000ns

    Location             Delay type                Incr(ns)  Path(ns)    Netlist Resource(s)
  -------------------------------------------------------------------    -------------------
                         (clock clk_out1_CPU_clock fall edge)
                                                     12.500    12.500 f  
    E3                                                0.000    12.500 f  clock_40mhz (IN)
                         net (fo=0)                   0.000    12.500    CPU_pll/inst/clk_in1
    E3                   IBUF (Prop_ibuf_I_O)         0.250    12.750 f  CPU_pll/inst/clkin1_ibufg/O
                         net (fo=1, routed)           0.440    13.190    CPU_pll/inst/clk_in1_CPU_clock
    PLLE2_ADV_X1Y2       PLLE2_ADV (Prop_plle2_adv_CLKIN1_CLKOUT0)
                                                     -1.100    12.090 f  CPU_pll/inst/plle2_adv_inst/CLKOUT0
                         net (fo=1, routed)           0.514    12.604    CPU_pll/inst/clk_out1_CPU_clock
    BUFGCTRL_X0Y16       BUFG (Prop_bufg_I_O)         0.026    12.630 f  CPU_pll/inst/clkout1_buf/O
                         net (fo=1077, routed)        0.789    13.420    clock
    SLICE_X52Y96         LUT1 (Prop_lut1_I0_O)        0.045    13.465 r  q_reg_i_6/O
                         net (fo=1, routed)           0.213    13.678    q_reg_i_6_n_0
    BUFGCTRL_X0Y0        BUFG (Prop_bufg_I_O)         0.026    13.704 r  q_reg_i_3/O
                         net (fo=451, routed)         0.565    14.269    CPU/regPCABIR/genblk1[5].dff1/clk0
    SLICE_X32Y110        FDCE                                         r  CPU/regPCABIR/genblk1[5].dff1/q_reg/C
  -------------------------------------------------------------------    -------------------
    SLICE_X32Y110        FDCE (Prop_fdce_C_Q)         0.141    14.410 r  CPU/regPCABIR/genblk1[5].dff1/q_reg/Q
                         net (fo=11, routed)          0.254    14.664    CPU/regPCABIR/genblk1[30].dff1/regOutPCABIR[4]
    SLICE_X37Y111        LUT4 (Prop_lut4_I1_O)        0.045    14.709 r  CPU/regPCABIR/genblk1[30].dff1/LED_OBUF_inst_i_1/O
                         net (fo=169, routed)         0.526    15.235    CPU/regPCABIR/genblk1[30].dff1/q_reg_9
    SLICE_X49Y117        LUT1 (Prop_lut1_I0_O)        0.111    15.346 f  CPU/regPCABIR/genblk1[30].dff1/count[25]_i_2__0/O
                         net (fo=126, routed)         0.465    15.811    CPU/steppers/driver_X/clock_Div/new_clk_reg_1
    SLICE_X48Y97         FDCE                                         f  CPU/steppers/driver_X/clock_Div/count_reg[8]/CLR
  -------------------------------------------------------------------    -------------------

                         (clock clk_out1_CPU_clock rise edge)
                                                      0.000     0.000 r  
    E3                                                0.000     0.000 r  clock_40mhz (IN)
                         net (fo=0)                   0.000     0.000    CPU_pll/inst/clk_in1
    E3                   IBUF (Prop_ibuf_I_O)         0.438     0.438 r  CPU_pll/inst/clkin1_ibufg/O
                         net (fo=1, routed)           0.481     0.919    CPU_pll/inst/clk_in1_CPU_clock
    PLLE2_ADV_X1Y2       PLLE2_ADV (Prop_plle2_adv_CLKIN1_CLKOUT0)
                                                     -1.417    -0.498 r  CPU_pll/inst/plle2_adv_inst/CLKOUT0
                         net (fo=1, routed)           0.560     0.061    CPU_pll/inst/clk_out1_CPU_clock
    BUFGCTRL_X0Y16       BUFG (Prop_bufg_I_O)         0.029     0.090 r  CPU_pll/inst/clkout1_buf/O
                         net (fo=1077, routed)        0.838     0.928    CPU/steppers/driver_X/clock_Div/clk_out1
    SLICE_X48Y97         FDCE                                         r  CPU/steppers/driver_X/clock_Div/count_reg[8]/C
                         clock pessimism              0.040     0.968    
                         clock uncertainty            0.173     1.141    
    SLICE_X48Y97         FDCE (Remov_fdce_C_CLR)     -0.154     0.987    CPU/steppers/driver_X/clock_Div/count_reg[8]
  -------------------------------------------------------------------
                         required time                         -0.987    
                         arrival time                          15.811    
  -------------------------------------------------------------------
                         slack                                 14.824    

Slack (MET) :             14.824ns  (arrival time - required time)
  Source:                 CPU/regPCABIR/genblk1[5].dff1/q_reg/C
                            (rising edge-triggered cell FDCE clocked by clk_out1_CPU_clock'  {rise@0.000ns fall@12.500ns period=25.000ns})
  Destination:            CPU/steppers/driver_X/clock_Div/count_reg[9]/CLR
                            (removal check against rising-edge clock clk_out1_CPU_clock  {rise@0.000ns fall@12.500ns period=25.000ns})
  Path Group:             **async_default**
  Path Type:              Removal (Min at Fast Process Corner)
  Requirement:            -12.500ns  (clk_out1_CPU_clock rise@0.000ns - clk_out1_CPU_clock fall@12.500ns)
  Data Path Delay:        1.542ns  (logic 0.297ns (19.258%)  route 1.245ns (80.742%))
  Logic Levels:           2  (LUT1=1 LUT4=1)
  Clock Path Skew:        -0.801ns (DCD - SCD - CPR)
    Destination Clock Delay (DCD):    0.928ns
    Source Clock Delay      (SCD):    1.769ns = ( 14.269 - 12.500 ) 
    Clock Pessimism Removal (CPR):    -0.040ns
  Clock Uncertainty:      0.173ns  ((TSJ^2 + DJ^2)^1/2) / 2 + PE
    Total System Jitter     (TSJ):    0.071ns
    Discrete Jitter          (DJ):    0.338ns
    Phase Error              (PE):    0.000ns

    Location             Delay type                Incr(ns)  Path(ns)    Netlist Resource(s)
  -------------------------------------------------------------------    -------------------
                         (clock clk_out1_CPU_clock fall edge)
                                                     12.500    12.500 f  
    E3                                                0.000    12.500 f  clock_40mhz (IN)
                         net (fo=0)                   0.000    12.500    CPU_pll/inst/clk_in1
    E3                   IBUF (Prop_ibuf_I_O)         0.250    12.750 f  CPU_pll/inst/clkin1_ibufg/O
                         net (fo=1, routed)           0.440    13.190    CPU_pll/inst/clk_in1_CPU_clock
    PLLE2_ADV_X1Y2       PLLE2_ADV (Prop_plle2_adv_CLKIN1_CLKOUT0)
                                                     -1.100    12.090 f  CPU_pll/inst/plle2_adv_inst/CLKOUT0
                         net (fo=1, routed)           0.514    12.604    CPU_pll/inst/clk_out1_CPU_clock
    BUFGCTRL_X0Y16       BUFG (Prop_bufg_I_O)         0.026    12.630 f  CPU_pll/inst/clkout1_buf/O
                         net (fo=1077, routed)        0.789    13.420    clock
    SLICE_X52Y96         LUT1 (Prop_lut1_I0_O)        0.045    13.465 r  q_reg_i_6/O
                         net (fo=1, routed)           0.213    13.678    q_reg_i_6_n_0
    BUFGCTRL_X0Y0        BUFG (Prop_bufg_I_O)         0.026    13.704 r  q_reg_i_3/O
                         net (fo=451, routed)         0.565    14.269    CPU/regPCABIR/genblk1[5].dff1/clk0
    SLICE_X32Y110        FDCE                                         r  CPU/regPCABIR/genblk1[5].dff1/q_reg/C
  -------------------------------------------------------------------    -------------------
    SLICE_X32Y110        FDCE (Prop_fdce_C_Q)         0.141    14.410 r  CPU/regPCABIR/genblk1[5].dff1/q_reg/Q
                         net (fo=11, routed)          0.254    14.664    CPU/regPCABIR/genblk1[30].dff1/regOutPCABIR[4]
    SLICE_X37Y111        LUT4 (Prop_lut4_I1_O)        0.045    14.709 r  CPU/regPCABIR/genblk1[30].dff1/LED_OBUF_inst_i_1/O
                         net (fo=169, routed)         0.526    15.235    CPU/regPCABIR/genblk1[30].dff1/q_reg_9
    SLICE_X49Y117        LUT1 (Prop_lut1_I0_O)        0.111    15.346 f  CPU/regPCABIR/genblk1[30].dff1/count[25]_i_2__0/O
                         net (fo=126, routed)         0.465    15.811    CPU/steppers/driver_X/clock_Div/new_clk_reg_1
    SLICE_X48Y97         FDCE                                         f  CPU/steppers/driver_X/clock_Div/count_reg[9]/CLR
  -------------------------------------------------------------------    -------------------

                         (clock clk_out1_CPU_clock rise edge)
                                                      0.000     0.000 r  
    E3                                                0.000     0.000 r  clock_40mhz (IN)
                         net (fo=0)                   0.000     0.000    CPU_pll/inst/clk_in1
    E3                   IBUF (Prop_ibuf_I_O)         0.438     0.438 r  CPU_pll/inst/clkin1_ibufg/O
                         net (fo=1, routed)           0.481     0.919    CPU_pll/inst/clk_in1_CPU_clock
    PLLE2_ADV_X1Y2       PLLE2_ADV (Prop_plle2_adv_CLKIN1_CLKOUT0)
                                                     -1.417    -0.498 r  CPU_pll/inst/plle2_adv_inst/CLKOUT0
                         net (fo=1, routed)           0.560     0.061    CPU_pll/inst/clk_out1_CPU_clock
    BUFGCTRL_X0Y16       BUFG (Prop_bufg_I_O)         0.029     0.090 r  CPU_pll/inst/clkout1_buf/O
                         net (fo=1077, routed)        0.838     0.928    CPU/steppers/driver_X/clock_Div/clk_out1
    SLICE_X48Y97         FDCE                                         r  CPU/steppers/driver_X/clock_Div/count_reg[9]/C
                         clock pessimism              0.040     0.968    
                         clock uncertainty            0.173     1.141    
    SLICE_X48Y97         FDCE (Remov_fdce_C_CLR)     -0.154     0.987    CPU/steppers/driver_X/clock_Div/count_reg[9]
  -------------------------------------------------------------------
                         required time                         -0.987    
                         arrival time                          15.811    
  -------------------------------------------------------------------
                         slack                                 14.824    





--------------------------------------------------------------------------------------
Path Group:  (none)
From Clock:  
  To Clock:  

Max Delay           160 Endpoints
Min Delay           160 Endpoints
--------------------------------------------------------------------------------------


Max Delay Paths
--------------------------------------------------------------------------------------
Slack:                    inf
  Source:                 CPU/steppers/driver_X/motor_out_reg[0]/C
                            (rising edge-triggered cell FDRE)
  Destination:            motor_outX[0]
                            (output port)
  Path Group:             (none)
  Path Type:              Max at Slow Process Corner
  Data Path Delay:        8.484ns  (logic 4.180ns (49.268%)  route 4.304ns (50.732%))
  Logic Levels:           3  (FDRE=1 LUT4=1 OBUF=1)

    Location             Delay type                Incr(ns)  Path(ns)    Netlist Resource(s)
  -------------------------------------------------------------------    -------------------
    SLICE_X50Y121        FDRE                         0.000     0.000 r  CPU/steppers/driver_X/motor_out_reg[0]/C
    SLICE_X50Y121        FDRE (Prop_fdre_C_Q)         0.518     0.518 r  CPU/steppers/driver_X/motor_out_reg[0]/Q
                         net (fo=1, routed)           0.803     1.321    CPU/regPCABIR/genblk1[93].dff1/Q[0]
    SLICE_X50Y121        LUT4 (Prop_lut4_I2_O)        0.124     1.445 r  CPU/regPCABIR/genblk1[93].dff1/motor_outX_OBUF[0]_inst_i_1/O
                         net (fo=1, routed)           3.501     4.946    motor_outX_OBUF[0]
    D14                  OBUF (Prop_obuf_I_O)         3.538     8.484 r  motor_outX_OBUF[0]_inst/O
                         net (fo=0)                   0.000     8.484    motor_outX[0]
    D14                                                               r  motor_outX[0] (OUT)
  -------------------------------------------------------------------    -------------------

Slack:                    inf
  Source:                 CPU/steppers/driver_X/motor_out_reg[3]/C
                            (rising edge-triggered cell FDRE)
  Destination:            motor_outX[3]
                            (output port)
  Path Group:             (none)
  Path Type:              Max at Slow Process Corner
  Data Path Delay:        8.365ns  (logic 4.553ns (54.427%)  route 3.812ns (45.573%))
  Logic Levels:           3  (FDRE=1 LUT4=1 OBUF=1)

    Location             Delay type                Incr(ns)  Path(ns)    Netlist Resource(s)
  -------------------------------------------------------------------    -------------------
    SLICE_X50Y121        FDRE                         0.000     0.000 r  CPU/steppers/driver_X/motor_out_reg[3]/C
    SLICE_X50Y121        FDRE (Prop_fdre_C_Q)         0.478     0.478 r  CPU/steppers/driver_X/motor_out_reg[3]/Q
                         net (fo=1, routed)           0.845     1.323    CPU/regPCABIR/genblk1[93].dff1/Q[3]
    SLICE_X50Y121        LUT4 (Prop_lut4_I2_O)        0.324     1.647 r  CPU/regPCABIR/genblk1[93].dff1/motor_outX_OBUF[3]_inst_i_1/O
                         net (fo=1, routed)           2.967     4.614    motor_outX_OBUF[3]
    H14                  OBUF (Prop_obuf_I_O)         3.751     8.365 r  motor_outX_OBUF[3]_inst/O
                         net (fo=0)                   0.000     8.365    motor_outX[3]
    H14                                                               r  motor_outX[3] (OUT)
  -------------------------------------------------------------------    -------------------

Slack:                    inf
  Source:                 CPU/steppers/driver_Y/motor_out_reg[1]/C
                            (rising edge-triggered cell FDRE)
  Destination:            motor_outY[1]
                            (output port)
  Path Group:             (none)
  Path Type:              Max at Slow Process Corner
  Data Path Delay:        8.307ns  (logic 4.363ns (52.523%)  route 3.944ns (47.477%))
  Logic Levels:           3  (FDRE=1 LUT4=1 OBUF=1)

    Location             Delay type                Incr(ns)  Path(ns)    Netlist Resource(s)
  -------------------------------------------------------------------    -------------------
    SLICE_X61Y120        FDRE                         0.000     0.000 r  CPU/steppers/driver_Y/motor_out_reg[1]/C
    SLICE_X61Y120        FDRE (Prop_fdre_C_Q)         0.456     0.456 r  CPU/steppers/driver_Y/motor_out_reg[1]/Q
                         net (fo=1, routed)           0.493     0.949    CPU/regPCABIR/genblk1[61].dff1/motor_outY[3][1]
    SLICE_X61Y120        LUT4 (Prop_lut4_I2_O)        0.150     1.099 r  CPU/regPCABIR/genblk1[61].dff1/motor_outY_OBUF[1]_inst_i_1/O
                         net (fo=1, routed)           3.451     4.550    motor_outY_OBUF[1]
    D18                  OBUF (Prop_obuf_I_O)         3.757     8.307 r  motor_outY_OBUF[1]_inst/O
                         net (fo=0)                   0.000     8.307    motor_outY[1]
    D18                                                               r  motor_outY[1] (OUT)
  -------------------------------------------------------------------    -------------------

Slack:                    inf
  Source:                 CPU/steppers/driver_Y/motor_out_reg[2]/C
                            (rising edge-triggered cell FDRE)
  Destination:            motor_outY[2]
                            (output port)
  Path Group:             (none)
  Path Type:              Max at Slow Process Corner
  Data Path Delay:        8.169ns  (logic 4.128ns (50.530%)  route 4.041ns (49.470%))
  Logic Levels:           3  (FDRE=1 LUT4=1 OBUF=1)

    Location             Delay type                Incr(ns)  Path(ns)    Netlist Resource(s)
  -------------------------------------------------------------------    -------------------
    SLICE_X61Y120        FDRE                         0.000     0.000 r  CPU/steppers/driver_Y/motor_out_reg[2]/C
    SLICE_X61Y120        FDRE (Prop_fdre_C_Q)         0.456     0.456 r  CPU/steppers/driver_Y/motor_out_reg[2]/Q
                         net (fo=1, routed)           0.620     1.076    CPU/regPCABIR/genblk1[61].dff1/motor_outY[3][2]
    SLICE_X61Y120        LUT4 (Prop_lut4_I2_O)        0.124     1.200 r  CPU/regPCABIR/genblk1[61].dff1/motor_outY_OBUF[2]_inst_i_1/O
                         net (fo=1, routed)           3.421     4.621    motor_outY_OBUF[2]
    E18                  OBUF (Prop_obuf_I_O)         3.548     8.169 r  motor_outY_OBUF[2]_inst/O
                         net (fo=0)                   0.000     8.169    motor_outY[2]
    E18                                                               r  motor_outY[2] (OUT)
  -------------------------------------------------------------------    -------------------

Slack:                    inf
  Source:                 CPU/steppers/driver_Y/motor_out_reg[0]/C
                            (rising edge-triggered cell FDRE)
  Destination:            motor_outY[0]
                            (output port)
  Path Group:             (none)
  Path Type:              Max at Slow Process Corner
  Data Path Delay:        8.155ns  (logic 4.145ns (50.829%)  route 4.010ns (49.171%))
  Logic Levels:           3  (FDRE=1 LUT4=1 OBUF=1)

    Location             Delay type                Incr(ns)  Path(ns)    Netlist Resource(s)
  -------------------------------------------------------------------    -------------------
    SLICE_X61Y120        FDRE                         0.000     0.000 r  CPU/steppers/driver_Y/motor_out_reg[0]/C
    SLICE_X61Y120        FDRE (Prop_fdre_C_Q)         0.456     0.456 r  CPU/steppers/driver_Y/motor_out_reg[0]/Q
                         net (fo=1, routed)           0.575     1.031    CPU/regPCABIR/genblk1[61].dff1/motor_outY[3][0]
    SLICE_X61Y120        LUT4 (Prop_lut4_I2_O)        0.124     1.155 r  CPU/regPCABIR/genblk1[61].dff1/motor_outY_OBUF[0]_inst_i_1/O
                         net (fo=1, routed)           3.435     4.590    motor_outY_OBUF[0]
    C17                  OBUF (Prop_obuf_I_O)         3.565     8.155 r  motor_outY_OBUF[0]_inst/O
                         net (fo=0)                   0.000     8.155    motor_outY[0]
    C17                                                               r  motor_outY[0] (OUT)
  -------------------------------------------------------------------    -------------------

Slack:                    inf
  Source:                 CPU/steppers/driver_X/motor_out_reg[1]/C
                            (rising edge-triggered cell FDRE)
  Destination:            motor_outX[1]
                            (output port)
  Path Group:             (none)
  Path Type:              Max at Slow Process Corner
  Data Path Delay:        7.731ns  (logic 4.392ns (56.813%)  route 3.339ns (43.187%))
  Logic Levels:           3  (FDRE=1 LUT4=1 OBUF=1)

    Location             Delay type                Incr(ns)  Path(ns)    Netlist Resource(s)
  -------------------------------------------------------------------    -------------------
    SLICE_X50Y121        FDRE                         0.000     0.000 r  CPU/steppers/driver_X/motor_out_reg[1]/C
    SLICE_X50Y121        FDRE (Prop_fdre_C_Q)         0.518     0.518 r  CPU/steppers/driver_X/motor_out_reg[1]/Q
                         net (fo=1, routed)           0.521     1.039    CPU/regPCABIR/genblk1[93].dff1/Q[1]
    SLICE_X50Y121        LUT4 (Prop_lut4_I2_O)        0.148     1.187 r  CPU/regPCABIR/genblk1[93].dff1/motor_outX_OBUF[1]_inst_i_1/O
                         net (fo=1, routed)           2.818     4.005    motor_outX_OBUF[1]
    F16                  OBUF (Prop_obuf_I_O)         3.726     7.731 r  motor_outX_OBUF[1]_inst/O
                         net (fo=0)                   0.000     7.731    motor_outX[1]
    F16                                                               r  motor_outX[1] (OUT)
  -------------------------------------------------------------------    -------------------

Slack:                    inf
  Source:                 CPU/steppers/driver_Y/motor_out_reg[3]/C
                            (rising edge-triggered cell FDRE)
  Destination:            motor_outY[3]
                            (output port)
  Path Group:             (none)
  Path Type:              Max at Slow Process Corner
  Data Path Delay:        7.633ns  (logic 4.440ns (58.167%)  route 3.193ns (41.833%))
  Logic Levels:           3  (FDRE=1 LUT4=1 OBUF=1)

    Location             Delay type                Incr(ns)  Path(ns)    Netlist Resource(s)
  -------------------------------------------------------------------    -------------------
    SLICE_X61Y120        FDRE                         0.000     0.000 r  CPU/steppers/driver_Y/motor_out_reg[3]/C
    SLICE_X61Y120        FDRE (Prop_fdre_C_Q)         0.419     0.419 r  CPU/steppers/driver_Y/motor_out_reg[3]/Q
                         net (fo=1, routed)           0.268     0.687    CPU/regPCABIR/genblk1[61].dff1/motor_outY[3][3]
    SLICE_X61Y120        LUT4 (Prop_lut4_I2_O)        0.292     0.979 r  CPU/regPCABIR/genblk1[61].dff1/motor_outY_OBUF[3]_inst_i_1/O
                         net (fo=1, routed)           2.925     3.904    motor_outY_OBUF[3]
    G17                  OBUF (Prop_obuf_I_O)         3.729     7.633 r  motor_outY_OBUF[3]_inst/O
                         net (fo=0)                   0.000     7.633    motor_outY[3]
    G17                                                               r  motor_outY[3] (OUT)
  -------------------------------------------------------------------    -------------------

Slack:                    inf
  Source:                 CPU/steppers/driver_X/motor_out_reg[2]/C
                            (rising edge-triggered cell FDRE)
  Destination:            motor_outX[2]
                            (output port)
  Path Group:             (none)
  Path Type:              Max at Slow Process Corner
  Data Path Delay:        7.427ns  (logic 4.157ns (55.969%)  route 3.270ns (44.031%))
  Logic Levels:           3  (FDRE=1 LUT4=1 OBUF=1)

    Location             Delay type                Incr(ns)  Path(ns)    Netlist Resource(s)
  -------------------------------------------------------------------    -------------------
    SLICE_X50Y121        FDRE                         0.000     0.000 r  CPU/steppers/driver_X/motor_out_reg[2]/C
    SLICE_X50Y121        FDRE (Prop_fdre_C_Q)         0.518     0.518 r  CPU/steppers/driver_X/motor_out_reg[2]/Q
                         net (fo=1, routed)           0.436     0.954    CPU/regPCABIR/genblk1[93].dff1/Q[2]
    SLICE_X50Y121        LUT4 (Prop_lut4_I2_O)        0.124     1.078 r  CPU/regPCABIR/genblk1[93].dff1/motor_outX_OBUF[2]_inst_i_1/O
                         net (fo=1, routed)           2.834     3.912    motor_outX_OBUF[2]
    G16                  OBUF (Prop_obuf_I_O)         3.515     7.427 r  motor_outX_OBUF[2]_inst/O
                         net (fo=0)                   0.000     7.427    motor_outX[2]
    G16                                                               r  motor_outX[2] (OUT)
  -------------------------------------------------------------------    -------------------

Slack:                    inf
  Source:                 CPU/steppers/driver_Y/clicks_taken_reg[1]/C
                            (rising edge-triggered cell FDCE)
  Destination:            CPU/steppers/driver_Y/done_reg/D
  Path Group:             (none)
  Path Type:              Max at Slow Process Corner
  Data Path Delay:        5.604ns  (logic 2.919ns (52.088%)  route 2.685ns (47.912%))
  Logic Levels:           12  (CARRY4=9 FDCE=1 LUT4=2)

    Location             Delay type                Incr(ns)  Path(ns)    Netlist Resource(s)
  -------------------------------------------------------------------    -------------------
    SLICE_X54Y116        FDCE                         0.000     0.000 r  CPU/steppers/driver_Y/clicks_taken_reg[1]/C
    SLICE_X54Y116        FDCE (Prop_fdce_C_Q)         0.518     0.518 r  CPU/steppers/driver_Y/clicks_taken_reg[1]/Q
                         net (fo=2, routed)           0.625     1.143    CPU/steppers/driver_Y/clicks_taken_reg[1]
    SLICE_X56Y115        CARRY4 (Prop_carry4_S[0]_CO[3])
                                                      0.637     1.780 r  CPU/steppers/driver_Y/busy0_carry_i_9__0/CO[3]
                         net (fo=1, routed)           0.000     1.780    CPU/steppers/driver_Y/busy0_carry_i_9__0_n_0
    SLICE_X56Y116        CARRY4 (Prop_carry4_CI_CO[3])
                                                      0.117     1.897 r  CPU/steppers/driver_Y/busy0_carry_i_8__0/CO[3]
                         net (fo=1, routed)           0.000     1.897    CPU/steppers/driver_Y/busy0_carry_i_8__0_n_0
    SLICE_X56Y117        CARRY4 (Prop_carry4_CI_CO[3])
                                                      0.117     2.014 r  CPU/steppers/driver_Y/busy0_carry__0_i_10__0/CO[3]
                         net (fo=1, routed)           0.000     2.014    CPU/steppers/driver_Y/busy0_carry__0_i_10__0_n_0
    SLICE_X56Y118        CARRY4 (Prop_carry4_CI_CO[3])
                                                      0.117     2.131 r  CPU/steppers/driver_Y/busy0_carry__0_i_9__0/CO[3]
                         net (fo=1, routed)           0.000     2.131    CPU/steppers/driver_Y/busy0_carry__0_i_9__0_n_0
    SLICE_X56Y119        CARRY4 (Prop_carry4_CI_CO[3])
                                                      0.117     2.248 r  CPU/steppers/driver_Y/busy0_carry__1_i_10__0/CO[3]
                         net (fo=1, routed)           0.000     2.248    CPU/steppers/driver_Y/busy0_carry__1_i_10__0_n_0
    SLICE_X56Y120        CARRY4 (Prop_carry4_CI_CO[3])
                                                      0.117     2.365 r  CPU/steppers/driver_Y/busy0_carry__1_i_9__0/CO[3]
                         net (fo=1, routed)           0.000     2.365    CPU/steppers/driver_Y/busy0_carry__1_i_9__0_n_0
    SLICE_X56Y121        CARRY4 (Prop_carry4_CI_CO[3])
                                                      0.117     2.482 r  CPU/steppers/driver_Y/busy0_carry__2_i_10__0/CO[3]
                         net (fo=1, routed)           0.000     2.482    CPU/steppers/driver_Y/busy0_carry__2_i_10__0_n_0
    SLICE_X56Y122        CARRY4 (Prop_carry4_CI_O[0])
                                                      0.219     2.701 r  CPU/steppers/driver_Y/busy0_carry__2_i_9__0/O[0]
                         net (fo=2, routed)           0.990     3.691    CPU/regPCABIR/genblk1[30].dff1/busy0_carry__2_4[0]
    SLICE_X57Y120        LUT4 (Prop_lut4_I1_O)        0.295     3.986 r  CPU/regPCABIR/genblk1[30].dff1/busy0_carry__2_i_6__0/O
                         net (fo=1, routed)           0.000     3.986    CPU/steppers/driver_Y/done_reg_1[2]
    SLICE_X57Y120        CARRY4 (Prop_carry4_S[2]_CO[3])
                                                      0.398     4.384 r  CPU/steppers/driver_Y/busy0_carry__2/CO[3]
                         net (fo=2, routed)           1.070     5.454    CPU/steppers/driver_Y/busy0
    SLICE_X60Y121        LUT4 (Prop_lut4_I0_O)        0.150     5.604 r  CPU/steppers/driver_Y/done_i_1__0/O
                         net (fo=1, routed)           0.000     5.604    CPU/steppers/driver_Y/done_i_1__0_n_0
    SLICE_X60Y121        FDCE                                         r  CPU/steppers/driver_Y/done_reg/D
  -------------------------------------------------------------------    -------------------

Slack:                    inf
  Source:                 CPU/steppers/driver_X/clicks_taken_reg[3]/C
                            (rising edge-triggered cell FDCE)
  Destination:            CPU/steppers/driver_X/done_reg/D
  Path Group:             (none)
  Path Type:              Max at Slow Process Corner
  Data Path Delay:        5.588ns  (logic 2.868ns (51.328%)  route 2.720ns (48.672%))
  Logic Levels:           11  (CARRY4=8 FDCE=1 LUT4=2)

    Location             Delay type                Incr(ns)  Path(ns)    Netlist Resource(s)
  -------------------------------------------------------------------    -------------------
    SLICE_X48Y116        FDCE                         0.000     0.000 r  CPU/steppers/driver_X/clicks_taken_reg[3]/C
    SLICE_X48Y116        FDCE (Prop_fdce_C_Q)         0.456     0.456 r  CPU/steppers/driver_X/clicks_taken_reg[3]/Q
                         net (fo=4, routed)           1.035     1.491    CPU/steppers/driver_X/out[1]
    SLICE_X47Y116        CARRY4 (Prop_carry4_S[2]_CO[3])
                                                      0.522     2.013 r  CPU/steppers/driver_X/busy0_carry_i_9/CO[3]
                         net (fo=1, routed)           0.000     2.013    CPU/steppers/driver_X/busy0_carry_i_9_n_0
    SLICE_X47Y117        CARRY4 (Prop_carry4_CI_CO[3])
                                                      0.114     2.127 r  CPU/steppers/driver_X/busy0_carry_i_8/CO[3]
                         net (fo=1, routed)           0.000     2.127    CPU/steppers/driver_X/busy0_carry_i_8_n_0
    SLICE_X47Y118        CARRY4 (Prop_carry4_CI_CO[3])
                                                      0.114     2.241 r  CPU/steppers/driver_X/busy0_carry__0_i_10/CO[3]
                         net (fo=1, routed)           0.000     2.241    CPU/steppers/driver_X/busy0_carry__0_i_10_n_0
    SLICE_X47Y119        CARRY4 (Prop_carry4_CI_CO[3])
                                                      0.114     2.355 r  CPU/steppers/driver_X/busy0_carry__0_i_9/CO[3]
                         net (fo=1, routed)           0.000     2.355    CPU/steppers/driver_X/busy0_carry__0_i_9_n_0
    SLICE_X47Y120        CARRY4 (Prop_carry4_CI_CO[3])
                                                      0.114     2.469 r  CPU/steppers/driver_X/busy0_carry__1_i_10/CO[3]
                         net (fo=1, routed)           0.000     2.469    CPU/steppers/driver_X/busy0_carry__1_i_10_n_0
    SLICE_X47Y121        CARRY4 (Prop_carry4_CI_CO[3])
                                                      0.114     2.583 r  CPU/steppers/driver_X/busy0_carry__1_i_9/CO[3]
                         net (fo=1, routed)           0.000     2.583    CPU/steppers/driver_X/busy0_carry__1_i_9_n_0
    SLICE_X47Y122        CARRY4 (Prop_carry4_CI_O[1])
                                                      0.334     2.917 r  CPU/steppers/driver_X/busy0_carry__2_i_10/O[1]
                         net (fo=2, routed)           0.806     3.723    CPU/regPCABIR/genblk1[30].dff1/busy0_carry__2_0[1]
    SLICE_X46Y121        LUT4 (Prop_lut4_I3_O)        0.303     4.026 r  CPU/regPCABIR/genblk1[30].dff1/busy0_carry__2_i_7/O
                         net (fo=1, routed)           0.000     4.026    CPU/steppers/driver_X/done_reg_1[1]
    SLICE_X46Y121        CARRY4 (Prop_carry4_S[1]_CO[3])
                                                      0.533     4.559 r  CPU/steppers/driver_X/busy0_carry__2/CO[3]
                         net (fo=2, routed)           0.879     5.438    CPU/steppers/driver_X/busy0
    SLICE_X49Y122        LUT4 (Prop_lut4_I0_O)        0.150     5.588 r  CPU/steppers/driver_X/done_i_1/O
                         net (fo=1, routed)           0.000     5.588    CPU/steppers/driver_X/done_i_1_n_0
    SLICE_X49Y122        FDCE                                         r  CPU/steppers/driver_X/done_reg/D
  -------------------------------------------------------------------    -------------------





Min Delay Paths
--------------------------------------------------------------------------------------
Slack:                    inf
  Source:                 CPU/steppers/driver_Y/busy_reg/C
                            (rising edge-triggered cell FDCE)
  Destination:            CPU/steppers/driver_Y/state_reg[0]/D
  Path Group:             (none)
  Path Type:              Min at Fast Process Corner
  Data Path Delay:        0.316ns  (logic 0.212ns (67.022%)  route 0.104ns (32.978%))
  Logic Levels:           2  (FDCE=1 LUT4=1)

    Location             Delay type                Incr(ns)  Path(ns)    Netlist Resource(s)
  -------------------------------------------------------------------    -------------------
    SLICE_X60Y121        FDCE                         0.000     0.000 r  CPU/steppers/driver_Y/busy_reg/C
    SLICE_X60Y121        FDCE (Prop_fdce_C_Q)         0.164     0.164 r  CPU/steppers/driver_Y/busy_reg/Q
                         net (fo=5, routed)           0.104     0.268    CPU/regPCABIR/genblk1[61].dff1/busy_Y
    SLICE_X61Y121        LUT4 (Prop_lut4_I2_O)        0.048     0.316 r  CPU/regPCABIR/genblk1[61].dff1/state[0]_i_1__0/O
                         net (fo=1, routed)           0.000     0.316    CPU/steppers/driver_Y/state_reg[0]_1
    SLICE_X61Y121        FDCE                                         r  CPU/steppers/driver_Y/state_reg[0]/D
  -------------------------------------------------------------------    -------------------

Slack:                    inf
  Source:                 CPU/steppers/driver_X/state_reg[1]/C
                            (rising edge-triggered cell FDCE)
  Destination:            CPU/steppers/driver_X/motor_out_reg[0]/D
  Path Group:             (none)
  Path Type:              Min at Fast Process Corner
  Data Path Delay:        0.335ns  (logic 0.209ns (62.361%)  route 0.126ns (37.639%))
  Logic Levels:           2  (FDCE=1 LUT1=1)

    Location             Delay type                Incr(ns)  Path(ns)    Netlist Resource(s)
  -------------------------------------------------------------------    -------------------
    SLICE_X50Y122        FDCE                         0.000     0.000 r  CPU/steppers/driver_X/state_reg[1]/C
    SLICE_X50Y122        FDCE (Prop_fdce_C_Q)         0.164     0.164 f  CPU/steppers/driver_X/state_reg[1]/Q
                         net (fo=5, routed)           0.126     0.290    CPU/steppers/driver_X/state__0[1]
    SLICE_X50Y121        LUT1 (Prop_lut1_I0_O)        0.045     0.335 r  CPU/steppers/driver_X/motor_out[0]_i_1/O
                         net (fo=1, routed)           0.000     0.335    CPU/steppers/driver_X/p_1_in[0]
    SLICE_X50Y121        FDRE                                         r  CPU/steppers/driver_X/motor_out_reg[0]/D
  -------------------------------------------------------------------    -------------------

Slack:                    inf
  Source:                 CPU/steppers/driver_X/state_reg[0]/C
                            (rising edge-triggered cell FDCE)
  Destination:            CPU/steppers/driver_X/state_reg[0]/D
  Path Group:             (none)
  Path Type:              Min at Fast Process Corner
  Data Path Delay:        0.363ns  (logic 0.183ns (50.353%)  route 0.180ns (49.647%))
  Logic Levels:           2  (FDCE=1 LUT4=1)

    Location             Delay type                Incr(ns)  Path(ns)    Netlist Resource(s)
  -------------------------------------------------------------------    -------------------
    SLICE_X49Y122        FDCE                         0.000     0.000 r  CPU/steppers/driver_X/state_reg[0]/C
    SLICE_X49Y122        FDCE (Prop_fdce_C_Q)         0.141     0.141 r  CPU/steppers/driver_X/state_reg[0]/Q
                         net (fo=4, routed)           0.180     0.321    CPU/regPCABIR/genblk1[93].dff1/state__0[0]
    SLICE_X49Y122        LUT4 (Prop_lut4_I3_O)        0.042     0.363 r  CPU/regPCABIR/genblk1[93].dff1/state[0]_i_1/O
                         net (fo=1, routed)           0.000     0.363    CPU/steppers/driver_X/state_reg[0]_1
    SLICE_X49Y122        FDCE                                         r  CPU/steppers/driver_X/state_reg[0]/D
  -------------------------------------------------------------------    -------------------

Slack:                    inf
  Source:                 CPU/steppers/driver_Y/state_reg[1]/C
                            (rising edge-triggered cell FDCE)
  Destination:            CPU/steppers/driver_Y/motor_out_reg[1]/D
  Path Group:             (none)
  Path Type:              Min at Fast Process Corner
  Data Path Delay:        0.372ns  (logic 0.141ns (37.885%)  route 0.231ns (62.115%))
  Logic Levels:           1  (FDCE=1)

    Location             Delay type                Incr(ns)  Path(ns)    Netlist Resource(s)
  -------------------------------------------------------------------    -------------------
    SLICE_X61Y121        FDCE                         0.000     0.000 r  CPU/steppers/driver_Y/state_reg[1]/C
    SLICE_X61Y121        FDCE (Prop_fdce_C_Q)         0.141     0.141 r  CPU/steppers/driver_Y/state_reg[1]/Q
                         net (fo=5, routed)           0.231     0.372    CPU/steppers/driver_Y/state__0[1]
    SLICE_X61Y120        FDRE                                         r  CPU/steppers/driver_Y/motor_out_reg[1]/D
  -------------------------------------------------------------------    -------------------

Slack:                    inf
  Source:                 CPU/steppers/driver_X/clicks_taken_reg[6]/C
                            (rising edge-triggered cell FDCE)
  Destination:            CPU/steppers/driver_X/clicks_taken_reg[6]/D
  Path Group:             (none)
  Path Type:              Min at Fast Process Corner
  Data Path Delay:        0.386ns  (logic 0.252ns (65.343%)  route 0.134ns (34.657%))
  Logic Levels:           2  (CARRY4=1 FDCE=1)

    Location             Delay type                Incr(ns)  Path(ns)    Netlist Resource(s)
  -------------------------------------------------------------------    -------------------
    SLICE_X48Y117        FDCE                         0.000     0.000 r  CPU/steppers/driver_X/clicks_taken_reg[6]/C
    SLICE_X48Y117        FDCE (Prop_fdce_C_Q)         0.141     0.141 r  CPU/steppers/driver_X/clicks_taken_reg[6]/Q
                         net (fo=4, routed)           0.134     0.275    CPU/steppers/driver_X/out[4]
    SLICE_X48Y117        CARRY4 (Prop_carry4_S[2]_O[2])
                                                      0.111     0.386 r  CPU/steppers/driver_X/clicks_taken_reg[4]_i_1/O[2]
                         net (fo=1, routed)           0.000     0.386    CPU/steppers/driver_X/clicks_taken_reg[4]_i_1_n_5
    SLICE_X48Y117        FDCE                                         r  CPU/steppers/driver_X/clicks_taken_reg[6]/D
  -------------------------------------------------------------------    -------------------

Slack:                    inf
  Source:                 CPU/steppers/driver_Y/busy_reg/C
                            (rising edge-triggered cell FDCE)
  Destination:            CPU/steppers/driver_Y/done_reg/D
  Path Group:             (none)
  Path Type:              Min at Fast Process Corner
  Data Path Delay:        0.392ns  (logic 0.207ns (52.764%)  route 0.185ns (47.236%))
  Logic Levels:           2  (FDCE=1 LUT4=1)

    Location             Delay type                Incr(ns)  Path(ns)    Netlist Resource(s)
  -------------------------------------------------------------------    -------------------
    SLICE_X60Y121        FDCE                         0.000     0.000 r  CPU/steppers/driver_Y/busy_reg/C
    SLICE_X60Y121        FDCE (Prop_fdce_C_Q)         0.164     0.164 r  CPU/steppers/driver_Y/busy_reg/Q
                         net (fo=5, routed)           0.185     0.349    CPU/steppers/driver_Y/busy_reg_0
    SLICE_X60Y121        LUT4 (Prop_lut4_I1_O)        0.043     0.392 r  CPU/steppers/driver_Y/done_i_1__0/O
                         net (fo=1, routed)           0.000     0.392    CPU/steppers/driver_Y/done_i_1__0_n_0
    SLICE_X60Y121        FDCE                                         r  CPU/steppers/driver_Y/done_reg/D
  -------------------------------------------------------------------    -------------------

Slack:                    inf
  Source:                 CPU/steppers/driver_Y/busy_reg/C
                            (rising edge-triggered cell FDCE)
  Destination:            CPU/steppers/driver_Y/busy_reg/D
  Path Group:             (none)
  Path Type:              Min at Fast Process Corner
  Data Path Delay:        0.394ns  (logic 0.209ns (53.004%)  route 0.185ns (46.996%))
  Logic Levels:           2  (FDCE=1 LUT3=1)

    Location             Delay type                Incr(ns)  Path(ns)    Netlist Resource(s)
  -------------------------------------------------------------------    -------------------
    SLICE_X60Y121        FDCE                         0.000     0.000 r  CPU/steppers/driver_Y/busy_reg/C
    SLICE_X60Y121        FDCE (Prop_fdce_C_Q)         0.164     0.164 r  CPU/steppers/driver_Y/busy_reg/Q
                         net (fo=5, routed)           0.185     0.349    CPU/steppers/driver_Y/busy_reg_0
    SLICE_X60Y121        LUT3 (Prop_lut3_I1_O)        0.045     0.394 r  CPU/steppers/driver_Y/busy_i_1__0/O
                         net (fo=1, routed)           0.000     0.394    CPU/steppers/driver_Y/busy_i_1__0_n_0
    SLICE_X60Y121        FDCE                                         r  CPU/steppers/driver_Y/busy_reg/D
  -------------------------------------------------------------------    -------------------

Slack:                    inf
  Source:                 CPU/steppers/driver_X/clicks_taken_reg[18]/C
                            (rising edge-triggered cell FDCE)
  Destination:            CPU/steppers/driver_X/clicks_taken_reg[18]/D
  Path Group:             (none)
  Path Type:              Min at Fast Process Corner
  Data Path Delay:        0.397ns  (logic 0.252ns (63.454%)  route 0.145ns (36.546%))
  Logic Levels:           2  (CARRY4=1 FDCE=1)

    Location             Delay type                Incr(ns)  Path(ns)    Netlist Resource(s)
  -------------------------------------------------------------------    -------------------
    SLICE_X48Y120        FDCE                         0.000     0.000 r  CPU/steppers/driver_X/clicks_taken_reg[18]/C
    SLICE_X48Y120        FDCE (Prop_fdce_C_Q)         0.141     0.141 r  CPU/steppers/driver_X/clicks_taken_reg[18]/Q
                         net (fo=4, routed)           0.145     0.286    CPU/steppers/driver_X/out[16]
    SLICE_X48Y120        CARRY4 (Prop_carry4_S[2]_O[2])
                                                      0.111     0.397 r  CPU/steppers/driver_X/clicks_taken_reg[16]_i_1/O[2]
                         net (fo=1, routed)           0.000     0.397    CPU/steppers/driver_X/clicks_taken_reg[16]_i_1_n_5
    SLICE_X48Y120        FDCE                                         r  CPU/steppers/driver_X/clicks_taken_reg[18]/D
  -------------------------------------------------------------------    -------------------

Slack:                    inf
  Source:                 CPU/steppers/driver_X/clicks_taken_reg[22]/C
                            (rising edge-triggered cell FDCE)
  Destination:            CPU/steppers/driver_X/clicks_taken_reg[22]/D
  Path Group:             (none)
  Path Type:              Min at Fast Process Corner
  Data Path Delay:        0.398ns  (logic 0.252ns (63.360%)  route 0.146ns (36.640%))
  Logic Levels:           2  (CARRY4=1 FDCE=1)

    Location             Delay type                Incr(ns)  Path(ns)    Netlist Resource(s)
  -------------------------------------------------------------------    -------------------
    SLICE_X48Y121        FDCE                         0.000     0.000 r  CPU/steppers/driver_X/clicks_taken_reg[22]/C
    SLICE_X48Y121        FDCE (Prop_fdce_C_Q)         0.141     0.141 r  CPU/steppers/driver_X/clicks_taken_reg[22]/Q
                         net (fo=4, routed)           0.146     0.287    CPU/steppers/driver_X/out[20]
    SLICE_X48Y121        CARRY4 (Prop_carry4_S[2]_O[2])
                                                      0.111     0.398 r  CPU/steppers/driver_X/clicks_taken_reg[20]_i_1/O[2]
                         net (fo=1, routed)           0.000     0.398    CPU/steppers/driver_X/clicks_taken_reg[20]_i_1_n_5
    SLICE_X48Y121        FDCE                                         r  CPU/steppers/driver_X/clicks_taken_reg[22]/D
  -------------------------------------------------------------------    -------------------

Slack:                    inf
  Source:                 CPU/steppers/driver_X/clicks_taken_reg[2]/C
                            (rising edge-triggered cell FDCE)
  Destination:            CPU/steppers/driver_X/clicks_taken_reg[2]/D
  Path Group:             (none)
  Path Type:              Min at Fast Process Corner
  Data Path Delay:        0.398ns  (logic 0.252ns (63.360%)  route 0.146ns (36.640%))
  Logic Levels:           2  (CARRY4=1 FDCE=1)

    Location             Delay type                Incr(ns)  Path(ns)    Netlist Resource(s)
  -------------------------------------------------------------------    -------------------
    SLICE_X48Y116        FDCE                         0.000     0.000 r  CPU/steppers/driver_X/clicks_taken_reg[2]/C
    SLICE_X48Y116        FDCE (Prop_fdce_C_Q)         0.141     0.141 r  CPU/steppers/driver_X/clicks_taken_reg[2]/Q
                         net (fo=4, routed)           0.146     0.287    CPU/steppers/driver_X/out[0]
    SLICE_X48Y116        CARRY4 (Prop_carry4_S[2]_O[2])
                                                      0.111     0.398 r  CPU/steppers/driver_X/clicks_taken_reg[0]_i_2/O[2]
                         net (fo=1, routed)           0.000     0.398    CPU/steppers/driver_X/clicks_taken_reg[0]_i_2_n_5
    SLICE_X48Y116        FDCE                                         r  CPU/steppers/driver_X/clicks_taken_reg[2]/D
  -------------------------------------------------------------------    -------------------





--------------------------------------------------------------------------------------
Path Group:  (none)
From Clock:  clk_out1_CPU_clock
  To Clock:  

Max Delay           162 Endpoints
Min Delay           162 Endpoints
--------------------------------------------------------------------------------------


Max Delay Paths
--------------------------------------------------------------------------------------
Slack:                    inf
  Source:                 CPU/regPCABIR/genblk1[28].dff1/q_reg/C
                            (rising edge-triggered cell FDCE clocked by clk_out1_CPU_clock'  {rise@0.000ns fall@12.500ns period=25.000ns})
  Destination:            motor_outY[1]
                            (output port)
  Path Group:             (none)
  Path Type:              Max at Slow Process Corner
  Data Path Delay:        17.976ns  (logic 5.796ns (32.244%)  route 12.180ns (67.756%))
  Logic Levels:           10  (LUT3=1 LUT4=3 LUT5=2 LUT6=3 OBUF=1)
  Clock Uncertainty:      0.482ns  ((TSJ^2 + DJ^2)^1/2) / 2 + PE
    Total System Jitter     (TSJ):    0.050ns
    Discrete Jitter          (DJ):    0.338ns
    Phase Error              (PE):    0.311ns

    Location             Delay type                Incr(ns)  Path(ns)    Netlist Resource(s)
  -------------------------------------------------------------------    -------------------
                         (clock clk_out1_CPU_clock fall edge)
                                                     12.500    12.500 f  
    E3                                                0.000    12.500 f  clock_40mhz (IN)
                         net (fo=0)                   0.000    12.500    CPU_pll/inst/clk_in1
    E3                   IBUF (Prop_ibuf_I_O)         1.482    13.982 f  CPU_pll/inst/clkin1_ibufg/O
                         net (fo=1, routed)           1.253    15.235    CPU_pll/inst/clk_in1_CPU_clock
    PLLE2_ADV_X1Y2       PLLE2_ADV (Prop_plle2_adv_CLKIN1_CLKOUT0)
                                                     -3.459    11.776 f  CPU_pll/inst/plle2_adv_inst/CLKOUT0
                         net (fo=1, routed)           1.713    13.489    CPU_pll/inst/clk_out1_CPU_clock
    BUFGCTRL_X0Y16       BUFG (Prop_bufg_I_O)         0.096    13.585 f  CPU_pll/inst/clkout1_buf/O
                         net (fo=1077, routed)        2.293    15.878    clock
    SLICE_X52Y96         LUT1 (Prop_lut1_I0_O)        0.124    16.002 r  q_reg_i_6/O
                         net (fo=1, routed)           0.567    16.569    q_reg_i_6_n_0
    BUFGCTRL_X0Y0        BUFG (Prop_bufg_I_O)         0.096    16.665 r  q_reg_i_3/O
                         net (fo=451, routed)         1.605    18.270    CPU/regPCABIR/genblk1[28].dff1/clk0
    SLICE_X57Y115        FDCE                                         r  CPU/regPCABIR/genblk1[28].dff1/q_reg/C
  -------------------------------------------------------------------    -------------------
    SLICE_X57Y115        FDCE (Prop_fdce_C_Q)         0.456    18.726 r  CPU/regPCABIR/genblk1[28].dff1/q_reg/Q
                         net (fo=26, routed)          1.214    19.940    CPU/regPCABIR/genblk1[30].dff1/q_reg_171
    SLICE_X51Y109        LUT5 (Prop_lut5_I3_O)        0.124    20.064 r  CPU/regPCABIR/genblk1[30].dff1/LED_OBUF_inst_i_3/O
                         net (fo=34, routed)          0.925    20.989    CPU/regPCABIR/genblk1[30].dff1/q_reg_10
    SLICE_X44Y111        LUT5 (Prop_lut5_I0_O)        0.124    21.113 r  CPU/regPCABIR/genblk1[30].dff1/LED_OBUF_inst_i_2/O
                         net (fo=2, routed)           0.640    21.754    CPU/regPCABIR/genblk1[30].dff1/LED_OBUF_inst_i_2_n_0
    SLICE_X37Y111        LUT4 (Prop_lut4_I0_O)        0.119    21.873 r  CPU/regPCABIR/genblk1[30].dff1/LED_OBUF_inst_i_1/O
                         net (fo=169, routed)         2.586    24.459    CPU/regPCABIR/genblk1[33].dff1/motor_outY_OBUF[3]_inst_i_6_0
    SLICE_X60Y120        LUT4 (Prop_lut4_I2_O)        0.332    24.791 r  CPU/regPCABIR/genblk1[33].dff1/motor_outY_OBUF[3]_inst_i_11/O
                         net (fo=1, routed)           0.680    25.471    CPU/regPCABIR/genblk1[42].dff1/motor_outY_OBUF[3]_inst_i_5_0
    SLICE_X60Y120        LUT6 (Prop_lut6_I2_O)        0.124    25.595 r  CPU/regPCABIR/genblk1[42].dff1/motor_outY_OBUF[3]_inst_i_6/O
                         net (fo=1, routed)           0.371    25.966    CPU/regPCABIR/genblk1[58].dff1/motor_outY_OBUF[3]_inst_i_4_1
    SLICE_X60Y120        LUT6 (Prop_lut6_I3_O)        0.124    26.090 r  CPU/regPCABIR/genblk1[58].dff1/motor_outY_OBUF[3]_inst_i_5/O
                         net (fo=1, routed)           0.795    26.885    CPU/regPCABIR/genblk1[61].dff1/motor_outY_OBUF[3]_inst_i_2_1
    SLICE_X60Y121        LUT6 (Prop_lut6_I5_O)        0.124    27.009 r  CPU/regPCABIR/genblk1[61].dff1/motor_outY_OBUF[3]_inst_i_4/O
                         net (fo=2, routed)           0.655    27.664    CPU/regPCABIR/genblk1[61].dff1/motor_outY_OBUF[3]_inst_i_4_n_0
    SLICE_X61Y121        LUT3 (Prop_lut3_I0_O)        0.152    27.816 r  CPU/regPCABIR/genblk1[61].dff1/motor_outY_OBUF[3]_inst_i_3/O
                         net (fo=8, routed)           0.863    28.679    CPU/regPCABIR/genblk1[61].dff1/q_reg_3
    SLICE_X61Y120        LUT4 (Prop_lut4_I1_O)        0.360    29.039 r  CPU/regPCABIR/genblk1[61].dff1/motor_outY_OBUF[1]_inst_i_1/O
                         net (fo=1, routed)           3.451    32.490    motor_outY_OBUF[1]
    D18                  OBUF (Prop_obuf_I_O)         3.757    36.247 r  motor_outY_OBUF[1]_inst/O
                         net (fo=0)                   0.000    36.247    motor_outY[1]
    D18                                                               r  motor_outY[1] (OUT)
  -------------------------------------------------------------------    -------------------

Slack:                    inf
  Source:                 CPU/regPCABIR/genblk1[28].dff1/q_reg/C
                            (rising edge-triggered cell FDCE clocked by clk_out1_CPU_clock'  {rise@0.000ns fall@12.500ns period=25.000ns})
  Destination:            motor_outY[0]
                            (output port)
  Path Group:             (none)
  Path Type:              Max at Slow Process Corner
  Data Path Delay:        17.740ns  (logic 5.576ns (31.432%)  route 12.164ns (68.568%))
  Logic Levels:           10  (LUT3=1 LUT4=3 LUT5=2 LUT6=3 OBUF=1)
  Clock Uncertainty:      0.482ns  ((TSJ^2 + DJ^2)^1/2) / 2 + PE
    Total System Jitter     (TSJ):    0.050ns
    Discrete Jitter          (DJ):    0.338ns
    Phase Error              (PE):    0.311ns

    Location             Delay type                Incr(ns)  Path(ns)    Netlist Resource(s)
  -------------------------------------------------------------------    -------------------
                         (clock clk_out1_CPU_clock fall edge)
                                                     12.500    12.500 f  
    E3                                                0.000    12.500 f  clock_40mhz (IN)
                         net (fo=0)                   0.000    12.500    CPU_pll/inst/clk_in1
    E3                   IBUF (Prop_ibuf_I_O)         1.482    13.982 f  CPU_pll/inst/clkin1_ibufg/O
                         net (fo=1, routed)           1.253    15.235    CPU_pll/inst/clk_in1_CPU_clock
    PLLE2_ADV_X1Y2       PLLE2_ADV (Prop_plle2_adv_CLKIN1_CLKOUT0)
                                                     -3.459    11.776 f  CPU_pll/inst/plle2_adv_inst/CLKOUT0
                         net (fo=1, routed)           1.713    13.489    CPU_pll/inst/clk_out1_CPU_clock
    BUFGCTRL_X0Y16       BUFG (Prop_bufg_I_O)         0.096    13.585 f  CPU_pll/inst/clkout1_buf/O
                         net (fo=1077, routed)        2.293    15.878    clock
    SLICE_X52Y96         LUT1 (Prop_lut1_I0_O)        0.124    16.002 r  q_reg_i_6/O
                         net (fo=1, routed)           0.567    16.569    q_reg_i_6_n_0
    BUFGCTRL_X0Y0        BUFG (Prop_bufg_I_O)         0.096    16.665 r  q_reg_i_3/O
                         net (fo=451, routed)         1.605    18.270    CPU/regPCABIR/genblk1[28].dff1/clk0
    SLICE_X57Y115        FDCE                                         r  CPU/regPCABIR/genblk1[28].dff1/q_reg/C
  -------------------------------------------------------------------    -------------------
    SLICE_X57Y115        FDCE (Prop_fdce_C_Q)         0.456    18.726 r  CPU/regPCABIR/genblk1[28].dff1/q_reg/Q
                         net (fo=26, routed)          1.214    19.940    CPU/regPCABIR/genblk1[30].dff1/q_reg_171
    SLICE_X51Y109        LUT5 (Prop_lut5_I3_O)        0.124    20.064 r  CPU/regPCABIR/genblk1[30].dff1/LED_OBUF_inst_i_3/O
                         net (fo=34, routed)          0.925    20.989    CPU/regPCABIR/genblk1[30].dff1/q_reg_10
    SLICE_X44Y111        LUT5 (Prop_lut5_I0_O)        0.124    21.113 r  CPU/regPCABIR/genblk1[30].dff1/LED_OBUF_inst_i_2/O
                         net (fo=2, routed)           0.640    21.754    CPU/regPCABIR/genblk1[30].dff1/LED_OBUF_inst_i_2_n_0
    SLICE_X37Y111        LUT4 (Prop_lut4_I0_O)        0.119    21.873 r  CPU/regPCABIR/genblk1[30].dff1/LED_OBUF_inst_i_1/O
                         net (fo=169, routed)         2.586    24.459    CPU/regPCABIR/genblk1[33].dff1/motor_outY_OBUF[3]_inst_i_6_0
    SLICE_X60Y120        LUT4 (Prop_lut4_I2_O)        0.332    24.791 r  CPU/regPCABIR/genblk1[33].dff1/motor_outY_OBUF[3]_inst_i_11/O
                         net (fo=1, routed)           0.680    25.471    CPU/regPCABIR/genblk1[42].dff1/motor_outY_OBUF[3]_inst_i_5_0
    SLICE_X60Y120        LUT6 (Prop_lut6_I2_O)        0.124    25.595 r  CPU/regPCABIR/genblk1[42].dff1/motor_outY_OBUF[3]_inst_i_6/O
                         net (fo=1, routed)           0.371    25.966    CPU/regPCABIR/genblk1[58].dff1/motor_outY_OBUF[3]_inst_i_4_1
    SLICE_X60Y120        LUT6 (Prop_lut6_I3_O)        0.124    26.090 r  CPU/regPCABIR/genblk1[58].dff1/motor_outY_OBUF[3]_inst_i_5/O
                         net (fo=1, routed)           0.795    26.885    CPU/regPCABIR/genblk1[61].dff1/motor_outY_OBUF[3]_inst_i_2_1
    SLICE_X60Y121        LUT6 (Prop_lut6_I5_O)        0.124    27.009 r  CPU/regPCABIR/genblk1[61].dff1/motor_outY_OBUF[3]_inst_i_4/O
                         net (fo=2, routed)           0.655    27.664    CPU/regPCABIR/genblk1[61].dff1/motor_outY_OBUF[3]_inst_i_4_n_0
    SLICE_X61Y121        LUT3 (Prop_lut3_I0_O)        0.152    27.816 r  CPU/regPCABIR/genblk1[61].dff1/motor_outY_OBUF[3]_inst_i_3/O
                         net (fo=8, routed)           0.863    28.679    CPU/regPCABIR/genblk1[61].dff1/q_reg_3
    SLICE_X61Y120        LUT4 (Prop_lut4_I1_O)        0.332    29.011 r  CPU/regPCABIR/genblk1[61].dff1/motor_outY_OBUF[0]_inst_i_1/O
                         net (fo=1, routed)           3.435    32.445    motor_outY_OBUF[0]
    C17                  OBUF (Prop_obuf_I_O)         3.565    36.010 r  motor_outY_OBUF[0]_inst/O
                         net (fo=0)                   0.000    36.010    motor_outY[0]
    C17                                                               r  motor_outY[0] (OUT)
  -------------------------------------------------------------------    -------------------

Slack:                    inf
  Source:                 CPU/regPCABIR/genblk1[28].dff1/q_reg/C
                            (rising edge-triggered cell FDCE clocked by clk_out1_CPU_clock'  {rise@0.000ns fall@12.500ns period=25.000ns})
  Destination:            motor_outY[2]
                            (output port)
  Path Group:             (none)
  Path Type:              Max at Slow Process Corner
  Data Path Delay:        17.711ns  (logic 5.559ns (31.387%)  route 12.152ns (68.613%))
  Logic Levels:           10  (LUT3=1 LUT4=3 LUT5=2 LUT6=3 OBUF=1)
  Clock Uncertainty:      0.482ns  ((TSJ^2 + DJ^2)^1/2) / 2 + PE
    Total System Jitter     (TSJ):    0.050ns
    Discrete Jitter          (DJ):    0.338ns
    Phase Error              (PE):    0.311ns

    Location             Delay type                Incr(ns)  Path(ns)    Netlist Resource(s)
  -------------------------------------------------------------------    -------------------
                         (clock clk_out1_CPU_clock fall edge)
                                                     12.500    12.500 f  
    E3                                                0.000    12.500 f  clock_40mhz (IN)
                         net (fo=0)                   0.000    12.500    CPU_pll/inst/clk_in1
    E3                   IBUF (Prop_ibuf_I_O)         1.482    13.982 f  CPU_pll/inst/clkin1_ibufg/O
                         net (fo=1, routed)           1.253    15.235    CPU_pll/inst/clk_in1_CPU_clock
    PLLE2_ADV_X1Y2       PLLE2_ADV (Prop_plle2_adv_CLKIN1_CLKOUT0)
                                                     -3.459    11.776 f  CPU_pll/inst/plle2_adv_inst/CLKOUT0
                         net (fo=1, routed)           1.713    13.489    CPU_pll/inst/clk_out1_CPU_clock
    BUFGCTRL_X0Y16       BUFG (Prop_bufg_I_O)         0.096    13.585 f  CPU_pll/inst/clkout1_buf/O
                         net (fo=1077, routed)        2.293    15.878    clock
    SLICE_X52Y96         LUT1 (Prop_lut1_I0_O)        0.124    16.002 r  q_reg_i_6/O
                         net (fo=1, routed)           0.567    16.569    q_reg_i_6_n_0
    BUFGCTRL_X0Y0        BUFG (Prop_bufg_I_O)         0.096    16.665 r  q_reg_i_3/O
                         net (fo=451, routed)         1.605    18.270    CPU/regPCABIR/genblk1[28].dff1/clk0
    SLICE_X57Y115        FDCE                                         r  CPU/regPCABIR/genblk1[28].dff1/q_reg/C
  -------------------------------------------------------------------    -------------------
    SLICE_X57Y115        FDCE (Prop_fdce_C_Q)         0.456    18.726 r  CPU/regPCABIR/genblk1[28].dff1/q_reg/Q
                         net (fo=26, routed)          1.214    19.940    CPU/regPCABIR/genblk1[30].dff1/q_reg_171
    SLICE_X51Y109        LUT5 (Prop_lut5_I3_O)        0.124    20.064 r  CPU/regPCABIR/genblk1[30].dff1/LED_OBUF_inst_i_3/O
                         net (fo=34, routed)          0.925    20.989    CPU/regPCABIR/genblk1[30].dff1/q_reg_10
    SLICE_X44Y111        LUT5 (Prop_lut5_I0_O)        0.124    21.113 r  CPU/regPCABIR/genblk1[30].dff1/LED_OBUF_inst_i_2/O
                         net (fo=2, routed)           0.640    21.754    CPU/regPCABIR/genblk1[30].dff1/LED_OBUF_inst_i_2_n_0
    SLICE_X37Y111        LUT4 (Prop_lut4_I0_O)        0.119    21.873 r  CPU/regPCABIR/genblk1[30].dff1/LED_OBUF_inst_i_1/O
                         net (fo=169, routed)         2.586    24.459    CPU/regPCABIR/genblk1[33].dff1/motor_outY_OBUF[3]_inst_i_6_0
    SLICE_X60Y120        LUT4 (Prop_lut4_I2_O)        0.332    24.791 r  CPU/regPCABIR/genblk1[33].dff1/motor_outY_OBUF[3]_inst_i_11/O
                         net (fo=1, routed)           0.680    25.471    CPU/regPCABIR/genblk1[42].dff1/motor_outY_OBUF[3]_inst_i_5_0
    SLICE_X60Y120        LUT6 (Prop_lut6_I2_O)        0.124    25.595 r  CPU/regPCABIR/genblk1[42].dff1/motor_outY_OBUF[3]_inst_i_6/O
                         net (fo=1, routed)           0.371    25.966    CPU/regPCABIR/genblk1[58].dff1/motor_outY_OBUF[3]_inst_i_4_1
    SLICE_X60Y120        LUT6 (Prop_lut6_I3_O)        0.124    26.090 r  CPU/regPCABIR/genblk1[58].dff1/motor_outY_OBUF[3]_inst_i_5/O
                         net (fo=1, routed)           0.795    26.885    CPU/regPCABIR/genblk1[61].dff1/motor_outY_OBUF[3]_inst_i_2_1
    SLICE_X60Y121        LUT6 (Prop_lut6_I5_O)        0.124    27.009 r  CPU/regPCABIR/genblk1[61].dff1/motor_outY_OBUF[3]_inst_i_4/O
                         net (fo=2, routed)           0.655    27.664    CPU/regPCABIR/genblk1[61].dff1/motor_outY_OBUF[3]_inst_i_4_n_0
    SLICE_X61Y121        LUT3 (Prop_lut3_I0_O)        0.152    27.816 r  CPU/regPCABIR/genblk1[61].dff1/motor_outY_OBUF[3]_inst_i_3/O
                         net (fo=8, routed)           0.865    28.681    CPU/regPCABIR/genblk1[61].dff1/q_reg_3
    SLICE_X61Y120        LUT4 (Prop_lut4_I1_O)        0.332    29.013 r  CPU/regPCABIR/genblk1[61].dff1/motor_outY_OBUF[2]_inst_i_1/O
                         net (fo=1, routed)           3.421    32.433    motor_outY_OBUF[2]
    E18                  OBUF (Prop_obuf_I_O)         3.548    35.981 r  motor_outY_OBUF[2]_inst/O
                         net (fo=0)                   0.000    35.981    motor_outY[2]
    E18                                                               r  motor_outY[2] (OUT)
  -------------------------------------------------------------------    -------------------

Slack:                    inf
  Source:                 CPU/regPCABIR/genblk1[28].dff1/q_reg/C
                            (rising edge-triggered cell FDCE clocked by clk_out1_CPU_clock'  {rise@0.000ns fall@12.500ns period=25.000ns})
  Destination:            motor_outY[3]
                            (output port)
  Path Group:             (none)
  Path Type:              Max at Slow Process Corner
  Data Path Delay:        17.424ns  (logic 5.768ns (33.104%)  route 11.656ns (66.896%))
  Logic Levels:           10  (LUT3=1 LUT4=3 LUT5=2 LUT6=3 OBUF=1)
  Clock Uncertainty:      0.482ns  ((TSJ^2 + DJ^2)^1/2) / 2 + PE
    Total System Jitter     (TSJ):    0.050ns
    Discrete Jitter          (DJ):    0.338ns
    Phase Error              (PE):    0.311ns

    Location             Delay type                Incr(ns)  Path(ns)    Netlist Resource(s)
  -------------------------------------------------------------------    -------------------
                         (clock clk_out1_CPU_clock fall edge)
                                                     12.500    12.500 f  
    E3                                                0.000    12.500 f  clock_40mhz (IN)
                         net (fo=0)                   0.000    12.500    CPU_pll/inst/clk_in1
    E3                   IBUF (Prop_ibuf_I_O)         1.482    13.982 f  CPU_pll/inst/clkin1_ibufg/O
                         net (fo=1, routed)           1.253    15.235    CPU_pll/inst/clk_in1_CPU_clock
    PLLE2_ADV_X1Y2       PLLE2_ADV (Prop_plle2_adv_CLKIN1_CLKOUT0)
                                                     -3.459    11.776 f  CPU_pll/inst/plle2_adv_inst/CLKOUT0
                         net (fo=1, routed)           1.713    13.489    CPU_pll/inst/clk_out1_CPU_clock
    BUFGCTRL_X0Y16       BUFG (Prop_bufg_I_O)         0.096    13.585 f  CPU_pll/inst/clkout1_buf/O
                         net (fo=1077, routed)        2.293    15.878    clock
    SLICE_X52Y96         LUT1 (Prop_lut1_I0_O)        0.124    16.002 r  q_reg_i_6/O
                         net (fo=1, routed)           0.567    16.569    q_reg_i_6_n_0
    BUFGCTRL_X0Y0        BUFG (Prop_bufg_I_O)         0.096    16.665 r  q_reg_i_3/O
                         net (fo=451, routed)         1.605    18.270    CPU/regPCABIR/genblk1[28].dff1/clk0
    SLICE_X57Y115        FDCE                                         r  CPU/regPCABIR/genblk1[28].dff1/q_reg/C
  -------------------------------------------------------------------    -------------------
    SLICE_X57Y115        FDCE (Prop_fdce_C_Q)         0.456    18.726 r  CPU/regPCABIR/genblk1[28].dff1/q_reg/Q
                         net (fo=26, routed)          1.214    19.940    CPU/regPCABIR/genblk1[30].dff1/q_reg_171
    SLICE_X51Y109        LUT5 (Prop_lut5_I3_O)        0.124    20.064 r  CPU/regPCABIR/genblk1[30].dff1/LED_OBUF_inst_i_3/O
                         net (fo=34, routed)          0.925    20.989    CPU/regPCABIR/genblk1[30].dff1/q_reg_10
    SLICE_X44Y111        LUT5 (Prop_lut5_I0_O)        0.124    21.113 r  CPU/regPCABIR/genblk1[30].dff1/LED_OBUF_inst_i_2/O
                         net (fo=2, routed)           0.640    21.754    CPU/regPCABIR/genblk1[30].dff1/LED_OBUF_inst_i_2_n_0
    SLICE_X37Y111        LUT4 (Prop_lut4_I0_O)        0.119    21.873 r  CPU/regPCABIR/genblk1[30].dff1/LED_OBUF_inst_i_1/O
                         net (fo=169, routed)         2.586    24.459    CPU/regPCABIR/genblk1[33].dff1/motor_outY_OBUF[3]_inst_i_6_0
    SLICE_X60Y120        LUT4 (Prop_lut4_I2_O)        0.332    24.791 r  CPU/regPCABIR/genblk1[33].dff1/motor_outY_OBUF[3]_inst_i_11/O
                         net (fo=1, routed)           0.680    25.471    CPU/regPCABIR/genblk1[42].dff1/motor_outY_OBUF[3]_inst_i_5_0
    SLICE_X60Y120        LUT6 (Prop_lut6_I2_O)        0.124    25.595 r  CPU/regPCABIR/genblk1[42].dff1/motor_outY_OBUF[3]_inst_i_6/O
                         net (fo=1, routed)           0.371    25.966    CPU/regPCABIR/genblk1[58].dff1/motor_outY_OBUF[3]_inst_i_4_1
    SLICE_X60Y120        LUT6 (Prop_lut6_I3_O)        0.124    26.090 r  CPU/regPCABIR/genblk1[58].dff1/motor_outY_OBUF[3]_inst_i_5/O
                         net (fo=1, routed)           0.795    26.885    CPU/regPCABIR/genblk1[61].dff1/motor_outY_OBUF[3]_inst_i_2_1
    SLICE_X60Y121        LUT6 (Prop_lut6_I5_O)        0.124    27.009 r  CPU/regPCABIR/genblk1[61].dff1/motor_outY_OBUF[3]_inst_i_4/O
                         net (fo=2, routed)           0.655    27.664    CPU/regPCABIR/genblk1[61].dff1/motor_outY_OBUF[3]_inst_i_4_n_0
    SLICE_X61Y121        LUT3 (Prop_lut3_I0_O)        0.152    27.816 r  CPU/regPCABIR/genblk1[61].dff1/motor_outY_OBUF[3]_inst_i_3/O
                         net (fo=8, routed)           0.865    28.681    CPU/regPCABIR/genblk1[61].dff1/q_reg_3
    SLICE_X61Y120        LUT4 (Prop_lut4_I1_O)        0.360    29.041 r  CPU/regPCABIR/genblk1[61].dff1/motor_outY_OBUF[3]_inst_i_1/O
                         net (fo=1, routed)           2.925    31.966    motor_outY_OBUF[3]
    G17                  OBUF (Prop_obuf_I_O)         3.729    35.695 r  motor_outY_OBUF[3]_inst/O
                         net (fo=0)                   0.000    35.695    motor_outY[3]
    G17                                                               r  motor_outY[3] (OUT)
  -------------------------------------------------------------------    -------------------

Slack:                    inf
  Source:                 CPU/regPCABIR/genblk1[28].dff1/q_reg/C
                            (rising edge-triggered cell FDCE clocked by clk_out1_CPU_clock'  {rise@0.000ns fall@12.500ns period=25.000ns})
  Destination:            motor_outX[0]
                            (output port)
  Path Group:             (none)
  Path Type:              Max at Slow Process Corner
  Data Path Delay:        16.860ns  (logic 5.738ns (34.031%)  route 11.122ns (65.968%))
  Logic Levels:           10  (LUT3=1 LUT4=3 LUT5=2 LUT6=3 OBUF=1)
  Clock Uncertainty:      0.482ns  ((TSJ^2 + DJ^2)^1/2) / 2 + PE
    Total System Jitter     (TSJ):    0.050ns
    Discrete Jitter          (DJ):    0.338ns
    Phase Error              (PE):    0.311ns

    Location             Delay type                Incr(ns)  Path(ns)    Netlist Resource(s)
  -------------------------------------------------------------------    -------------------
                         (clock clk_out1_CPU_clock fall edge)
                                                     12.500    12.500 f  
    E3                                                0.000    12.500 f  clock_40mhz (IN)
                         net (fo=0)                   0.000    12.500    CPU_pll/inst/clk_in1
    E3                   IBUF (Prop_ibuf_I_O)         1.482    13.982 f  CPU_pll/inst/clkin1_ibufg/O
                         net (fo=1, routed)           1.253    15.235    CPU_pll/inst/clk_in1_CPU_clock
    PLLE2_ADV_X1Y2       PLLE2_ADV (Prop_plle2_adv_CLKIN1_CLKOUT0)
                                                     -3.459    11.776 f  CPU_pll/inst/plle2_adv_inst/CLKOUT0
                         net (fo=1, routed)           1.713    13.489    CPU_pll/inst/clk_out1_CPU_clock
    BUFGCTRL_X0Y16       BUFG (Prop_bufg_I_O)         0.096    13.585 f  CPU_pll/inst/clkout1_buf/O
                         net (fo=1077, routed)        2.293    15.878    clock
    SLICE_X52Y96         LUT1 (Prop_lut1_I0_O)        0.124    16.002 r  q_reg_i_6/O
                         net (fo=1, routed)           0.567    16.569    q_reg_i_6_n_0
    BUFGCTRL_X0Y0        BUFG (Prop_bufg_I_O)         0.096    16.665 r  q_reg_i_3/O
                         net (fo=451, routed)         1.605    18.270    CPU/regPCABIR/genblk1[28].dff1/clk0
    SLICE_X57Y115        FDCE                                         r  CPU/regPCABIR/genblk1[28].dff1/q_reg/C
  -------------------------------------------------------------------    -------------------
    SLICE_X57Y115        FDCE (Prop_fdce_C_Q)         0.456    18.726 r  CPU/regPCABIR/genblk1[28].dff1/q_reg/Q
                         net (fo=26, routed)          1.214    19.940    CPU/regPCABIR/genblk1[30].dff1/q_reg_171
    SLICE_X51Y109        LUT5 (Prop_lut5_I3_O)        0.124    20.064 r  CPU/regPCABIR/genblk1[30].dff1/LED_OBUF_inst_i_3/O
                         net (fo=34, routed)          0.925    20.989    CPU/regPCABIR/genblk1[30].dff1/q_reg_10
    SLICE_X44Y111        LUT5 (Prop_lut5_I0_O)        0.124    21.113 r  CPU/regPCABIR/genblk1[30].dff1/LED_OBUF_inst_i_2/O
                         net (fo=2, routed)           0.640    21.754    CPU/regPCABIR/genblk1[30].dff1/LED_OBUF_inst_i_2_n_0
    SLICE_X37Y111        LUT4 (Prop_lut4_I0_O)        0.119    21.873 r  CPU/regPCABIR/genblk1[30].dff1/LED_OBUF_inst_i_1/O
                         net (fo=169, routed)         0.848    22.721    CPU/regPCABIR/genblk1[65].dff1/motor_outX_OBUF[3]_inst_i_6_0
    SLICE_X44Y116        LUT4 (Prop_lut4_I2_O)        0.328    23.049 r  CPU/regPCABIR/genblk1[65].dff1/motor_outX_OBUF[3]_inst_i_11/O
                         net (fo=1, routed)           1.132    24.181    CPU/regPCABIR/genblk1[74].dff1/motor_outX_OBUF[3]_inst_i_5_0
    SLICE_X44Y120        LUT6 (Prop_lut6_I2_O)        0.327    24.508 r  CPU/regPCABIR/genblk1[74].dff1/motor_outX_OBUF[3]_inst_i_6/O
                         net (fo=1, routed)           0.575    25.083    CPU/regPCABIR/genblk1[90].dff1/motor_outX_OBUF[3]_inst_i_4_1
    SLICE_X44Y121        LUT6 (Prop_lut6_I3_O)        0.124    25.207 r  CPU/regPCABIR/genblk1[90].dff1/motor_outX_OBUF[3]_inst_i_5/O
                         net (fo=1, routed)           0.303    25.510    CPU/regPCABIR/genblk1[93].dff1/motor_outX_OBUF[3]_inst_i_2_3
    SLICE_X44Y122        LUT6 (Prop_lut6_I5_O)        0.124    25.634 r  CPU/regPCABIR/genblk1[93].dff1/motor_outX_OBUF[3]_inst_i_4/O
                         net (fo=2, routed)           1.097    26.731    CPU/regPCABIR/genblk1[93].dff1/motor_outX_OBUF[3]_inst_i_4_n_0
    SLICE_X50Y122        LUT3 (Prop_lut3_I0_O)        0.146    26.877 r  CPU/regPCABIR/genblk1[93].dff1/motor_outX_OBUF[3]_inst_i_3/O
                         net (fo=8, routed)           0.887    27.764    CPU/regPCABIR/genblk1[93].dff1/q_reg_2
    SLICE_X50Y121        LUT4 (Prop_lut4_I1_O)        0.328    28.092 r  CPU/regPCABIR/genblk1[93].dff1/motor_outX_OBUF[0]_inst_i_1/O
                         net (fo=1, routed)           3.501    31.593    motor_outX_OBUF[0]
    D14                  OBUF (Prop_obuf_I_O)         3.538    35.130 r  motor_outX_OBUF[0]_inst/O
                         net (fo=0)                   0.000    35.130    motor_outX[0]
    D14                                                               r  motor_outX[0] (OUT)
  -------------------------------------------------------------------    -------------------

Slack:                    inf
  Source:                 CPU/regPCABIR/genblk1[28].dff1/q_reg/C
                            (rising edge-triggered cell FDCE clocked by clk_out1_CPU_clock'  {rise@0.000ns fall@12.500ns period=25.000ns})
  Destination:            motor_outX[3]
                            (output port)
  Path Group:             (none)
  Path Type:              Max at Slow Process Corner
  Data Path Delay:        16.557ns  (logic 5.979ns (36.111%)  route 10.578ns (63.889%))
  Logic Levels:           10  (LUT3=1 LUT4=3 LUT5=2 LUT6=3 OBUF=1)
  Clock Uncertainty:      0.482ns  ((TSJ^2 + DJ^2)^1/2) / 2 + PE
    Total System Jitter     (TSJ):    0.050ns
    Discrete Jitter          (DJ):    0.338ns
    Phase Error              (PE):    0.311ns

    Location             Delay type                Incr(ns)  Path(ns)    Netlist Resource(s)
  -------------------------------------------------------------------    -------------------
                         (clock clk_out1_CPU_clock fall edge)
                                                     12.500    12.500 f  
    E3                                                0.000    12.500 f  clock_40mhz (IN)
                         net (fo=0)                   0.000    12.500    CPU_pll/inst/clk_in1
    E3                   IBUF (Prop_ibuf_I_O)         1.482    13.982 f  CPU_pll/inst/clkin1_ibufg/O
                         net (fo=1, routed)           1.253    15.235    CPU_pll/inst/clk_in1_CPU_clock
    PLLE2_ADV_X1Y2       PLLE2_ADV (Prop_plle2_adv_CLKIN1_CLKOUT0)
                                                     -3.459    11.776 f  CPU_pll/inst/plle2_adv_inst/CLKOUT0
                         net (fo=1, routed)           1.713    13.489    CPU_pll/inst/clk_out1_CPU_clock
    BUFGCTRL_X0Y16       BUFG (Prop_bufg_I_O)         0.096    13.585 f  CPU_pll/inst/clkout1_buf/O
                         net (fo=1077, routed)        2.293    15.878    clock
    SLICE_X52Y96         LUT1 (Prop_lut1_I0_O)        0.124    16.002 r  q_reg_i_6/O
                         net (fo=1, routed)           0.567    16.569    q_reg_i_6_n_0
    BUFGCTRL_X0Y0        BUFG (Prop_bufg_I_O)         0.096    16.665 r  q_reg_i_3/O
                         net (fo=451, routed)         1.605    18.270    CPU/regPCABIR/genblk1[28].dff1/clk0
    SLICE_X57Y115        FDCE                                         r  CPU/regPCABIR/genblk1[28].dff1/q_reg/C
  -------------------------------------------------------------------    -------------------
    SLICE_X57Y115        FDCE (Prop_fdce_C_Q)         0.456    18.726 r  CPU/regPCABIR/genblk1[28].dff1/q_reg/Q
                         net (fo=26, routed)          1.214    19.940    CPU/regPCABIR/genblk1[30].dff1/q_reg_171
    SLICE_X51Y109        LUT5 (Prop_lut5_I3_O)        0.124    20.064 r  CPU/regPCABIR/genblk1[30].dff1/LED_OBUF_inst_i_3/O
                         net (fo=34, routed)          0.925    20.989    CPU/regPCABIR/genblk1[30].dff1/q_reg_10
    SLICE_X44Y111        LUT5 (Prop_lut5_I0_O)        0.124    21.113 r  CPU/regPCABIR/genblk1[30].dff1/LED_OBUF_inst_i_2/O
                         net (fo=2, routed)           0.640    21.754    CPU/regPCABIR/genblk1[30].dff1/LED_OBUF_inst_i_2_n_0
    SLICE_X37Y111        LUT4 (Prop_lut4_I0_O)        0.119    21.873 r  CPU/regPCABIR/genblk1[30].dff1/LED_OBUF_inst_i_1/O
                         net (fo=169, routed)         0.848    22.721    CPU/regPCABIR/genblk1[65].dff1/motor_outX_OBUF[3]_inst_i_6_0
    SLICE_X44Y116        LUT4 (Prop_lut4_I2_O)        0.328    23.049 r  CPU/regPCABIR/genblk1[65].dff1/motor_outX_OBUF[3]_inst_i_11/O
                         net (fo=1, routed)           1.132    24.181    CPU/regPCABIR/genblk1[74].dff1/motor_outX_OBUF[3]_inst_i_5_0
    SLICE_X44Y120        LUT6 (Prop_lut6_I2_O)        0.327    24.508 r  CPU/regPCABIR/genblk1[74].dff1/motor_outX_OBUF[3]_inst_i_6/O
                         net (fo=1, routed)           0.575    25.083    CPU/regPCABIR/genblk1[90].dff1/motor_outX_OBUF[3]_inst_i_4_1
    SLICE_X44Y121        LUT6 (Prop_lut6_I3_O)        0.124    25.207 r  CPU/regPCABIR/genblk1[90].dff1/motor_outX_OBUF[3]_inst_i_5/O
                         net (fo=1, routed)           0.303    25.510    CPU/regPCABIR/genblk1[93].dff1/motor_outX_OBUF[3]_inst_i_2_3
    SLICE_X44Y122        LUT6 (Prop_lut6_I5_O)        0.124    25.634 r  CPU/regPCABIR/genblk1[93].dff1/motor_outX_OBUF[3]_inst_i_4/O
                         net (fo=2, routed)           1.097    26.731    CPU/regPCABIR/genblk1[93].dff1/motor_outX_OBUF[3]_inst_i_4_n_0
    SLICE_X50Y122        LUT3 (Prop_lut3_I0_O)        0.146    26.877 r  CPU/regPCABIR/genblk1[93].dff1/motor_outX_OBUF[3]_inst_i_3/O
                         net (fo=8, routed)           0.877    27.754    CPU/regPCABIR/genblk1[93].dff1/q_reg_2
    SLICE_X50Y121        LUT4 (Prop_lut4_I1_O)        0.356    28.110 r  CPU/regPCABIR/genblk1[93].dff1/motor_outX_OBUF[3]_inst_i_1/O
                         net (fo=1, routed)           2.967    31.077    motor_outX_OBUF[3]
    H14                  OBUF (Prop_obuf_I_O)         3.751    34.828 r  motor_outX_OBUF[3]_inst/O
                         net (fo=0)                   0.000    34.828    motor_outX[3]
    H14                                                               r  motor_outX[3] (OUT)
  -------------------------------------------------------------------    -------------------

Slack:                    inf
  Source:                 CPU/regPCABIR/genblk1[28].dff1/q_reg/C
                            (rising edge-triggered cell FDCE clocked by clk_out1_CPU_clock'  {rise@0.000ns fall@12.500ns period=25.000ns})
  Destination:            motor_outX[1]
                            (output port)
  Path Group:             (none)
  Path Type:              Max at Slow Process Corner
  Data Path Delay:        16.391ns  (logic 5.952ns (36.313%)  route 10.439ns (63.687%))
  Logic Levels:           10  (LUT3=1 LUT4=3 LUT5=2 LUT6=3 OBUF=1)
  Clock Uncertainty:      0.482ns  ((TSJ^2 + DJ^2)^1/2) / 2 + PE
    Total System Jitter     (TSJ):    0.050ns
    Discrete Jitter          (DJ):    0.338ns
    Phase Error              (PE):    0.311ns

    Location             Delay type                Incr(ns)  Path(ns)    Netlist Resource(s)
  -------------------------------------------------------------------    -------------------
                         (clock clk_out1_CPU_clock fall edge)
                                                     12.500    12.500 f  
    E3                                                0.000    12.500 f  clock_40mhz (IN)
                         net (fo=0)                   0.000    12.500    CPU_pll/inst/clk_in1
    E3                   IBUF (Prop_ibuf_I_O)         1.482    13.982 f  CPU_pll/inst/clkin1_ibufg/O
                         net (fo=1, routed)           1.253    15.235    CPU_pll/inst/clk_in1_CPU_clock
    PLLE2_ADV_X1Y2       PLLE2_ADV (Prop_plle2_adv_CLKIN1_CLKOUT0)
                                                     -3.459    11.776 f  CPU_pll/inst/plle2_adv_inst/CLKOUT0
                         net (fo=1, routed)           1.713    13.489    CPU_pll/inst/clk_out1_CPU_clock
    BUFGCTRL_X0Y16       BUFG (Prop_bufg_I_O)         0.096    13.585 f  CPU_pll/inst/clkout1_buf/O
                         net (fo=1077, routed)        2.293    15.878    clock
    SLICE_X52Y96         LUT1 (Prop_lut1_I0_O)        0.124    16.002 r  q_reg_i_6/O
                         net (fo=1, routed)           0.567    16.569    q_reg_i_6_n_0
    BUFGCTRL_X0Y0        BUFG (Prop_bufg_I_O)         0.096    16.665 r  q_reg_i_3/O
                         net (fo=451, routed)         1.605    18.270    CPU/regPCABIR/genblk1[28].dff1/clk0
    SLICE_X57Y115        FDCE                                         r  CPU/regPCABIR/genblk1[28].dff1/q_reg/C
  -------------------------------------------------------------------    -------------------
    SLICE_X57Y115        FDCE (Prop_fdce_C_Q)         0.456    18.726 r  CPU/regPCABIR/genblk1[28].dff1/q_reg/Q
                         net (fo=26, routed)          1.214    19.940    CPU/regPCABIR/genblk1[30].dff1/q_reg_171
    SLICE_X51Y109        LUT5 (Prop_lut5_I3_O)        0.124    20.064 r  CPU/regPCABIR/genblk1[30].dff1/LED_OBUF_inst_i_3/O
                         net (fo=34, routed)          0.925    20.989    CPU/regPCABIR/genblk1[30].dff1/q_reg_10
    SLICE_X44Y111        LUT5 (Prop_lut5_I0_O)        0.124    21.113 r  CPU/regPCABIR/genblk1[30].dff1/LED_OBUF_inst_i_2/O
                         net (fo=2, routed)           0.640    21.754    CPU/regPCABIR/genblk1[30].dff1/LED_OBUF_inst_i_2_n_0
    SLICE_X37Y111        LUT4 (Prop_lut4_I0_O)        0.119    21.873 r  CPU/regPCABIR/genblk1[30].dff1/LED_OBUF_inst_i_1/O
                         net (fo=169, routed)         0.848    22.721    CPU/regPCABIR/genblk1[65].dff1/motor_outX_OBUF[3]_inst_i_6_0
    SLICE_X44Y116        LUT4 (Prop_lut4_I2_O)        0.328    23.049 r  CPU/regPCABIR/genblk1[65].dff1/motor_outX_OBUF[3]_inst_i_11/O
                         net (fo=1, routed)           1.132    24.181    CPU/regPCABIR/genblk1[74].dff1/motor_outX_OBUF[3]_inst_i_5_0
    SLICE_X44Y120        LUT6 (Prop_lut6_I2_O)        0.327    24.508 r  CPU/regPCABIR/genblk1[74].dff1/motor_outX_OBUF[3]_inst_i_6/O
                         net (fo=1, routed)           0.575    25.083    CPU/regPCABIR/genblk1[90].dff1/motor_outX_OBUF[3]_inst_i_4_1
    SLICE_X44Y121        LUT6 (Prop_lut6_I3_O)        0.124    25.207 r  CPU/regPCABIR/genblk1[90].dff1/motor_outX_OBUF[3]_inst_i_5/O
                         net (fo=1, routed)           0.303    25.510    CPU/regPCABIR/genblk1[93].dff1/motor_outX_OBUF[3]_inst_i_2_3
    SLICE_X44Y122        LUT6 (Prop_lut6_I5_O)        0.124    25.634 r  CPU/regPCABIR/genblk1[93].dff1/motor_outX_OBUF[3]_inst_i_4/O
                         net (fo=2, routed)           1.097    26.731    CPU/regPCABIR/genblk1[93].dff1/motor_outX_OBUF[3]_inst_i_4_n_0
    SLICE_X50Y122        LUT3 (Prop_lut3_I0_O)        0.146    26.877 r  CPU/regPCABIR/genblk1[93].dff1/motor_outX_OBUF[3]_inst_i_3/O
                         net (fo=8, routed)           0.887    27.764    CPU/regPCABIR/genblk1[93].dff1/q_reg_2
    SLICE_X50Y121        LUT4 (Prop_lut4_I1_O)        0.354    28.118 r  CPU/regPCABIR/genblk1[93].dff1/motor_outX_OBUF[1]_inst_i_1/O
                         net (fo=1, routed)           2.818    30.936    motor_outX_OBUF[1]
    F16                  OBUF (Prop_obuf_I_O)         3.726    34.662 r  motor_outX_OBUF[1]_inst/O
                         net (fo=0)                   0.000    34.662    motor_outX[1]
    F16                                                               r  motor_outX[1] (OUT)
  -------------------------------------------------------------------    -------------------

Slack:                    inf
  Source:                 CPU/regPCABIR/genblk1[28].dff1/q_reg/C
                            (rising edge-triggered cell FDCE clocked by clk_out1_CPU_clock'  {rise@0.000ns fall@12.500ns period=25.000ns})
  Destination:            motor_outX[2]
                            (output port)
  Path Group:             (none)
  Path Type:              Max at Slow Process Corner
  Data Path Delay:        16.160ns  (logic 5.715ns (35.363%)  route 10.445ns (64.637%))
  Logic Levels:           10  (LUT3=1 LUT4=3 LUT5=2 LUT6=3 OBUF=1)
  Clock Uncertainty:      0.482ns  ((TSJ^2 + DJ^2)^1/2) / 2 + PE
    Total System Jitter     (TSJ):    0.050ns
    Discrete Jitter          (DJ):    0.338ns
    Phase Error              (PE):    0.311ns

    Location             Delay type                Incr(ns)  Path(ns)    Netlist Resource(s)
  -------------------------------------------------------------------    -------------------
                         (clock clk_out1_CPU_clock fall edge)
                                                     12.500    12.500 f  
    E3                                                0.000    12.500 f  clock_40mhz (IN)
                         net (fo=0)                   0.000    12.500    CPU_pll/inst/clk_in1
    E3                   IBUF (Prop_ibuf_I_O)         1.482    13.982 f  CPU_pll/inst/clkin1_ibufg/O
                         net (fo=1, routed)           1.253    15.235    CPU_pll/inst/clk_in1_CPU_clock
    PLLE2_ADV_X1Y2       PLLE2_ADV (Prop_plle2_adv_CLKIN1_CLKOUT0)
                                                     -3.459    11.776 f  CPU_pll/inst/plle2_adv_inst/CLKOUT0
                         net (fo=1, routed)           1.713    13.489    CPU_pll/inst/clk_out1_CPU_clock
    BUFGCTRL_X0Y16       BUFG (Prop_bufg_I_O)         0.096    13.585 f  CPU_pll/inst/clkout1_buf/O
                         net (fo=1077, routed)        2.293    15.878    clock
    SLICE_X52Y96         LUT1 (Prop_lut1_I0_O)        0.124    16.002 r  q_reg_i_6/O
                         net (fo=1, routed)           0.567    16.569    q_reg_i_6_n_0
    BUFGCTRL_X0Y0        BUFG (Prop_bufg_I_O)         0.096    16.665 r  q_reg_i_3/O
                         net (fo=451, routed)         1.605    18.270    CPU/regPCABIR/genblk1[28].dff1/clk0
    SLICE_X57Y115        FDCE                                         r  CPU/regPCABIR/genblk1[28].dff1/q_reg/C
  -------------------------------------------------------------------    -------------------
    SLICE_X57Y115        FDCE (Prop_fdce_C_Q)         0.456    18.726 r  CPU/regPCABIR/genblk1[28].dff1/q_reg/Q
                         net (fo=26, routed)          1.214    19.940    CPU/regPCABIR/genblk1[30].dff1/q_reg_171
    SLICE_X51Y109        LUT5 (Prop_lut5_I3_O)        0.124    20.064 r  CPU/regPCABIR/genblk1[30].dff1/LED_OBUF_inst_i_3/O
                         net (fo=34, routed)          0.925    20.989    CPU/regPCABIR/genblk1[30].dff1/q_reg_10
    SLICE_X44Y111        LUT5 (Prop_lut5_I0_O)        0.124    21.113 r  CPU/regPCABIR/genblk1[30].dff1/LED_OBUF_inst_i_2/O
                         net (fo=2, routed)           0.640    21.754    CPU/regPCABIR/genblk1[30].dff1/LED_OBUF_inst_i_2_n_0
    SLICE_X37Y111        LUT4 (Prop_lut4_I0_O)        0.119    21.873 r  CPU/regPCABIR/genblk1[30].dff1/LED_OBUF_inst_i_1/O
                         net (fo=169, routed)         0.848    22.721    CPU/regPCABIR/genblk1[65].dff1/motor_outX_OBUF[3]_inst_i_6_0
    SLICE_X44Y116        LUT4 (Prop_lut4_I2_O)        0.328    23.049 r  CPU/regPCABIR/genblk1[65].dff1/motor_outX_OBUF[3]_inst_i_11/O
                         net (fo=1, routed)           1.132    24.181    CPU/regPCABIR/genblk1[74].dff1/motor_outX_OBUF[3]_inst_i_5_0
    SLICE_X44Y120        LUT6 (Prop_lut6_I2_O)        0.327    24.508 r  CPU/regPCABIR/genblk1[74].dff1/motor_outX_OBUF[3]_inst_i_6/O
                         net (fo=1, routed)           0.575    25.083    CPU/regPCABIR/genblk1[90].dff1/motor_outX_OBUF[3]_inst_i_4_1
    SLICE_X44Y121        LUT6 (Prop_lut6_I3_O)        0.124    25.207 r  CPU/regPCABIR/genblk1[90].dff1/motor_outX_OBUF[3]_inst_i_5/O
                         net (fo=1, routed)           0.303    25.510    CPU/regPCABIR/genblk1[93].dff1/motor_outX_OBUF[3]_inst_i_2_3
    SLICE_X44Y122        LUT6 (Prop_lut6_I5_O)        0.124    25.634 r  CPU/regPCABIR/genblk1[93].dff1/motor_outX_OBUF[3]_inst_i_4/O
                         net (fo=2, routed)           1.097    26.731    CPU/regPCABIR/genblk1[93].dff1/motor_outX_OBUF[3]_inst_i_4_n_0
    SLICE_X50Y122        LUT3 (Prop_lut3_I0_O)        0.146    26.877 r  CPU/regPCABIR/genblk1[93].dff1/motor_outX_OBUF[3]_inst_i_3/O
                         net (fo=8, routed)           0.877    27.754    CPU/regPCABIR/genblk1[93].dff1/q_reg_2
    SLICE_X50Y121        LUT4 (Prop_lut4_I1_O)        0.328    28.082 r  CPU/regPCABIR/genblk1[93].dff1/motor_outX_OBUF[2]_inst_i_1/O
                         net (fo=1, routed)           2.834    30.916    motor_outX_OBUF[2]
    G16                  OBUF (Prop_obuf_I_O)         3.515    34.431 r  motor_outX_OBUF[2]_inst/O
                         net (fo=0)                   0.000    34.431    motor_outX[2]
    G16                                                               r  motor_outX[2] (OUT)
  -------------------------------------------------------------------    -------------------

Slack:                    inf
  Source:                 CPU/regPCABIR/genblk1[28].dff1/q_reg/C
                            (rising edge-triggered cell FDCE clocked by clk_out1_CPU_clock'  {rise@0.000ns fall@12.500ns period=25.000ns})
  Destination:            CPU/steppers/driver_Y/motor_out_reg[0]/R
  Path Group:             (none)
  Path Type:              Max at Slow Process Corner
  Data Path Delay:        12.903ns  (logic 3.894ns (30.179%)  route 9.009ns (69.821%))
  Logic Levels:           15  (CARRY4=8 LUT2=1 LUT3=1 LUT4=3 LUT5=2)
  Clock Uncertainty:      0.482ns  ((TSJ^2 + DJ^2)^1/2) / 2 + PE
    Total System Jitter     (TSJ):    0.050ns
    Discrete Jitter          (DJ):    0.338ns
    Phase Error              (PE):    0.311ns

    Location             Delay type                Incr(ns)  Path(ns)    Netlist Resource(s)
  -------------------------------------------------------------------    -------------------
                         (clock clk_out1_CPU_clock fall edge)
                                                     12.500    12.500 f  
    E3                                                0.000    12.500 f  clock_40mhz (IN)
                         net (fo=0)                   0.000    12.500    CPU_pll/inst/clk_in1
    E3                   IBUF (Prop_ibuf_I_O)         1.482    13.982 f  CPU_pll/inst/clkin1_ibufg/O
                         net (fo=1, routed)           1.253    15.235    CPU_pll/inst/clk_in1_CPU_clock
    PLLE2_ADV_X1Y2       PLLE2_ADV (Prop_plle2_adv_CLKIN1_CLKOUT0)
                                                     -3.459    11.776 f  CPU_pll/inst/plle2_adv_inst/CLKOUT0
                         net (fo=1, routed)           1.713    13.489    CPU_pll/inst/clk_out1_CPU_clock
    BUFGCTRL_X0Y16       BUFG (Prop_bufg_I_O)         0.096    13.585 f  CPU_pll/inst/clkout1_buf/O
                         net (fo=1077, routed)        2.293    15.878    clock
    SLICE_X52Y96         LUT1 (Prop_lut1_I0_O)        0.124    16.002 r  q_reg_i_6/O
                         net (fo=1, routed)           0.567    16.569    q_reg_i_6_n_0
    BUFGCTRL_X0Y0        BUFG (Prop_bufg_I_O)         0.096    16.665 r  q_reg_i_3/O
                         net (fo=451, routed)         1.605    18.270    CPU/regPCABIR/genblk1[28].dff1/clk0
    SLICE_X57Y115        FDCE                                         r  CPU/regPCABIR/genblk1[28].dff1/q_reg/C
  -------------------------------------------------------------------    -------------------
    SLICE_X57Y115        FDCE (Prop_fdce_C_Q)         0.456    18.726 f  CPU/regPCABIR/genblk1[28].dff1/q_reg/Q
                         net (fo=26, routed)          1.214    19.940    CPU/regPCABIR/genblk1[30].dff1/q_reg_171
    SLICE_X51Y109        LUT5 (Prop_lut5_I3_O)        0.124    20.064 f  CPU/regPCABIR/genblk1[30].dff1/LED_OBUF_inst_i_3/O
                         net (fo=34, routed)          0.925    20.989    CPU/regPCABIR/genblk1[30].dff1/q_reg_10
    SLICE_X44Y111        LUT5 (Prop_lut5_I0_O)        0.124    21.113 f  CPU/regPCABIR/genblk1[30].dff1/LED_OBUF_inst_i_2/O
                         net (fo=2, routed)           0.640    21.754    CPU/regPCABIR/genblk1[30].dff1/LED_OBUF_inst_i_2_n_0
    SLICE_X37Y111        LUT4 (Prop_lut4_I0_O)        0.119    21.873 f  CPU/regPCABIR/genblk1[30].dff1/LED_OBUF_inst_i_1/O
                         net (fo=169, routed)         2.493    24.365    CPU/regPCABIR/genblk1[30].dff1/q_reg_9
    SLICE_X58Y117        LUT2 (Prop_lut2_I0_O)        0.332    24.697 r  CPU/regPCABIR/genblk1[30].dff1/clicks_taken2_carry_i_22/O
                         net (fo=1, routed)           0.331    25.029    CPU/regPCABIR/genblk1[30].dff1/steppers/p_0_in[0]
    SLICE_X59Y116        CARRY4 (Prop_carry4_CYINIT_CO[3])
                                                      0.580    25.609 r  CPU/regPCABIR/genblk1[30].dff1/clicks_taken2_carry_i_17/CO[3]
                         net (fo=1, routed)           0.000    25.609    CPU/regPCABIR/genblk1[30].dff1/clicks_taken2_carry_i_17_n_0
    SLICE_X59Y117        CARRY4 (Prop_carry4_CI_CO[3])
                                                      0.114    25.723 r  CPU/regPCABIR/genblk1[30].dff1/clicks_taken2_carry_i_16/CO[3]
                         net (fo=1, routed)           0.000    25.723    CPU/regPCABIR/genblk1[30].dff1/clicks_taken2_carry_i_16_n_0
    SLICE_X59Y118        CARRY4 (Prop_carry4_CI_CO[3])
                                                      0.114    25.837 r  CPU/regPCABIR/genblk1[30].dff1/clicks_taken2_carry__0_i_18/CO[3]
                         net (fo=1, routed)           0.000    25.837    CPU/regPCABIR/genblk1[30].dff1/clicks_taken2_carry__0_i_18_n_0
    SLICE_X59Y119        CARRY4 (Prop_carry4_CI_CO[3])
                                                      0.114    25.951 r  CPU/regPCABIR/genblk1[30].dff1/clicks_taken2_carry__0_i_17/CO[3]
                         net (fo=1, routed)           0.000    25.951    CPU/regPCABIR/genblk1[30].dff1/clicks_taken2_carry__0_i_17_n_0
    SLICE_X59Y120        CARRY4 (Prop_carry4_CI_CO[3])
                                                      0.114    26.065 r  CPU/regPCABIR/genblk1[30].dff1/clicks_taken2_carry__1_i_18/CO[3]
                         net (fo=1, routed)           0.000    26.065    CPU/regPCABIR/genblk1[30].dff1/clicks_taken2_carry__1_i_18_n_0
    SLICE_X59Y121        CARRY4 (Prop_carry4_CI_O[1])
                                                      0.334    26.399 r  CPU/regPCABIR/genblk1[30].dff1/clicks_taken2_carry__1_i_17/O[1]
                         net (fo=1, routed)           0.521    26.919    CPU/regPCABIR/genblk1[30].dff1/steppers/steps1[22]
    SLICE_X58Y121        LUT4 (Prop_lut4_I0_O)        0.303    27.222 r  CPU/regPCABIR/genblk1[30].dff1/clicks_taken2_carry__1_i_9/O
                         net (fo=5, routed)           1.144    28.367    CPU/steppers/driver_Y/busy0_carry__2_1[20]
    SLICE_X55Y120        LUT4 (Prop_lut4_I2_O)        0.124    28.491 r  CPU/steppers/driver_Y/clicks_taken2_carry__1_i_5__0/O
                         net (fo=1, routed)           0.000    28.491    CPU/steppers/driver_Y/clicks_taken2_carry__1_i_5__0_n_0
    SLICE_X55Y120        CARRY4 (Prop_carry4_S[3]_CO[3])
                                                      0.401    28.892 r  CPU/steppers/driver_Y/clicks_taken2_carry__1/CO[3]
                         net (fo=1, routed)           0.000    28.892    CPU/steppers/driver_Y/clicks_taken2_carry__1_n_0
    SLICE_X55Y121        CARRY4 (Prop_carry4_CI_CO[2])
                                                      0.228    29.120 f  CPU/steppers/driver_Y/clicks_taken2_carry__2/CO[2]
                         net (fo=3, routed)           0.998    30.118    CPU/regPCABIR/genblk1[61].dff1/motor_out_reg[0][0]
    SLICE_X61Y121        LUT3 (Prop_lut3_I0_O)        0.313    30.431 r  CPU/regPCABIR/genblk1[61].dff1/motor_out[3]_i_1__0/O
                         net (fo=4, routed)           0.743    31.174    CPU/steppers/driver_Y/motor_out_reg[0]_0[0]
    SLICE_X61Y120        FDRE                                         r  CPU/steppers/driver_Y/motor_out_reg[0]/R
  -------------------------------------------------------------------    -------------------

Slack:                    inf
  Source:                 CPU/regPCABIR/genblk1[28].dff1/q_reg/C
                            (rising edge-triggered cell FDCE clocked by clk_out1_CPU_clock'  {rise@0.000ns fall@12.500ns period=25.000ns})
  Destination:            CPU/steppers/driver_Y/motor_out_reg[1]/R
  Path Group:             (none)
  Path Type:              Max at Slow Process Corner
  Data Path Delay:        12.903ns  (logic 3.894ns (30.179%)  route 9.009ns (69.821%))
  Logic Levels:           15  (CARRY4=8 LUT2=1 LUT3=1 LUT4=3 LUT5=2)
  Clock Uncertainty:      0.482ns  ((TSJ^2 + DJ^2)^1/2) / 2 + PE
    Total System Jitter     (TSJ):    0.050ns
    Discrete Jitter          (DJ):    0.338ns
    Phase Error              (PE):    0.311ns

    Location             Delay type                Incr(ns)  Path(ns)    Netlist Resource(s)
  -------------------------------------------------------------------    -------------------
                         (clock clk_out1_CPU_clock fall edge)
                                                     12.500    12.500 f  
    E3                                                0.000    12.500 f  clock_40mhz (IN)
                         net (fo=0)                   0.000    12.500    CPU_pll/inst/clk_in1
    E3                   IBUF (Prop_ibuf_I_O)         1.482    13.982 f  CPU_pll/inst/clkin1_ibufg/O
                         net (fo=1, routed)           1.253    15.235    CPU_pll/inst/clk_in1_CPU_clock
    PLLE2_ADV_X1Y2       PLLE2_ADV (Prop_plle2_adv_CLKIN1_CLKOUT0)
                                                     -3.459    11.776 f  CPU_pll/inst/plle2_adv_inst/CLKOUT0
                         net (fo=1, routed)           1.713    13.489    CPU_pll/inst/clk_out1_CPU_clock
    BUFGCTRL_X0Y16       BUFG (Prop_bufg_I_O)         0.096    13.585 f  CPU_pll/inst/clkout1_buf/O
                         net (fo=1077, routed)        2.293    15.878    clock
    SLICE_X52Y96         LUT1 (Prop_lut1_I0_O)        0.124    16.002 r  q_reg_i_6/O
                         net (fo=1, routed)           0.567    16.569    q_reg_i_6_n_0
    BUFGCTRL_X0Y0        BUFG (Prop_bufg_I_O)         0.096    16.665 r  q_reg_i_3/O
                         net (fo=451, routed)         1.605    18.270    CPU/regPCABIR/genblk1[28].dff1/clk0
    SLICE_X57Y115        FDCE                                         r  CPU/regPCABIR/genblk1[28].dff1/q_reg/C
  -------------------------------------------------------------------    -------------------
    SLICE_X57Y115        FDCE (Prop_fdce_C_Q)         0.456    18.726 f  CPU/regPCABIR/genblk1[28].dff1/q_reg/Q
                         net (fo=26, routed)          1.214    19.940    CPU/regPCABIR/genblk1[30].dff1/q_reg_171
    SLICE_X51Y109        LUT5 (Prop_lut5_I3_O)        0.124    20.064 f  CPU/regPCABIR/genblk1[30].dff1/LED_OBUF_inst_i_3/O
                         net (fo=34, routed)          0.925    20.989    CPU/regPCABIR/genblk1[30].dff1/q_reg_10
    SLICE_X44Y111        LUT5 (Prop_lut5_I0_O)        0.124    21.113 f  CPU/regPCABIR/genblk1[30].dff1/LED_OBUF_inst_i_2/O
                         net (fo=2, routed)           0.640    21.754    CPU/regPCABIR/genblk1[30].dff1/LED_OBUF_inst_i_2_n_0
    SLICE_X37Y111        LUT4 (Prop_lut4_I0_O)        0.119    21.873 f  CPU/regPCABIR/genblk1[30].dff1/LED_OBUF_inst_i_1/O
                         net (fo=169, routed)         2.493    24.365    CPU/regPCABIR/genblk1[30].dff1/q_reg_9
    SLICE_X58Y117        LUT2 (Prop_lut2_I0_O)        0.332    24.697 r  CPU/regPCABIR/genblk1[30].dff1/clicks_taken2_carry_i_22/O
                         net (fo=1, routed)           0.331    25.029    CPU/regPCABIR/genblk1[30].dff1/steppers/p_0_in[0]
    SLICE_X59Y116        CARRY4 (Prop_carry4_CYINIT_CO[3])
                                                      0.580    25.609 r  CPU/regPCABIR/genblk1[30].dff1/clicks_taken2_carry_i_17/CO[3]
                         net (fo=1, routed)           0.000    25.609    CPU/regPCABIR/genblk1[30].dff1/clicks_taken2_carry_i_17_n_0
    SLICE_X59Y117        CARRY4 (Prop_carry4_CI_CO[3])
                                                      0.114    25.723 r  CPU/regPCABIR/genblk1[30].dff1/clicks_taken2_carry_i_16/CO[3]
                         net (fo=1, routed)           0.000    25.723    CPU/regPCABIR/genblk1[30].dff1/clicks_taken2_carry_i_16_n_0
    SLICE_X59Y118        CARRY4 (Prop_carry4_CI_CO[3])
                                                      0.114    25.837 r  CPU/regPCABIR/genblk1[30].dff1/clicks_taken2_carry__0_i_18/CO[3]
                         net (fo=1, routed)           0.000    25.837    CPU/regPCABIR/genblk1[30].dff1/clicks_taken2_carry__0_i_18_n_0
    SLICE_X59Y119        CARRY4 (Prop_carry4_CI_CO[3])
                                                      0.114    25.951 r  CPU/regPCABIR/genblk1[30].dff1/clicks_taken2_carry__0_i_17/CO[3]
                         net (fo=1, routed)           0.000    25.951    CPU/regPCABIR/genblk1[30].dff1/clicks_taken2_carry__0_i_17_n_0
    SLICE_X59Y120        CARRY4 (Prop_carry4_CI_CO[3])
                                                      0.114    26.065 r  CPU/regPCABIR/genblk1[30].dff1/clicks_taken2_carry__1_i_18/CO[3]
                         net (fo=1, routed)           0.000    26.065    CPU/regPCABIR/genblk1[30].dff1/clicks_taken2_carry__1_i_18_n_0
    SLICE_X59Y121        CARRY4 (Prop_carry4_CI_O[1])
                                                      0.334    26.399 r  CPU/regPCABIR/genblk1[30].dff1/clicks_taken2_carry__1_i_17/O[1]
                         net (fo=1, routed)           0.521    26.919    CPU/regPCABIR/genblk1[30].dff1/steppers/steps1[22]
    SLICE_X58Y121        LUT4 (Prop_lut4_I0_O)        0.303    27.222 r  CPU/regPCABIR/genblk1[30].dff1/clicks_taken2_carry__1_i_9/O
                         net (fo=5, routed)           1.144    28.367    CPU/steppers/driver_Y/busy0_carry__2_1[20]
    SLICE_X55Y120        LUT4 (Prop_lut4_I2_O)        0.124    28.491 r  CPU/steppers/driver_Y/clicks_taken2_carry__1_i_5__0/O
                         net (fo=1, routed)           0.000    28.491    CPU/steppers/driver_Y/clicks_taken2_carry__1_i_5__0_n_0
    SLICE_X55Y120        CARRY4 (Prop_carry4_S[3]_CO[3])
                                                      0.401    28.892 r  CPU/steppers/driver_Y/clicks_taken2_carry__1/CO[3]
                         net (fo=1, routed)           0.000    28.892    CPU/steppers/driver_Y/clicks_taken2_carry__1_n_0
    SLICE_X55Y121        CARRY4 (Prop_carry4_CI_CO[2])
                                                      0.228    29.120 f  CPU/steppers/driver_Y/clicks_taken2_carry__2/CO[2]
                         net (fo=3, routed)           0.998    30.118    CPU/regPCABIR/genblk1[61].dff1/motor_out_reg[0][0]
    SLICE_X61Y121        LUT3 (Prop_lut3_I0_O)        0.313    30.431 r  CPU/regPCABIR/genblk1[61].dff1/motor_out[3]_i_1__0/O
                         net (fo=4, routed)           0.743    31.174    CPU/steppers/driver_Y/motor_out_reg[0]_0[0]
    SLICE_X61Y120        FDRE                                         r  CPU/steppers/driver_Y/motor_out_reg[1]/R
  -------------------------------------------------------------------    -------------------





Min Delay Paths
--------------------------------------------------------------------------------------
Slack:                    inf
  Source:                 CPU/pen/servo/pwm_gen/signal_reg/C
                            (falling edge-triggered cell FDRE clocked by clk_out1_CPU_clock  {rise@0.000ns fall@12.500ns period=25.000ns})
  Destination:            servo_out
                            (output port)
  Path Group:             (none)
  Path Type:              Min at Fast Process Corner
  Data Path Delay:        2.143ns  (logic 1.383ns (64.570%)  route 0.759ns (35.430%))
  Logic Levels:           1  (OBUF=1)
  Clock Uncertainty:      0.482ns  ((TSJ^2 + DJ^2)^1/2) / 2 + PE
    Total System Jitter     (TSJ):    0.050ns
    Discrete Jitter          (DJ):    0.338ns
    Phase Error              (PE):    0.311ns

    Location             Delay type                Incr(ns)  Path(ns)    Netlist Resource(s)
  -------------------------------------------------------------------    -------------------
                         (clock clk_out1_CPU_clock fall edge)
                                                     12.500    12.500 f  
    E3                                                0.000    12.500 f  clock_40mhz (IN)
                         net (fo=0)                   0.000    12.500    CPU_pll/inst/clk_in1
    E3                   IBUF (Prop_ibuf_I_O)         0.250    12.750 f  CPU_pll/inst/clkin1_ibufg/O
                         net (fo=1, routed)           0.440    13.190    CPU_pll/inst/clk_in1_CPU_clock
    PLLE2_ADV_X1Y2       PLLE2_ADV (Prop_plle2_adv_CLKIN1_CLKOUT0)
                                                     -1.100    12.090 f  CPU_pll/inst/plle2_adv_inst/CLKOUT0
                         net (fo=1, routed)           0.514    12.604    CPU_pll/inst/clk_out1_CPU_clock
    BUFGCTRL_X0Y16       BUFG (Prop_bufg_I_O)         0.026    12.630 f  CPU_pll/inst/clkout1_buf/O
                         net (fo=1077, routed)        0.598    13.228    CPU/pen/servo/pwm_gen/clk_out1
    SLICE_X78Y88         FDRE                                         r  CPU/pen/servo/pwm_gen/signal_reg/C  (IS_INVERTED)
  -------------------------------------------------------------------    -------------------
    SLICE_X78Y88         FDRE (Prop_fdre_C_Q)         0.167    13.395 r  CPU/pen/servo/pwm_gen/signal_reg/Q
                         net (fo=1, routed)           0.759    14.154    servo_out_OBUF
    H4                   OBUF (Prop_obuf_I_O)         1.216    15.370 r  servo_out_OBUF_inst/O
                         net (fo=0)                   0.000    15.370    servo_out
    H4                                                                r  servo_out (OUT)
  -------------------------------------------------------------------    -------------------

Slack:                    inf
  Source:                 CPU/regPCABIR/genblk1[95].dff1/q_reg/C
                            (rising edge-triggered cell FDCE clocked by clk_out1_CPU_clock'  {rise@0.000ns fall@12.500ns period=25.000ns})
  Destination:            CPU/steppers/driver_X/state_reg[1]/D
  Path Group:             (none)
  Path Type:              Min at Fast Process Corner
  Data Path Delay:        1.128ns  (logic 0.272ns (24.103%)  route 0.856ns (75.897%))
  Logic Levels:           2  (LUT3=1 LUT5=1)
  Clock Uncertainty:      0.482ns  ((TSJ^2 + DJ^2)^1/2) / 2 + PE
    Total System Jitter     (TSJ):    0.050ns
    Discrete Jitter          (DJ):    0.338ns
    Phase Error              (PE):    0.311ns

    Location             Delay type                Incr(ns)  Path(ns)    Netlist Resource(s)
  -------------------------------------------------------------------    -------------------
                         (clock clk_out1_CPU_clock fall edge)
                                                     12.500    12.500 f  
    E3                                                0.000    12.500 f  clock_40mhz (IN)
                         net (fo=0)                   0.000    12.500    CPU_pll/inst/clk_in1
    E3                   IBUF (Prop_ibuf_I_O)         0.250    12.750 f  CPU_pll/inst/clkin1_ibufg/O
                         net (fo=1, routed)           0.440    13.190    CPU_pll/inst/clk_in1_CPU_clock
    PLLE2_ADV_X1Y2       PLLE2_ADV (Prop_plle2_adv_CLKIN1_CLKOUT0)
                                                     -1.100    12.090 f  CPU_pll/inst/plle2_adv_inst/CLKOUT0
                         net (fo=1, routed)           0.514    12.604    CPU_pll/inst/clk_out1_CPU_clock
    BUFGCTRL_X0Y16       BUFG (Prop_bufg_I_O)         0.026    12.630 f  CPU_pll/inst/clkout1_buf/O
                         net (fo=1077, routed)        0.789    13.420    clock
    SLICE_X52Y96         LUT1 (Prop_lut1_I0_O)        0.045    13.465 r  q_reg_i_6/O
                         net (fo=1, routed)           0.213    13.678    q_reg_i_6_n_0
    BUFGCTRL_X0Y0        BUFG (Prop_bufg_I_O)         0.026    13.704 r  q_reg_i_3/O
                         net (fo=451, routed)         0.553    14.257    CPU/regPCABIR/genblk1[95].dff1/clk0
    SLICE_X35Y125        FDCE                                         r  CPU/regPCABIR/genblk1[95].dff1/q_reg/C
  -------------------------------------------------------------------    -------------------
    SLICE_X35Y125        FDCE (Prop_fdce_C_Q)         0.128    14.385 f  CPU/regPCABIR/genblk1[95].dff1/q_reg/Q
                         net (fo=37, routed)          0.729    15.113    CPU/regPCABIR/genblk1[93].dff1/state_reg[0]_0
    SLICE_X50Y122        LUT3 (Prop_lut3_I1_O)        0.099    15.212 r  CPU/regPCABIR/genblk1[93].dff1/motor_outX_OBUF[3]_inst_i_2/O
                         net (fo=8, routed)           0.128    15.340    CPU/steppers/driver_X/state_reg[1]_1
    SLICE_X50Y122        LUT5 (Prop_lut5_I2_O)        0.045    15.385 r  CPU/steppers/driver_X/state[1]_i_1/O
                         net (fo=1, routed)           0.000    15.385    CPU/steppers/driver_X/state[1]_i_1_n_0
    SLICE_X50Y122        FDCE                                         r  CPU/steppers/driver_X/state_reg[1]/D
  -------------------------------------------------------------------    -------------------

Slack:                    inf
  Source:                 CPU/regPCABIR/genblk1[59].dff1/q_reg/C
                            (rising edge-triggered cell FDCE clocked by clk_out1_CPU_clock'  {rise@0.000ns fall@12.500ns period=25.000ns})
  Destination:            CPU/steppers/driver_Y/state_reg[1]/D
  Path Group:             (none)
  Path Type:              Min at Fast Process Corner
  Data Path Delay:        1.141ns  (logic 0.336ns (29.452%)  route 0.805ns (70.548%))
  Logic Levels:           3  (LUT3=1 LUT5=1 LUT6=1)
  Clock Uncertainty:      0.482ns  ((TSJ^2 + DJ^2)^1/2) / 2 + PE
    Total System Jitter     (TSJ):    0.050ns
    Discrete Jitter          (DJ):    0.338ns
    Phase Error              (PE):    0.311ns

    Location             Delay type                Incr(ns)  Path(ns)    Netlist Resource(s)
  -------------------------------------------------------------------    -------------------
                         (clock clk_out1_CPU_clock fall edge)
                                                     12.500    12.500 f  
    E3                                                0.000    12.500 f  clock_40mhz (IN)
                         net (fo=0)                   0.000    12.500    CPU_pll/inst/clk_in1
    E3                   IBUF (Prop_ibuf_I_O)         0.250    12.750 f  CPU_pll/inst/clkin1_ibufg/O
                         net (fo=1, routed)           0.440    13.190    CPU_pll/inst/clk_in1_CPU_clock
    PLLE2_ADV_X1Y2       PLLE2_ADV (Prop_plle2_adv_CLKIN1_CLKOUT0)
                                                     -1.100    12.090 f  CPU_pll/inst/plle2_adv_inst/CLKOUT0
                         net (fo=1, routed)           0.514    12.604    CPU_pll/inst/clk_out1_CPU_clock
    BUFGCTRL_X0Y16       BUFG (Prop_bufg_I_O)         0.026    12.630 f  CPU_pll/inst/clkout1_buf/O
                         net (fo=1077, routed)        0.789    13.420    clock
    SLICE_X52Y96         LUT1 (Prop_lut1_I0_O)        0.045    13.465 r  q_reg_i_6/O
                         net (fo=1, routed)           0.213    13.678    q_reg_i_6_n_0
    BUFGCTRL_X0Y0        BUFG (Prop_bufg_I_O)         0.026    13.704 r  q_reg_i_3/O
                         net (fo=451, routed)         0.552    14.256    CPU/regPCABIR/genblk1[59].dff1/clk0
    SLICE_X42Y123        FDCE                                         r  CPU/regPCABIR/genblk1[59].dff1/q_reg/C
  -------------------------------------------------------------------    -------------------
    SLICE_X42Y123        FDCE (Prop_fdce_C_Q)         0.148    14.404 r  CPU/regPCABIR/genblk1[59].dff1/q_reg/Q
                         net (fo=7, routed)           0.503    14.907    CPU/regPCABIR/genblk1[61].dff1/DX_B[0]
    SLICE_X60Y121        LUT6 (Prop_lut6_I3_O)        0.098    15.005 r  CPU/regPCABIR/genblk1[61].dff1/motor_outY_OBUF[3]_inst_i_4/O
                         net (fo=2, routed)           0.219    15.224    CPU/regPCABIR/genblk1[61].dff1/motor_outY_OBUF[3]_inst_i_4_n_0
    SLICE_X61Y121        LUT3 (Prop_lut3_I0_O)        0.045    15.269 r  CPU/regPCABIR/genblk1[61].dff1/motor_outY_OBUF[3]_inst_i_2/O
                         net (fo=8, routed)           0.083    15.351    CPU/steppers/driver_Y/state_reg[1]_1
    SLICE_X61Y121        LUT5 (Prop_lut5_I2_O)        0.045    15.396 r  CPU/steppers/driver_Y/state[1]_i_1__0/O
                         net (fo=1, routed)           0.000    15.396    CPU/steppers/driver_Y/state[1]_i_1__0_n_0
    SLICE_X61Y121        FDCE                                         r  CPU/steppers/driver_Y/state_reg[1]/D
  -------------------------------------------------------------------    -------------------

Slack:                    inf
  Source:                 CPU/regPCABIR/genblk1[59].dff1/q_reg/C
                            (rising edge-triggered cell FDCE clocked by clk_out1_CPU_clock'  {rise@0.000ns fall@12.500ns period=25.000ns})
  Destination:            CPU/steppers/driver_Y/state_reg[0]/D
  Path Group:             (none)
  Path Type:              Min at Fast Process Corner
  Data Path Delay:        1.228ns  (logic 0.337ns (27.446%)  route 0.891ns (72.554%))
  Logic Levels:           3  (LUT3=1 LUT4=1 LUT6=1)
  Clock Uncertainty:      0.482ns  ((TSJ^2 + DJ^2)^1/2) / 2 + PE
    Total System Jitter     (TSJ):    0.050ns
    Discrete Jitter          (DJ):    0.338ns
    Phase Error              (PE):    0.311ns

    Location             Delay type                Incr(ns)  Path(ns)    Netlist Resource(s)
  -------------------------------------------------------------------    -------------------
                         (clock clk_out1_CPU_clock fall edge)
                                                     12.500    12.500 f  
    E3                                                0.000    12.500 f  clock_40mhz (IN)
                         net (fo=0)                   0.000    12.500    CPU_pll/inst/clk_in1
    E3                   IBUF (Prop_ibuf_I_O)         0.250    12.750 f  CPU_pll/inst/clkin1_ibufg/O
                         net (fo=1, routed)           0.440    13.190    CPU_pll/inst/clk_in1_CPU_clock
    PLLE2_ADV_X1Y2       PLLE2_ADV (Prop_plle2_adv_CLKIN1_CLKOUT0)
                                                     -1.100    12.090 f  CPU_pll/inst/plle2_adv_inst/CLKOUT0
                         net (fo=1, routed)           0.514    12.604    CPU_pll/inst/clk_out1_CPU_clock
    BUFGCTRL_X0Y16       BUFG (Prop_bufg_I_O)         0.026    12.630 f  CPU_pll/inst/clkout1_buf/O
                         net (fo=1077, routed)        0.789    13.420    clock
    SLICE_X52Y96         LUT1 (Prop_lut1_I0_O)        0.045    13.465 r  q_reg_i_6/O
                         net (fo=1, routed)           0.213    13.678    q_reg_i_6_n_0
    BUFGCTRL_X0Y0        BUFG (Prop_bufg_I_O)         0.026    13.704 r  q_reg_i_3/O
                         net (fo=451, routed)         0.552    14.256    CPU/regPCABIR/genblk1[59].dff1/clk0
    SLICE_X42Y123        FDCE                                         r  CPU/regPCABIR/genblk1[59].dff1/q_reg/C
  -------------------------------------------------------------------    -------------------
    SLICE_X42Y123        FDCE (Prop_fdce_C_Q)         0.148    14.404 r  CPU/regPCABIR/genblk1[59].dff1/q_reg/Q
                         net (fo=7, routed)           0.503    14.907    CPU/regPCABIR/genblk1[61].dff1/DX_B[0]
    SLICE_X60Y121        LUT6 (Prop_lut6_I3_O)        0.098    15.005 r  CPU/regPCABIR/genblk1[61].dff1/motor_outY_OBUF[3]_inst_i_4/O
                         net (fo=2, routed)           0.219    15.224    CPU/regPCABIR/genblk1[61].dff1/motor_outY_OBUF[3]_inst_i_4_n_0
    SLICE_X61Y121        LUT3 (Prop_lut3_I0_O)        0.045    15.269 r  CPU/regPCABIR/genblk1[61].dff1/motor_outY_OBUF[3]_inst_i_2/O
                         net (fo=8, routed)           0.169    15.437    CPU/regPCABIR/genblk1[61].dff1/q_reg_2
    SLICE_X61Y121        LUT4 (Prop_lut4_I0_O)        0.046    15.483 r  CPU/regPCABIR/genblk1[61].dff1/state[0]_i_1__0/O
                         net (fo=1, routed)           0.000    15.483    CPU/steppers/driver_Y/state_reg[0]_1
    SLICE_X61Y121        FDCE                                         r  CPU/steppers/driver_Y/state_reg[0]/D
  -------------------------------------------------------------------    -------------------

Slack:                    inf
  Source:                 CPU/regPCABIR/genblk1[32].dff1/q_reg/C
                            (rising edge-triggered cell FDCE clocked by clk_out1_CPU_clock'  {rise@0.000ns fall@12.500ns period=25.000ns})
  Destination:            CPU/steppers/driver_Y/busy_reg/D
  Path Group:             (none)
  Path Type:              Min at Fast Process Corner
  Data Path Delay:        1.231ns  (logic 0.568ns (46.153%)  route 0.663ns (53.847%))
  Logic Levels:           6  (CARRY4=4 LUT3=1 LUT5=1)
  Clock Uncertainty:      0.482ns  ((TSJ^2 + DJ^2)^1/2) / 2 + PE
    Total System Jitter     (TSJ):    0.050ns
    Discrete Jitter          (DJ):    0.338ns
    Phase Error              (PE):    0.311ns

    Location             Delay type                Incr(ns)  Path(ns)    Netlist Resource(s)
  -------------------------------------------------------------------    -------------------
                         (clock clk_out1_CPU_clock fall edge)
                                                     12.500    12.500 f  
    E3                                                0.000    12.500 f  clock_40mhz (IN)
                         net (fo=0)                   0.000    12.500    CPU_pll/inst/clk_in1
    E3                   IBUF (Prop_ibuf_I_O)         0.250    12.750 f  CPU_pll/inst/clkin1_ibufg/O
                         net (fo=1, routed)           0.440    13.190    CPU_pll/inst/clk_in1_CPU_clock
    PLLE2_ADV_X1Y2       PLLE2_ADV (Prop_plle2_adv_CLKIN1_CLKOUT0)
                                                     -1.100    12.090 f  CPU_pll/inst/plle2_adv_inst/CLKOUT0
                         net (fo=1, routed)           0.514    12.604    CPU_pll/inst/clk_out1_CPU_clock
    BUFGCTRL_X0Y16       BUFG (Prop_bufg_I_O)         0.026    12.630 f  CPU_pll/inst/clkout1_buf/O
                         net (fo=1077, routed)        0.789    13.420    clock
    SLICE_X52Y96         LUT1 (Prop_lut1_I0_O)        0.045    13.465 r  q_reg_i_6/O
                         net (fo=1, routed)           0.213    13.678    q_reg_i_6_n_0
    BUFGCTRL_X0Y0        BUFG (Prop_bufg_I_O)         0.026    13.704 r  q_reg_i_3/O
                         net (fo=451, routed)         0.554    14.258    CPU/regPCABIR/genblk1[32].dff1/clk0
    SLICE_X43Y122        FDCE                                         r  CPU/regPCABIR/genblk1[32].dff1/q_reg/C
  -------------------------------------------------------------------    -------------------
    SLICE_X43Y122        FDCE (Prop_fdce_C_Q)         0.141    14.399 r  CPU/regPCABIR/genblk1[32].dff1/q_reg/Q
                         net (fo=11, routed)          0.427    14.825    CPU/regPCABIR/genblk1[30].dff1/q_i_10__17_0
    SLICE_X55Y118        LUT5 (Prop_lut5_I1_O)        0.042    14.867 r  CPU/regPCABIR/genblk1[30].dff1/clicks_taken2_carry_i_4__0/O
                         net (fo=1, routed)           0.000    14.867    CPU/steppers/driver_Y/clicks_taken2_carry__0_0[0]
    SLICE_X55Y118        CARRY4 (Prop_carry4_DI[0]_CO[3])
                                                      0.132    14.999 r  CPU/steppers/driver_Y/clicks_taken2_carry/CO[3]
                         net (fo=1, routed)           0.000    14.999    CPU/steppers/driver_Y/clicks_taken2_carry_n_0
    SLICE_X55Y119        CARRY4 (Prop_carry4_CI_CO[3])
                                                      0.039    15.038 r  CPU/steppers/driver_Y/clicks_taken2_carry__0/CO[3]
                         net (fo=1, routed)           0.000    15.038    CPU/steppers/driver_Y/clicks_taken2_carry__0_n_0
    SLICE_X55Y120        CARRY4 (Prop_carry4_CI_CO[3])
                                                      0.039    15.077 r  CPU/steppers/driver_Y/clicks_taken2_carry__1/CO[3]
                         net (fo=1, routed)           0.000    15.077    CPU/steppers/driver_Y/clicks_taken2_carry__1_n_0
    SLICE_X55Y121        CARRY4 (Prop_carry4_CI_CO[2])
                                                      0.065    15.142 r  CPU/steppers/driver_Y/clicks_taken2_carry__2/CO[2]
                         net (fo=3, routed)           0.236    15.378    CPU/steppers/driver_Y/clicks_taken_reg[30]_0[0]
    SLICE_X60Y121        LUT3 (Prop_lut3_I2_O)        0.110    15.488 r  CPU/steppers/driver_Y/busy_i_1__0/O
                         net (fo=1, routed)           0.000    15.488    CPU/steppers/driver_Y/busy_i_1__0_n_0
    SLICE_X60Y121        FDCE                                         r  CPU/steppers/driver_Y/busy_reg/D
  -------------------------------------------------------------------    -------------------

Slack:                    inf
  Source:                 CPU/regPCABIR/genblk1[32].dff1/q_reg/C
                            (rising edge-triggered cell FDCE clocked by clk_out1_CPU_clock'  {rise@0.000ns fall@12.500ns period=25.000ns})
  Destination:            CPU/steppers/driver_Y/done_reg/D
  Path Group:             (none)
  Path Type:              Min at Fast Process Corner
  Data Path Delay:        1.234ns  (logic 0.571ns (46.283%)  route 0.663ns (53.717%))
  Logic Levels:           6  (CARRY4=4 LUT4=1 LUT5=1)
  Clock Uncertainty:      0.482ns  ((TSJ^2 + DJ^2)^1/2) / 2 + PE
    Total System Jitter     (TSJ):    0.050ns
    Discrete Jitter          (DJ):    0.338ns
    Phase Error              (PE):    0.311ns

    Location             Delay type                Incr(ns)  Path(ns)    Netlist Resource(s)
  -------------------------------------------------------------------    -------------------
                         (clock clk_out1_CPU_clock fall edge)
                                                     12.500    12.500 f  
    E3                                                0.000    12.500 f  clock_40mhz (IN)
                         net (fo=0)                   0.000    12.500    CPU_pll/inst/clk_in1
    E3                   IBUF (Prop_ibuf_I_O)         0.250    12.750 f  CPU_pll/inst/clkin1_ibufg/O
                         net (fo=1, routed)           0.440    13.190    CPU_pll/inst/clk_in1_CPU_clock
    PLLE2_ADV_X1Y2       PLLE2_ADV (Prop_plle2_adv_CLKIN1_CLKOUT0)
                                                     -1.100    12.090 f  CPU_pll/inst/plle2_adv_inst/CLKOUT0
                         net (fo=1, routed)           0.514    12.604    CPU_pll/inst/clk_out1_CPU_clock
    BUFGCTRL_X0Y16       BUFG (Prop_bufg_I_O)         0.026    12.630 f  CPU_pll/inst/clkout1_buf/O
                         net (fo=1077, routed)        0.789    13.420    clock
    SLICE_X52Y96         LUT1 (Prop_lut1_I0_O)        0.045    13.465 r  q_reg_i_6/O
                         net (fo=1, routed)           0.213    13.678    q_reg_i_6_n_0
    BUFGCTRL_X0Y0        BUFG (Prop_bufg_I_O)         0.026    13.704 r  q_reg_i_3/O
                         net (fo=451, routed)         0.554    14.258    CPU/regPCABIR/genblk1[32].dff1/clk0
    SLICE_X43Y122        FDCE                                         r  CPU/regPCABIR/genblk1[32].dff1/q_reg/C
  -------------------------------------------------------------------    -------------------
    SLICE_X43Y122        FDCE (Prop_fdce_C_Q)         0.141    14.399 r  CPU/regPCABIR/genblk1[32].dff1/q_reg/Q
                         net (fo=11, routed)          0.427    14.825    CPU/regPCABIR/genblk1[30].dff1/q_i_10__17_0
    SLICE_X55Y118        LUT5 (Prop_lut5_I1_O)        0.042    14.867 r  CPU/regPCABIR/genblk1[30].dff1/clicks_taken2_carry_i_4__0/O
                         net (fo=1, routed)           0.000    14.867    CPU/steppers/driver_Y/clicks_taken2_carry__0_0[0]
    SLICE_X55Y118        CARRY4 (Prop_carry4_DI[0]_CO[3])
                                                      0.132    14.999 r  CPU/steppers/driver_Y/clicks_taken2_carry/CO[3]
                         net (fo=1, routed)           0.000    14.999    CPU/steppers/driver_Y/clicks_taken2_carry_n_0
    SLICE_X55Y119        CARRY4 (Prop_carry4_CI_CO[3])
                                                      0.039    15.038 r  CPU/steppers/driver_Y/clicks_taken2_carry__0/CO[3]
                         net (fo=1, routed)           0.000    15.038    CPU/steppers/driver_Y/clicks_taken2_carry__0_n_0
    SLICE_X55Y120        CARRY4 (Prop_carry4_CI_CO[3])
                                                      0.039    15.077 r  CPU/steppers/driver_Y/clicks_taken2_carry__1/CO[3]
                         net (fo=1, routed)           0.000    15.077    CPU/steppers/driver_Y/clicks_taken2_carry__1_n_0
    SLICE_X55Y121        CARRY4 (Prop_carry4_CI_CO[2])
                                                      0.065    15.142 f  CPU/steppers/driver_Y/clicks_taken2_carry__2/CO[2]
                         net (fo=3, routed)           0.236    15.378    CPU/steppers/driver_Y/clicks_taken_reg[30]_0[0]
    SLICE_X60Y121        LUT4 (Prop_lut4_I2_O)        0.113    15.491 r  CPU/steppers/driver_Y/done_i_1__0/O
                         net (fo=1, routed)           0.000    15.491    CPU/steppers/driver_Y/done_i_1__0_n_0
    SLICE_X60Y121        FDCE                                         r  CPU/steppers/driver_Y/done_reg/D
  -------------------------------------------------------------------    -------------------

Slack:                    inf
  Source:                 CPU/regPCABIR/genblk1[95].dff1/q_reg/C
                            (rising edge-triggered cell FDCE clocked by clk_out1_CPU_clock'  {rise@0.000ns fall@12.500ns period=25.000ns})
  Destination:            CPU/steppers/driver_X/state_reg[0]/D
  Path Group:             (none)
  Path Type:              Min at Fast Process Corner
  Data Path Delay:        1.235ns  (logic 0.273ns (22.104%)  route 0.962ns (77.896%))
  Logic Levels:           2  (LUT3=1 LUT4=1)
  Clock Uncertainty:      0.482ns  ((TSJ^2 + DJ^2)^1/2) / 2 + PE
    Total System Jitter     (TSJ):    0.050ns
    Discrete Jitter          (DJ):    0.338ns
    Phase Error              (PE):    0.311ns

    Location             Delay type                Incr(ns)  Path(ns)    Netlist Resource(s)
  -------------------------------------------------------------------    -------------------
                         (clock clk_out1_CPU_clock fall edge)
                                                     12.500    12.500 f  
    E3                                                0.000    12.500 f  clock_40mhz (IN)
                         net (fo=0)                   0.000    12.500    CPU_pll/inst/clk_in1
    E3                   IBUF (Prop_ibuf_I_O)         0.250    12.750 f  CPU_pll/inst/clkin1_ibufg/O
                         net (fo=1, routed)           0.440    13.190    CPU_pll/inst/clk_in1_CPU_clock
    PLLE2_ADV_X1Y2       PLLE2_ADV (Prop_plle2_adv_CLKIN1_CLKOUT0)
                                                     -1.100    12.090 f  CPU_pll/inst/plle2_adv_inst/CLKOUT0
                         net (fo=1, routed)           0.514    12.604    CPU_pll/inst/clk_out1_CPU_clock
    BUFGCTRL_X0Y16       BUFG (Prop_bufg_I_O)         0.026    12.630 f  CPU_pll/inst/clkout1_buf/O
                         net (fo=1077, routed)        0.789    13.420    clock
    SLICE_X52Y96         LUT1 (Prop_lut1_I0_O)        0.045    13.465 r  q_reg_i_6/O
                         net (fo=1, routed)           0.213    13.678    q_reg_i_6_n_0
    BUFGCTRL_X0Y0        BUFG (Prop_bufg_I_O)         0.026    13.704 r  q_reg_i_3/O
                         net (fo=451, routed)         0.553    14.257    CPU/regPCABIR/genblk1[95].dff1/clk0
    SLICE_X35Y125        FDCE                                         r  CPU/regPCABIR/genblk1[95].dff1/q_reg/C
  -------------------------------------------------------------------    -------------------
    SLICE_X35Y125        FDCE (Prop_fdce_C_Q)         0.128    14.385 f  CPU/regPCABIR/genblk1[95].dff1/q_reg/Q
                         net (fo=37, routed)          0.729    15.113    CPU/regPCABIR/genblk1[93].dff1/state_reg[0]_0
    SLICE_X50Y122        LUT3 (Prop_lut3_I1_O)        0.099    15.212 r  CPU/regPCABIR/genblk1[93].dff1/motor_outX_OBUF[3]_inst_i_2/O
                         net (fo=8, routed)           0.233    15.446    CPU/regPCABIR/genblk1[93].dff1/q_reg_1
    SLICE_X49Y122        LUT4 (Prop_lut4_I0_O)        0.046    15.492 r  CPU/regPCABIR/genblk1[93].dff1/state[0]_i_1/O
                         net (fo=1, routed)           0.000    15.492    CPU/steppers/driver_X/state_reg[0]_1
    SLICE_X49Y122        FDCE                                         r  CPU/steppers/driver_X/state_reg[0]/D
  -------------------------------------------------------------------    -------------------

Slack:                    inf
  Source:                 CPU/regPCABIR/genblk1[86].dff1/q_reg/C
                            (rising edge-triggered cell FDCE clocked by clk_out1_CPU_clock'  {rise@0.000ns fall@12.500ns period=25.000ns})
  Destination:            CPU/steppers/driver_X/busy_reg/D
  Path Group:             (none)
  Path Type:              Min at Fast Process Corner
  Data Path Delay:        1.246ns  (logic 0.406ns (32.594%)  route 0.840ns (67.406%))
  Logic Levels:           4  (CARRY4=1 LUT3=1 LUT4=2)
  Clock Uncertainty:      0.482ns  ((TSJ^2 + DJ^2)^1/2) / 2 + PE
    Total System Jitter     (TSJ):    0.050ns
    Discrete Jitter          (DJ):    0.338ns
    Phase Error              (PE):    0.311ns

    Location             Delay type                Incr(ns)  Path(ns)    Netlist Resource(s)
  -------------------------------------------------------------------    -------------------
                         (clock clk_out1_CPU_clock fall edge)
                                                     12.500    12.500 f  
    E3                                                0.000    12.500 f  clock_40mhz (IN)
                         net (fo=0)                   0.000    12.500    CPU_pll/inst/clk_in1
    E3                   IBUF (Prop_ibuf_I_O)         0.250    12.750 f  CPU_pll/inst/clkin1_ibufg/O
                         net (fo=1, routed)           0.440    13.190    CPU_pll/inst/clk_in1_CPU_clock
    PLLE2_ADV_X1Y2       PLLE2_ADV (Prop_plle2_adv_CLKIN1_CLKOUT0)
                                                     -1.100    12.090 f  CPU_pll/inst/plle2_adv_inst/CLKOUT0
                         net (fo=1, routed)           0.514    12.604    CPU_pll/inst/clk_out1_CPU_clock
    BUFGCTRL_X0Y16       BUFG (Prop_bufg_I_O)         0.026    12.630 f  CPU_pll/inst/clkout1_buf/O
                         net (fo=1077, routed)        0.789    13.420    clock
    SLICE_X52Y96         LUT1 (Prop_lut1_I0_O)        0.045    13.465 r  q_reg_i_6/O
                         net (fo=1, routed)           0.213    13.678    q_reg_i_6_n_0
    BUFGCTRL_X0Y0        BUFG (Prop_bufg_I_O)         0.026    13.704 r  q_reg_i_3/O
                         net (fo=451, routed)         0.555    14.259    CPU/regPCABIR/genblk1[86].dff1/clk0
    SLICE_X43Y129        FDCE                                         r  CPU/regPCABIR/genblk1[86].dff1/q_reg/C
  -------------------------------------------------------------------    -------------------
    SLICE_X43Y129        FDCE (Prop_fdce_C_Q)         0.141    14.400 f  CPU/regPCABIR/genblk1[86].dff1/q_reg/Q
                         net (fo=5, routed)           0.306    14.706    CPU/regPCABIR/genblk1[30].dff1/clicks_taken2_carry__1_i_17__0_2
    SLICE_X44Y121        LUT4 (Prop_lut4_I3_O)        0.045    14.751 f  CPU/regPCABIR/genblk1[30].dff1/clicks_taken2_carry__1_i_9__0/O
                         net (fo=5, routed)           0.247    14.998    CPU/steppers/driver_X/busy0_carry__2_1[20]
    SLICE_X46Y121        LUT4 (Prop_lut4_I1_O)        0.048    15.046 r  CPU/steppers/driver_X/busy0_carry__2_i_4/O
                         net (fo=1, routed)           0.000    15.046    CPU/steppers/driver_X/busy0_carry__2_i_4_n_0
    SLICE_X46Y121        CARRY4 (Prop_carry4_DI[0]_CO[3])
                                                      0.127    15.173 f  CPU/steppers/driver_X/busy0_carry__2/CO[3]
                         net (fo=2, routed)           0.286    15.459    CPU/steppers/driver_X/busy0
    SLICE_X49Y122        LUT3 (Prop_lut3_I0_O)        0.045    15.504 r  CPU/steppers/driver_X/busy_i_1/O
                         net (fo=1, routed)           0.000    15.504    CPU/steppers/driver_X/busy_i_1_n_0
    SLICE_X49Y122        FDCE                                         r  CPU/steppers/driver_X/busy_reg/D
  -------------------------------------------------------------------    -------------------

Slack:                    inf
  Source:                 CPU/regPCABIR/genblk1[86].dff1/q_reg/C
                            (rising edge-triggered cell FDCE clocked by clk_out1_CPU_clock'  {rise@0.000ns fall@12.500ns period=25.000ns})
  Destination:            CPU/steppers/driver_X/done_reg/D
  Path Group:             (none)
  Path Type:              Min at Fast Process Corner
  Data Path Delay:        1.246ns  (logic 0.406ns (32.594%)  route 0.840ns (67.406%))
  Logic Levels:           4  (CARRY4=1 LUT4=3)
  Clock Uncertainty:      0.482ns  ((TSJ^2 + DJ^2)^1/2) / 2 + PE
    Total System Jitter     (TSJ):    0.050ns
    Discrete Jitter          (DJ):    0.338ns
    Phase Error              (PE):    0.311ns

    Location             Delay type                Incr(ns)  Path(ns)    Netlist Resource(s)
  -------------------------------------------------------------------    -------------------
                         (clock clk_out1_CPU_clock fall edge)
                                                     12.500    12.500 f  
    E3                                                0.000    12.500 f  clock_40mhz (IN)
                         net (fo=0)                   0.000    12.500    CPU_pll/inst/clk_in1
    E3                   IBUF (Prop_ibuf_I_O)         0.250    12.750 f  CPU_pll/inst/clkin1_ibufg/O
                         net (fo=1, routed)           0.440    13.190    CPU_pll/inst/clk_in1_CPU_clock
    PLLE2_ADV_X1Y2       PLLE2_ADV (Prop_plle2_adv_CLKIN1_CLKOUT0)
                                                     -1.100    12.090 f  CPU_pll/inst/plle2_adv_inst/CLKOUT0
                         net (fo=1, routed)           0.514    12.604    CPU_pll/inst/clk_out1_CPU_clock
    BUFGCTRL_X0Y16       BUFG (Prop_bufg_I_O)         0.026    12.630 f  CPU_pll/inst/clkout1_buf/O
                         net (fo=1077, routed)        0.789    13.420    clock
    SLICE_X52Y96         LUT1 (Prop_lut1_I0_O)        0.045    13.465 r  q_reg_i_6/O
                         net (fo=1, routed)           0.213    13.678    q_reg_i_6_n_0
    BUFGCTRL_X0Y0        BUFG (Prop_bufg_I_O)         0.026    13.704 r  q_reg_i_3/O
                         net (fo=451, routed)         0.555    14.259    CPU/regPCABIR/genblk1[86].dff1/clk0
    SLICE_X43Y129        FDCE                                         r  CPU/regPCABIR/genblk1[86].dff1/q_reg/C
  -------------------------------------------------------------------    -------------------
    SLICE_X43Y129        FDCE (Prop_fdce_C_Q)         0.141    14.400 f  CPU/regPCABIR/genblk1[86].dff1/q_reg/Q
                         net (fo=5, routed)           0.306    14.706    CPU/regPCABIR/genblk1[30].dff1/clicks_taken2_carry__1_i_17__0_2
    SLICE_X44Y121        LUT4 (Prop_lut4_I3_O)        0.045    14.751 f  CPU/regPCABIR/genblk1[30].dff1/clicks_taken2_carry__1_i_9__0/O
                         net (fo=5, routed)           0.247    14.998    CPU/steppers/driver_X/busy0_carry__2_1[20]
    SLICE_X46Y121        LUT4 (Prop_lut4_I1_O)        0.048    15.046 r  CPU/steppers/driver_X/busy0_carry__2_i_4/O
                         net (fo=1, routed)           0.000    15.046    CPU/steppers/driver_X/busy0_carry__2_i_4_n_0
    SLICE_X46Y121        CARRY4 (Prop_carry4_DI[0]_CO[3])
                                                      0.127    15.173 r  CPU/steppers/driver_X/busy0_carry__2/CO[3]
                         net (fo=2, routed)           0.286    15.459    CPU/steppers/driver_X/busy0
    SLICE_X49Y122        LUT4 (Prop_lut4_I0_O)        0.045    15.504 r  CPU/steppers/driver_X/done_i_1/O
                         net (fo=1, routed)           0.000    15.504    CPU/steppers/driver_X/done_i_1_n_0
    SLICE_X49Y122        FDCE                                         r  CPU/steppers/driver_X/done_reg/D
  -------------------------------------------------------------------    -------------------

Slack:                    inf
  Source:                 CPU/regPCABIR/genblk1[95].dff1/q_reg/C
                            (rising edge-triggered cell FDCE clocked by clk_out1_CPU_clock'  {rise@0.000ns fall@12.500ns period=25.000ns})
  Destination:            CPU/steppers/driver_X/clicks_taken_reg[20]/CE
  Path Group:             (none)
  Path Type:              Min at Fast Process Corner
  Data Path Delay:        1.376ns  (logic 0.272ns (19.763%)  route 1.104ns (80.237%))
  Logic Levels:           2  (LUT3=2)
  Clock Uncertainty:      0.482ns  ((TSJ^2 + DJ^2)^1/2) / 2 + PE
    Total System Jitter     (TSJ):    0.050ns
    Discrete Jitter          (DJ):    0.338ns
    Phase Error              (PE):    0.311ns

    Location             Delay type                Incr(ns)  Path(ns)    Netlist Resource(s)
  -------------------------------------------------------------------    -------------------
                         (clock clk_out1_CPU_clock fall edge)
                                                     12.500    12.500 f  
    E3                                                0.000    12.500 f  clock_40mhz (IN)
                         net (fo=0)                   0.000    12.500    CPU_pll/inst/clk_in1
    E3                   IBUF (Prop_ibuf_I_O)         0.250    12.750 f  CPU_pll/inst/clkin1_ibufg/O
                         net (fo=1, routed)           0.440    13.190    CPU_pll/inst/clk_in1_CPU_clock
    PLLE2_ADV_X1Y2       PLLE2_ADV (Prop_plle2_adv_CLKIN1_CLKOUT0)
                                                     -1.100    12.090 f  CPU_pll/inst/plle2_adv_inst/CLKOUT0
                         net (fo=1, routed)           0.514    12.604    CPU_pll/inst/clk_out1_CPU_clock
    BUFGCTRL_X0Y16       BUFG (Prop_bufg_I_O)         0.026    12.630 f  CPU_pll/inst/clkout1_buf/O
                         net (fo=1077, routed)        0.789    13.420    clock
    SLICE_X52Y96         LUT1 (Prop_lut1_I0_O)        0.045    13.465 r  q_reg_i_6/O
                         net (fo=1, routed)           0.213    13.678    q_reg_i_6_n_0
    BUFGCTRL_X0Y0        BUFG (Prop_bufg_I_O)         0.026    13.704 r  q_reg_i_3/O
                         net (fo=451, routed)         0.553    14.257    CPU/regPCABIR/genblk1[95].dff1/clk0
    SLICE_X35Y125        FDCE                                         r  CPU/regPCABIR/genblk1[95].dff1/q_reg/C
  -------------------------------------------------------------------    -------------------
    SLICE_X35Y125        FDCE (Prop_fdce_C_Q)         0.128    14.385 f  CPU/regPCABIR/genblk1[95].dff1/q_reg/Q
                         net (fo=37, routed)          0.729    15.113    CPU/regPCABIR/genblk1[93].dff1/state_reg[0]_0
    SLICE_X50Y122        LUT3 (Prop_lut3_I1_O)        0.099    15.212 r  CPU/regPCABIR/genblk1[93].dff1/motor_outX_OBUF[3]_inst_i_2/O
                         net (fo=8, routed)           0.233    15.446    CPU/regPCABIR/genblk1[93].dff1/q_reg_1
    SLICE_X49Y122        LUT3 (Prop_lut3_I0_O)        0.045    15.491 r  CPU/regPCABIR/genblk1[93].dff1/clicks_taken[0]_i_1/O
                         net (fo=32, routed)          0.142    15.633    CPU/steppers/driver_X/clicks_taken
    SLICE_X48Y121        FDCE                                         r  CPU/steppers/driver_X/clicks_taken_reg[20]/CE
  -------------------------------------------------------------------    -------------------





--------------------------------------------------------------------------------------
Path Group:  (none)
From Clock:  
  To Clock:  clk_out1_CPU_clock

Max Delay           903 Endpoints
Min Delay           903 Endpoints
--------------------------------------------------------------------------------------


Max Delay Paths
--------------------------------------------------------------------------------------
Slack:                    inf
  Source:                 reset
                            (input port)
  Destination:            CPU/regOBIR/genblk1[95].dff1/q_reg/CLR
                            (recovery check against rising-edge clock clk_out1_CPU_clock'  {rise@0.000ns fall@12.500ns period=25.000ns})
  Path Group:             (none)
  Path Type:              Recovery (Max at Slow Process Corner)
  Data Path Delay:        9.356ns  (logic 1.631ns (17.433%)  route 7.725ns (82.567%))
  Logic Levels:           2  (IBUF=1 LUT2=1)
  Clock Path Skew:        5.304ns (DCD - SCD + CPR)
    Destination Clock Delay (DCD):    5.304ns = ( 17.804 - 12.500 ) 
    Source Clock Delay      (SCD):    0.000ns
    Clock Pessimism Removal (CPR):    0.000ns
  Clock Uncertainty:      0.482ns  ((TSJ^2 + DJ^2)^1/2) / 2 + PE
    Total System Jitter     (TSJ):    0.050ns
    Discrete Jitter          (DJ):    0.338ns
    Phase Error              (PE):    0.311ns

    Location             Delay type                Incr(ns)  Path(ns)    Netlist Resource(s)
  -------------------------------------------------------------------    -------------------
    C12                                               0.000     0.000 r  reset (IN)
                         net (fo=0)                   0.000     0.000    reset
    C12                  IBUF (Prop_ibuf_I_O)         1.507     1.507 r  reset_IBUF_inst/O
                         net (fo=1, routed)           2.150     3.657    CPU/regPCABIR/genblk1[94].dff1/reset_IBUF
    SLICE_X30Y144        LUT2 (Prop_lut2_I1_O)        0.124     3.781 f  CPU/regPCABIR/genblk1[94].dff1/q_i_2__91/O
                         net (fo=452, routed)         5.575     9.356    CPU/regOBIR/genblk1[95].dff1/q_reg_4
    SLICE_X46Y111        FDCE                                         f  CPU/regOBIR/genblk1[95].dff1/q_reg/CLR
  -------------------------------------------------------------------    -------------------

                         (clock clk_out1_CPU_clock fall edge)
                                                     12.500    12.500 f  
    E3                                                0.000    12.500 f  clock_40mhz (IN)
                         net (fo=0)                   0.000    12.500    CPU_pll/inst/clk_in1
    E3                   IBUF (Prop_ibuf_I_O)         1.411    13.911 f  CPU_pll/inst/clkin1_ibufg/O
                         net (fo=1, routed)           1.181    15.092    CPU_pll/inst/clk_in1_CPU_clock
    PLLE2_ADV_X1Y2       PLLE2_ADV (Prop_plle2_adv_CLKIN1_CLKOUT0)
                                                     -3.253    11.839 f  CPU_pll/inst/plle2_adv_inst/CLKOUT0
                         net (fo=1, routed)           1.634    13.473    CPU_pll/inst/clk_out1_CPU_clock
    BUFGCTRL_X0Y16       BUFG (Prop_bufg_I_O)         0.091    13.564 f  CPU_pll/inst/clkout1_buf/O
                         net (fo=1077, routed)        2.040    15.605    clock
    SLICE_X52Y96         LUT1 (Prop_lut1_I0_O)        0.100    15.705 r  q_reg_i_6/O
                         net (fo=1, routed)           0.511    16.216    q_reg_i_6_n_0
    BUFGCTRL_X0Y0        BUFG (Prop_bufg_I_O)         0.091    16.307 r  q_reg_i_3/O
                         net (fo=451, routed)         1.497    17.804    CPU/regOBIR/genblk1[95].dff1/clk0
    SLICE_X46Y111        FDCE                                         r  CPU/regOBIR/genblk1[95].dff1/q_reg/C

Slack:                    inf
  Source:                 reset
                            (input port)
  Destination:            CPU/regPCABIR/genblk1[110].dff1/q_reg/CLR
                            (recovery check against rising-edge clock clk_out1_CPU_clock'  {rise@0.000ns fall@12.500ns period=25.000ns})
  Path Group:             (none)
  Path Type:              Recovery (Max at Slow Process Corner)
  Data Path Delay:        9.346ns  (logic 1.631ns (17.452%)  route 7.715ns (82.548%))
  Logic Levels:           2  (IBUF=1 LUT2=1)
  Clock Path Skew:        5.307ns (DCD - SCD + CPR)
    Destination Clock Delay (DCD):    5.307ns = ( 17.807 - 12.500 ) 
    Source Clock Delay      (SCD):    0.000ns
    Clock Pessimism Removal (CPR):    0.000ns
  Clock Uncertainty:      0.482ns  ((TSJ^2 + DJ^2)^1/2) / 2 + PE
    Total System Jitter     (TSJ):    0.050ns
    Discrete Jitter          (DJ):    0.338ns
    Phase Error              (PE):    0.311ns

    Location             Delay type                Incr(ns)  Path(ns)    Netlist Resource(s)
  -------------------------------------------------------------------    -------------------
    C12                                               0.000     0.000 r  reset (IN)
                         net (fo=0)                   0.000     0.000    reset
    C12                  IBUF (Prop_ibuf_I_O)         1.507     1.507 r  reset_IBUF_inst/O
                         net (fo=1, routed)           2.150     3.657    CPU/regPCABIR/genblk1[94].dff1/reset_IBUF
    SLICE_X30Y144        LUT2 (Prop_lut2_I1_O)        0.124     3.781 f  CPU/regPCABIR/genblk1[94].dff1/q_i_2__91/O
                         net (fo=452, routed)         5.565     9.346    CPU/regPCABIR/genblk1[110].dff1/q_reg_3
    SLICE_X44Y110        FDCE                                         f  CPU/regPCABIR/genblk1[110].dff1/q_reg/CLR
  -------------------------------------------------------------------    -------------------

                         (clock clk_out1_CPU_clock fall edge)
                                                     12.500    12.500 f  
    E3                                                0.000    12.500 f  clock_40mhz (IN)
                         net (fo=0)                   0.000    12.500    CPU_pll/inst/clk_in1
    E3                   IBUF (Prop_ibuf_I_O)         1.411    13.911 f  CPU_pll/inst/clkin1_ibufg/O
                         net (fo=1, routed)           1.181    15.092    CPU_pll/inst/clk_in1_CPU_clock
    PLLE2_ADV_X1Y2       PLLE2_ADV (Prop_plle2_adv_CLKIN1_CLKOUT0)
                                                     -3.253    11.839 f  CPU_pll/inst/plle2_adv_inst/CLKOUT0
                         net (fo=1, routed)           1.634    13.473    CPU_pll/inst/clk_out1_CPU_clock
    BUFGCTRL_X0Y16       BUFG (Prop_bufg_I_O)         0.091    13.564 f  CPU_pll/inst/clkout1_buf/O
                         net (fo=1077, routed)        2.040    15.605    clock
    SLICE_X52Y96         LUT1 (Prop_lut1_I0_O)        0.100    15.705 r  q_reg_i_6/O
                         net (fo=1, routed)           0.511    16.216    q_reg_i_6_n_0
    BUFGCTRL_X0Y0        BUFG (Prop_bufg_I_O)         0.091    16.307 r  q_reg_i_3/O
                         net (fo=451, routed)         1.500    17.807    CPU/regPCABIR/genblk1[110].dff1/clk0
    SLICE_X44Y110        FDCE                                         r  CPU/regPCABIR/genblk1[110].dff1/q_reg/C

Slack:                    inf
  Source:                 reset
                            (input port)
  Destination:            CPU/regPCABIR/genblk1[111].dff1/q_reg/CLR
                            (recovery check against rising-edge clock clk_out1_CPU_clock'  {rise@0.000ns fall@12.500ns period=25.000ns})
  Path Group:             (none)
  Path Type:              Recovery (Max at Slow Process Corner)
  Data Path Delay:        9.346ns  (logic 1.631ns (17.452%)  route 7.715ns (82.548%))
  Logic Levels:           2  (IBUF=1 LUT2=1)
  Clock Path Skew:        5.307ns (DCD - SCD + CPR)
    Destination Clock Delay (DCD):    5.307ns = ( 17.807 - 12.500 ) 
    Source Clock Delay      (SCD):    0.000ns
    Clock Pessimism Removal (CPR):    0.000ns
  Clock Uncertainty:      0.482ns  ((TSJ^2 + DJ^2)^1/2) / 2 + PE
    Total System Jitter     (TSJ):    0.050ns
    Discrete Jitter          (DJ):    0.338ns
    Phase Error              (PE):    0.311ns

    Location             Delay type                Incr(ns)  Path(ns)    Netlist Resource(s)
  -------------------------------------------------------------------    -------------------
    C12                                               0.000     0.000 r  reset (IN)
                         net (fo=0)                   0.000     0.000    reset
    C12                  IBUF (Prop_ibuf_I_O)         1.507     1.507 r  reset_IBUF_inst/O
                         net (fo=1, routed)           2.150     3.657    CPU/regPCABIR/genblk1[94].dff1/reset_IBUF
    SLICE_X30Y144        LUT2 (Prop_lut2_I1_O)        0.124     3.781 f  CPU/regPCABIR/genblk1[94].dff1/q_i_2__91/O
                         net (fo=452, routed)         5.565     9.346    CPU/regPCABIR/genblk1[111].dff1/q_reg_2
    SLICE_X44Y110        FDCE                                         f  CPU/regPCABIR/genblk1[111].dff1/q_reg/CLR
  -------------------------------------------------------------------    -------------------

                         (clock clk_out1_CPU_clock fall edge)
                                                     12.500    12.500 f  
    E3                                                0.000    12.500 f  clock_40mhz (IN)
                         net (fo=0)                   0.000    12.500    CPU_pll/inst/clk_in1
    E3                   IBUF (Prop_ibuf_I_O)         1.411    13.911 f  CPU_pll/inst/clkin1_ibufg/O
                         net (fo=1, routed)           1.181    15.092    CPU_pll/inst/clk_in1_CPU_clock
    PLLE2_ADV_X1Y2       PLLE2_ADV (Prop_plle2_adv_CLKIN1_CLKOUT0)
                                                     -3.253    11.839 f  CPU_pll/inst/plle2_adv_inst/CLKOUT0
                         net (fo=1, routed)           1.634    13.473    CPU_pll/inst/clk_out1_CPU_clock
    BUFGCTRL_X0Y16       BUFG (Prop_bufg_I_O)         0.091    13.564 f  CPU_pll/inst/clkout1_buf/O
                         net (fo=1077, routed)        2.040    15.605    clock
    SLICE_X52Y96         LUT1 (Prop_lut1_I0_O)        0.100    15.705 r  q_reg_i_6/O
                         net (fo=1, routed)           0.511    16.216    q_reg_i_6_n_0
    BUFGCTRL_X0Y0        BUFG (Prop_bufg_I_O)         0.091    16.307 r  q_reg_i_3/O
                         net (fo=451, routed)         1.500    17.807    CPU/regPCABIR/genblk1[111].dff1/clk0
    SLICE_X44Y110        FDCE                                         r  CPU/regPCABIR/genblk1[111].dff1/q_reg/C

Slack:                    inf
  Source:                 reset
                            (input port)
  Destination:            CPU/regPCABIR/genblk1[15].dff1/q_reg/CLR
                            (recovery check against rising-edge clock clk_out1_CPU_clock'  {rise@0.000ns fall@12.500ns period=25.000ns})
  Path Group:             (none)
  Path Type:              Recovery (Max at Slow Process Corner)
  Data Path Delay:        9.346ns  (logic 1.631ns (17.452%)  route 7.715ns (82.548%))
  Logic Levels:           2  (IBUF=1 LUT2=1)
  Clock Path Skew:        5.307ns (DCD - SCD + CPR)
    Destination Clock Delay (DCD):    5.307ns = ( 17.807 - 12.500 ) 
    Source Clock Delay      (SCD):    0.000ns
    Clock Pessimism Removal (CPR):    0.000ns
  Clock Uncertainty:      0.482ns  ((TSJ^2 + DJ^2)^1/2) / 2 + PE
    Total System Jitter     (TSJ):    0.050ns
    Discrete Jitter          (DJ):    0.338ns
    Phase Error              (PE):    0.311ns

    Location             Delay type                Incr(ns)  Path(ns)    Netlist Resource(s)
  -------------------------------------------------------------------    -------------------
    C12                                               0.000     0.000 r  reset (IN)
                         net (fo=0)                   0.000     0.000    reset
    C12                  IBUF (Prop_ibuf_I_O)         1.507     1.507 r  reset_IBUF_inst/O
                         net (fo=1, routed)           2.150     3.657    CPU/regPCABIR/genblk1[94].dff1/reset_IBUF
    SLICE_X30Y144        LUT2 (Prop_lut2_I1_O)        0.124     3.781 f  CPU/regPCABIR/genblk1[94].dff1/q_i_2__91/O
                         net (fo=452, routed)         5.565     9.346    CPU/regPCABIR/genblk1[15].dff1/q_reg_4
    SLICE_X44Y110        FDCE                                         f  CPU/regPCABIR/genblk1[15].dff1/q_reg/CLR
  -------------------------------------------------------------------    -------------------

                         (clock clk_out1_CPU_clock fall edge)
                                                     12.500    12.500 f  
    E3                                                0.000    12.500 f  clock_40mhz (IN)
                         net (fo=0)                   0.000    12.500    CPU_pll/inst/clk_in1
    E3                   IBUF (Prop_ibuf_I_O)         1.411    13.911 f  CPU_pll/inst/clkin1_ibufg/O
                         net (fo=1, routed)           1.181    15.092    CPU_pll/inst/clk_in1_CPU_clock
    PLLE2_ADV_X1Y2       PLLE2_ADV (Prop_plle2_adv_CLKIN1_CLKOUT0)
                                                     -3.253    11.839 f  CPU_pll/inst/plle2_adv_inst/CLKOUT0
                         net (fo=1, routed)           1.634    13.473    CPU_pll/inst/clk_out1_CPU_clock
    BUFGCTRL_X0Y16       BUFG (Prop_bufg_I_O)         0.091    13.564 f  CPU_pll/inst/clkout1_buf/O
                         net (fo=1077, routed)        2.040    15.605    clock
    SLICE_X52Y96         LUT1 (Prop_lut1_I0_O)        0.100    15.705 r  q_reg_i_6/O
                         net (fo=1, routed)           0.511    16.216    q_reg_i_6_n_0
    BUFGCTRL_X0Y0        BUFG (Prop_bufg_I_O)         0.091    16.307 r  q_reg_i_3/O
                         net (fo=451, routed)         1.500    17.807    CPU/regPCABIR/genblk1[15].dff1/clk0
    SLICE_X44Y110        FDCE                                         r  CPU/regPCABIR/genblk1[15].dff1/q_reg/C

Slack:                    inf
  Source:                 reset
                            (input port)
  Destination:            CPU/pcreg/genblk1[11].dff1/q_reg/CLR
                            (recovery check against rising-edge clock clk_out1_CPU_clock'  {rise@0.000ns fall@12.500ns period=25.000ns})
  Path Group:             (none)
  Path Type:              Recovery (Max at Slow Process Corner)
  Data Path Delay:        9.341ns  (logic 1.631ns (17.460%)  route 7.710ns (82.540%))
  Logic Levels:           2  (IBUF=1 LUT2=1)
  Clock Path Skew:        5.307ns (DCD - SCD + CPR)
    Destination Clock Delay (DCD):    5.307ns = ( 17.807 - 12.500 ) 
    Source Clock Delay      (SCD):    0.000ns
    Clock Pessimism Removal (CPR):    0.000ns
  Clock Uncertainty:      0.482ns  ((TSJ^2 + DJ^2)^1/2) / 2 + PE
    Total System Jitter     (TSJ):    0.050ns
    Discrete Jitter          (DJ):    0.338ns
    Phase Error              (PE):    0.311ns

    Location             Delay type                Incr(ns)  Path(ns)    Netlist Resource(s)
  -------------------------------------------------------------------    -------------------
    C12                                               0.000     0.000 r  reset (IN)
                         net (fo=0)                   0.000     0.000    reset
    C12                  IBUF (Prop_ibuf_I_O)         1.507     1.507 r  reset_IBUF_inst/O
                         net (fo=1, routed)           2.150     3.657    CPU/regPCABIR/genblk1[94].dff1/reset_IBUF
    SLICE_X30Y144        LUT2 (Prop_lut2_I1_O)        0.124     3.781 f  CPU/regPCABIR/genblk1[94].dff1/q_i_2__91/O
                         net (fo=452, routed)         5.560     9.341    CPU/pcreg/genblk1[11].dff1/q_reg_2
    SLICE_X45Y110        FDCE                                         f  CPU/pcreg/genblk1[11].dff1/q_reg/CLR
  -------------------------------------------------------------------    -------------------

                         (clock clk_out1_CPU_clock fall edge)
                                                     12.500    12.500 f  
    E3                                                0.000    12.500 f  clock_40mhz (IN)
                         net (fo=0)                   0.000    12.500    CPU_pll/inst/clk_in1
    E3                   IBUF (Prop_ibuf_I_O)         1.411    13.911 f  CPU_pll/inst/clkin1_ibufg/O
                         net (fo=1, routed)           1.181    15.092    CPU_pll/inst/clk_in1_CPU_clock
    PLLE2_ADV_X1Y2       PLLE2_ADV (Prop_plle2_adv_CLKIN1_CLKOUT0)
                                                     -3.253    11.839 f  CPU_pll/inst/plle2_adv_inst/CLKOUT0
                         net (fo=1, routed)           1.634    13.473    CPU_pll/inst/clk_out1_CPU_clock
    BUFGCTRL_X0Y16       BUFG (Prop_bufg_I_O)         0.091    13.564 f  CPU_pll/inst/clkout1_buf/O
                         net (fo=1077, routed)        2.040    15.605    clock
    SLICE_X52Y96         LUT1 (Prop_lut1_I0_O)        0.100    15.705 r  q_reg_i_6/O
                         net (fo=1, routed)           0.511    16.216    q_reg_i_6_n_0
    BUFGCTRL_X0Y0        BUFG (Prop_bufg_I_O)         0.091    16.307 r  q_reg_i_3/O
                         net (fo=451, routed)         1.500    17.807    CPU/pcreg/genblk1[11].dff1/clk0
    SLICE_X45Y110        FDCE                                         r  CPU/pcreg/genblk1[11].dff1/q_reg/C

Slack:                    inf
  Source:                 reset
                            (input port)
  Destination:            CPU/pen/pen_state_mem/q_reg/CLR
                            (recovery check against rising-edge clock clk_out1_CPU_clock  {rise@0.000ns fall@12.500ns period=25.000ns})
  Path Group:             (none)
  Path Type:              Recovery (Max at Slow Process Corner)
  Data Path Delay:        9.329ns  (logic 1.631ns (17.483%)  route 7.698ns (82.517%))
  Logic Levels:           2  (IBUF=1 LUT2=1)
  Clock Path Skew:        2.557ns (DCD - SCD + CPR)
    Destination Clock Delay (DCD):    2.557ns
    Source Clock Delay      (SCD):    0.000ns
    Clock Pessimism Removal (CPR):    0.000ns
  Clock Uncertainty:      0.482ns  ((TSJ^2 + DJ^2)^1/2) / 2 + PE
    Total System Jitter     (TSJ):    0.050ns
    Discrete Jitter          (DJ):    0.338ns
    Phase Error              (PE):    0.311ns

    Location             Delay type                Incr(ns)  Path(ns)    Netlist Resource(s)
  -------------------------------------------------------------------    -------------------
    C12                                               0.000     0.000 r  reset (IN)
                         net (fo=0)                   0.000     0.000    reset
    C12                  IBUF (Prop_ibuf_I_O)         1.507     1.507 r  reset_IBUF_inst/O
                         net (fo=1, routed)           2.150     3.657    CPU/regPCABIR/genblk1[94].dff1/reset_IBUF
    SLICE_X30Y144        LUT2 (Prop_lut2_I1_O)        0.124     3.781 f  CPU/regPCABIR/genblk1[94].dff1/q_i_2__91/O
                         net (fo=452, routed)         5.548     9.329    CPU/pen/pen_state_mem/q_reg_1
    SLICE_X51Y109        FDCE                                         f  CPU/pen/pen_state_mem/q_reg/CLR
  -------------------------------------------------------------------    -------------------

                         (clock clk_out1_CPU_clock rise edge)
                                                      0.000     0.000 r  
    E3                                                0.000     0.000 r  clock_40mhz (IN)
                         net (fo=0)                   0.000     0.000    CPU_pll/inst/clk_in1
    E3                   IBUF (Prop_ibuf_I_O)         1.411     1.411 r  CPU_pll/inst/clkin1_ibufg/O
                         net (fo=1, routed)           1.181     2.592    CPU_pll/inst/clk_in1_CPU_clock
    PLLE2_ADV_X1Y2       PLLE2_ADV (Prop_plle2_adv_CLKIN1_CLKOUT0)
                                                     -3.253    -0.661 r  CPU_pll/inst/plle2_adv_inst/CLKOUT0
                         net (fo=1, routed)           1.634     0.973    CPU_pll/inst/clk_out1_CPU_clock
    BUFGCTRL_X0Y16       BUFG (Prop_bufg_I_O)         0.091     1.064 r  CPU_pll/inst/clkout1_buf/O
                         net (fo=1077, routed)        1.493     2.557    CPU/pen/pen_state_mem/clk_out1
    SLICE_X51Y109        FDCE                                         r  CPU/pen/pen_state_mem/q_reg/C

Slack:                    inf
  Source:                 reset
                            (input port)
  Destination:            CPU/regOBIR/genblk1[94].dff1/q_reg/CLR
                            (recovery check against rising-edge clock clk_out1_CPU_clock'  {rise@0.000ns fall@12.500ns period=25.000ns})
  Path Group:             (none)
  Path Type:              Recovery (Max at Slow Process Corner)
  Data Path Delay:        9.325ns  (logic 1.631ns (17.491%)  route 7.694ns (82.509%))
  Logic Levels:           2  (IBUF=1 LUT2=1)
  Clock Path Skew:        5.305ns (DCD - SCD + CPR)
    Destination Clock Delay (DCD):    5.305ns = ( 17.805 - 12.500 ) 
    Source Clock Delay      (SCD):    0.000ns
    Clock Pessimism Removal (CPR):    0.000ns
  Clock Uncertainty:      0.482ns  ((TSJ^2 + DJ^2)^1/2) / 2 + PE
    Total System Jitter     (TSJ):    0.050ns
    Discrete Jitter          (DJ):    0.338ns
    Phase Error              (PE):    0.311ns

    Location             Delay type                Incr(ns)  Path(ns)    Netlist Resource(s)
  -------------------------------------------------------------------    -------------------
    C12                                               0.000     0.000 r  reset (IN)
                         net (fo=0)                   0.000     0.000    reset
    C12                  IBUF (Prop_ibuf_I_O)         1.507     1.507 r  reset_IBUF_inst/O
                         net (fo=1, routed)           2.150     3.657    CPU/regPCABIR/genblk1[94].dff1/reset_IBUF
    SLICE_X30Y144        LUT2 (Prop_lut2_I1_O)        0.124     3.781 f  CPU/regPCABIR/genblk1[94].dff1/q_i_2__91/O
                         net (fo=452, routed)         5.544     9.325    CPU/regOBIR/genblk1[94].dff1/q_reg_3
    SLICE_X45Y112        FDCE                                         f  CPU/regOBIR/genblk1[94].dff1/q_reg/CLR
  -------------------------------------------------------------------    -------------------

                         (clock clk_out1_CPU_clock fall edge)
                                                     12.500    12.500 f  
    E3                                                0.000    12.500 f  clock_40mhz (IN)
                         net (fo=0)                   0.000    12.500    CPU_pll/inst/clk_in1
    E3                   IBUF (Prop_ibuf_I_O)         1.411    13.911 f  CPU_pll/inst/clkin1_ibufg/O
                         net (fo=1, routed)           1.181    15.092    CPU_pll/inst/clk_in1_CPU_clock
    PLLE2_ADV_X1Y2       PLLE2_ADV (Prop_plle2_adv_CLKIN1_CLKOUT0)
                                                     -3.253    11.839 f  CPU_pll/inst/plle2_adv_inst/CLKOUT0
                         net (fo=1, routed)           1.634    13.473    CPU_pll/inst/clk_out1_CPU_clock
    BUFGCTRL_X0Y16       BUFG (Prop_bufg_I_O)         0.091    13.564 f  CPU_pll/inst/clkout1_buf/O
                         net (fo=1077, routed)        2.040    15.605    clock
    SLICE_X52Y96         LUT1 (Prop_lut1_I0_O)        0.100    15.705 r  q_reg_i_6/O
                         net (fo=1, routed)           0.511    16.216    q_reg_i_6_n_0
    BUFGCTRL_X0Y0        BUFG (Prop_bufg_I_O)         0.091    16.307 r  q_reg_i_3/O
                         net (fo=451, routed)         1.498    17.805    CPU/regOBIR/genblk1[94].dff1/clk0
    SLICE_X45Y112        FDCE                                         r  CPU/regOBIR/genblk1[94].dff1/q_reg/C

Slack:                    inf
  Source:                 reset
                            (input port)
  Destination:            CPU/regPCABIR/genblk1[107].dff1/q_reg/CLR
                            (recovery check against rising-edge clock clk_out1_CPU_clock'  {rise@0.000ns fall@12.500ns period=25.000ns})
  Path Group:             (none)
  Path Type:              Recovery (Max at Slow Process Corner)
  Data Path Delay:        9.321ns  (logic 1.631ns (17.499%)  route 7.690ns (82.501%))
  Logic Levels:           2  (IBUF=1 LUT2=1)
  Clock Path Skew:        5.306ns (DCD - SCD + CPR)
    Destination Clock Delay (DCD):    5.306ns = ( 17.806 - 12.500 ) 
    Source Clock Delay      (SCD):    0.000ns
    Clock Pessimism Removal (CPR):    0.000ns
  Clock Uncertainty:      0.482ns  ((TSJ^2 + DJ^2)^1/2) / 2 + PE
    Total System Jitter     (TSJ):    0.050ns
    Discrete Jitter          (DJ):    0.338ns
    Phase Error              (PE):    0.311ns

    Location             Delay type                Incr(ns)  Path(ns)    Netlist Resource(s)
  -------------------------------------------------------------------    -------------------
    C12                                               0.000     0.000 r  reset (IN)
                         net (fo=0)                   0.000     0.000    reset
    C12                  IBUF (Prop_ibuf_I_O)         1.507     1.507 r  reset_IBUF_inst/O
                         net (fo=1, routed)           2.150     3.657    CPU/regPCABIR/genblk1[94].dff1/reset_IBUF
    SLICE_X30Y144        LUT2 (Prop_lut2_I1_O)        0.124     3.781 f  CPU/regPCABIR/genblk1[94].dff1/q_i_2__91/O
                         net (fo=452, routed)         5.540     9.321    CPU/regPCABIR/genblk1[107].dff1/q_reg_2
    SLICE_X46Y108        FDCE                                         f  CPU/regPCABIR/genblk1[107].dff1/q_reg/CLR
  -------------------------------------------------------------------    -------------------

                         (clock clk_out1_CPU_clock fall edge)
                                                     12.500    12.500 f  
    E3                                                0.000    12.500 f  clock_40mhz (IN)
                         net (fo=0)                   0.000    12.500    CPU_pll/inst/clk_in1
    E3                   IBUF (Prop_ibuf_I_O)         1.411    13.911 f  CPU_pll/inst/clkin1_ibufg/O
                         net (fo=1, routed)           1.181    15.092    CPU_pll/inst/clk_in1_CPU_clock
    PLLE2_ADV_X1Y2       PLLE2_ADV (Prop_plle2_adv_CLKIN1_CLKOUT0)
                                                     -3.253    11.839 f  CPU_pll/inst/plle2_adv_inst/CLKOUT0
                         net (fo=1, routed)           1.634    13.473    CPU_pll/inst/clk_out1_CPU_clock
    BUFGCTRL_X0Y16       BUFG (Prop_bufg_I_O)         0.091    13.564 f  CPU_pll/inst/clkout1_buf/O
                         net (fo=1077, routed)        2.040    15.605    clock
    SLICE_X52Y96         LUT1 (Prop_lut1_I0_O)        0.100    15.705 r  q_reg_i_6/O
                         net (fo=1, routed)           0.511    16.216    q_reg_i_6_n_0
    BUFGCTRL_X0Y0        BUFG (Prop_bufg_I_O)         0.091    16.307 r  q_reg_i_3/O
                         net (fo=451, routed)         1.499    17.806    CPU/regPCABIR/genblk1[107].dff1/clk0
    SLICE_X46Y108        FDCE                                         r  CPU/regPCABIR/genblk1[107].dff1/q_reg/C

Slack:                    inf
  Source:                 reset
                            (input port)
  Destination:            CPU/regPCABIR/genblk1[11].dff1/q_reg/CLR
                            (recovery check against rising-edge clock clk_out1_CPU_clock'  {rise@0.000ns fall@12.500ns period=25.000ns})
  Path Group:             (none)
  Path Type:              Recovery (Max at Slow Process Corner)
  Data Path Delay:        9.043ns  (logic 1.631ns (18.036%)  route 7.412ns (81.964%))
  Logic Levels:           2  (IBUF=1 LUT2=1)
  Clock Path Skew:        5.308ns (DCD - SCD + CPR)
    Destination Clock Delay (DCD):    5.308ns = ( 17.808 - 12.500 ) 
    Source Clock Delay      (SCD):    0.000ns
    Clock Pessimism Removal (CPR):    0.000ns
  Clock Uncertainty:      0.482ns  ((TSJ^2 + DJ^2)^1/2) / 2 + PE
    Total System Jitter     (TSJ):    0.050ns
    Discrete Jitter          (DJ):    0.338ns
    Phase Error              (PE):    0.311ns

    Location             Delay type                Incr(ns)  Path(ns)    Netlist Resource(s)
  -------------------------------------------------------------------    -------------------
    C12                                               0.000     0.000 r  reset (IN)
                         net (fo=0)                   0.000     0.000    reset
    C12                  IBUF (Prop_ibuf_I_O)         1.507     1.507 r  reset_IBUF_inst/O
                         net (fo=1, routed)           2.150     3.657    CPU/regPCABIR/genblk1[94].dff1/reset_IBUF
    SLICE_X30Y144        LUT2 (Prop_lut2_I1_O)        0.124     3.781 f  CPU/regPCABIR/genblk1[94].dff1/q_i_2__91/O
                         net (fo=452, routed)         5.262     9.043    CPU/regPCABIR/genblk1[11].dff1/q_reg_2
    SLICE_X42Y108        FDCE                                         f  CPU/regPCABIR/genblk1[11].dff1/q_reg/CLR
  -------------------------------------------------------------------    -------------------

                         (clock clk_out1_CPU_clock fall edge)
                                                     12.500    12.500 f  
    E3                                                0.000    12.500 f  clock_40mhz (IN)
                         net (fo=0)                   0.000    12.500    CPU_pll/inst/clk_in1
    E3                   IBUF (Prop_ibuf_I_O)         1.411    13.911 f  CPU_pll/inst/clkin1_ibufg/O
                         net (fo=1, routed)           1.181    15.092    CPU_pll/inst/clk_in1_CPU_clock
    PLLE2_ADV_X1Y2       PLLE2_ADV (Prop_plle2_adv_CLKIN1_CLKOUT0)
                                                     -3.253    11.839 f  CPU_pll/inst/plle2_adv_inst/CLKOUT0
                         net (fo=1, routed)           1.634    13.473    CPU_pll/inst/clk_out1_CPU_clock
    BUFGCTRL_X0Y16       BUFG (Prop_bufg_I_O)         0.091    13.564 f  CPU_pll/inst/clkout1_buf/O
                         net (fo=1077, routed)        2.040    15.605    clock
    SLICE_X52Y96         LUT1 (Prop_lut1_I0_O)        0.100    15.705 r  q_reg_i_6/O
                         net (fo=1, routed)           0.511    16.216    q_reg_i_6_n_0
    BUFGCTRL_X0Y0        BUFG (Prop_bufg_I_O)         0.091    16.307 r  q_reg_i_3/O
                         net (fo=451, routed)         1.501    17.808    CPU/regPCABIR/genblk1[11].dff1/clk0
    SLICE_X42Y108        FDCE                                         r  CPU/regPCABIR/genblk1[11].dff1/q_reg/C

Slack:                    inf
  Source:                 reset
                            (input port)
  Destination:            CPU/regPCIR/genblk1[40].dff1/q_reg/CLR
                            (recovery check against rising-edge clock clk_out1_CPU_clock'  {rise@0.000ns fall@12.500ns period=25.000ns})
  Path Group:             (none)
  Path Type:              Recovery (Max at Slow Process Corner)
  Data Path Delay:        9.043ns  (logic 1.631ns (18.036%)  route 7.412ns (81.964%))
  Logic Levels:           2  (IBUF=1 LUT2=1)
  Clock Path Skew:        5.308ns (DCD - SCD + CPR)
    Destination Clock Delay (DCD):    5.308ns = ( 17.808 - 12.500 ) 
    Source Clock Delay      (SCD):    0.000ns
    Clock Pessimism Removal (CPR):    0.000ns
  Clock Uncertainty:      0.482ns  ((TSJ^2 + DJ^2)^1/2) / 2 + PE
    Total System Jitter     (TSJ):    0.050ns
    Discrete Jitter          (DJ):    0.338ns
    Phase Error              (PE):    0.311ns

    Location             Delay type                Incr(ns)  Path(ns)    Netlist Resource(s)
  -------------------------------------------------------------------    -------------------
    C12                                               0.000     0.000 r  reset (IN)
                         net (fo=0)                   0.000     0.000    reset
    C12                  IBUF (Prop_ibuf_I_O)         1.507     1.507 r  reset_IBUF_inst/O
                         net (fo=1, routed)           2.150     3.657    CPU/regPCABIR/genblk1[94].dff1/reset_IBUF
    SLICE_X30Y144        LUT2 (Prop_lut2_I1_O)        0.124     3.781 f  CPU/regPCABIR/genblk1[94].dff1/q_i_2__91/O
                         net (fo=452, routed)         5.262     9.043    CPU/regPCIR/genblk1[40].dff1/q_reg_1
    SLICE_X43Y108        FDCE                                         f  CPU/regPCIR/genblk1[40].dff1/q_reg/CLR
  -------------------------------------------------------------------    -------------------

                         (clock clk_out1_CPU_clock fall edge)
                                                     12.500    12.500 f  
    E3                                                0.000    12.500 f  clock_40mhz (IN)
                         net (fo=0)                   0.000    12.500    CPU_pll/inst/clk_in1
    E3                   IBUF (Prop_ibuf_I_O)         1.411    13.911 f  CPU_pll/inst/clkin1_ibufg/O
                         net (fo=1, routed)           1.181    15.092    CPU_pll/inst/clk_in1_CPU_clock
    PLLE2_ADV_X1Y2       PLLE2_ADV (Prop_plle2_adv_CLKIN1_CLKOUT0)
                                                     -3.253    11.839 f  CPU_pll/inst/plle2_adv_inst/CLKOUT0
                         net (fo=1, routed)           1.634    13.473    CPU_pll/inst/clk_out1_CPU_clock
    BUFGCTRL_X0Y16       BUFG (Prop_bufg_I_O)         0.091    13.564 f  CPU_pll/inst/clkout1_buf/O
                         net (fo=1077, routed)        2.040    15.605    clock
    SLICE_X52Y96         LUT1 (Prop_lut1_I0_O)        0.100    15.705 r  q_reg_i_6/O
                         net (fo=1, routed)           0.511    16.216    q_reg_i_6_n_0
    BUFGCTRL_X0Y0        BUFG (Prop_bufg_I_O)         0.091    16.307 r  q_reg_i_3/O
                         net (fo=451, routed)         1.501    17.808    CPU/regPCIR/genblk1[40].dff1/clk0
    SLICE_X43Y108        FDCE                                         r  CPU/regPCIR/genblk1[40].dff1/q_reg/C





Min Delay Paths
--------------------------------------------------------------------------------------
Slack:                    inf
  Source:                 CPU/steppers/driver_Y/done_reg/C
                            (rising edge-triggered cell FDCE)
  Destination:            CPU/regMWIR/genblk1[44].dff1/q_reg/CE
                            (rising edge-triggered cell FDCE clocked by clk_out1_CPU_clock'  {rise@0.000ns fall@12.500ns period=25.000ns})
  Path Group:             (none)
  Path Type:              Hold (Min at Fast Process Corner)
  Data Path Delay:        0.882ns  (logic 0.246ns (27.881%)  route 0.636ns (72.119%))
  Logic Levels:           2  (FDCE=1 LUT6=1)
  Clock Uncertainty:      0.482ns  ((TSJ^2 + DJ^2)^1/2) / 2 + PE
    Total System Jitter     (TSJ):    0.050ns
    Discrete Jitter          (DJ):    0.338ns
    Phase Error              (PE):    0.311ns

    Location             Delay type                Incr(ns)  Path(ns)    Netlist Resource(s)
  -------------------------------------------------------------------    -------------------
    SLICE_X60Y121        FDCE                         0.000     0.000 r  CPU/steppers/driver_Y/done_reg/C
    SLICE_X60Y121        FDCE (Prop_fdce_C_Q)         0.148     0.148 r  CPU/steppers/driver_Y/done_reg/Q
                         net (fo=2, routed)           0.360     0.508    CPU/regPCABIR/genblk1[30].dff1/done_Y_raw
    SLICE_X60Y119        LUT6 (Prop_lut6_I2_O)        0.098     0.606 r  CPU/regPCABIR/genblk1[30].dff1/q_i_1__178/O
                         net (fo=356, routed)         0.276     0.882    CPU/regMWIR/genblk1[44].dff1/reg_writeenable
    SLICE_X60Y118        FDCE                                         r  CPU/regMWIR/genblk1[44].dff1/q_reg/CE
  -------------------------------------------------------------------    -------------------

                         (clock clk_out1_CPU_clock fall edge)
                                                     12.500    12.500 f  
    E3                                                0.000    12.500 f  clock_40mhz (IN)
                         net (fo=0)                   0.000    12.500    CPU_pll/inst/clk_in1
    E3                   IBUF (Prop_ibuf_I_O)         0.438    12.938 f  CPU_pll/inst/clkin1_ibufg/O
                         net (fo=1, routed)           0.481    13.419    CPU_pll/inst/clk_in1_CPU_clock
    PLLE2_ADV_X1Y2       PLLE2_ADV (Prop_plle2_adv_CLKIN1_CLKOUT0)
                                                     -1.417    12.002 f  CPU_pll/inst/plle2_adv_inst/CLKOUT0
                         net (fo=1, routed)           0.560    12.561    CPU_pll/inst/clk_out1_CPU_clock
    BUFGCTRL_X0Y16       BUFG (Prop_bufg_I_O)         0.029    12.590 f  CPU_pll/inst/clkout1_buf/O
                         net (fo=1077, routed)        1.110    13.700    clock
    SLICE_X52Y96         LUT1 (Prop_lut1_I0_O)        0.056    13.756 r  q_reg_i_6/O
                         net (fo=1, routed)           0.237    13.994    q_reg_i_6_n_0
    BUFGCTRL_X0Y0        BUFG (Prop_bufg_I_O)         0.029    14.023 r  q_reg_i_3/O
                         net (fo=451, routed)         0.823    14.846    CPU/regMWIR/genblk1[44].dff1/clk0
    SLICE_X60Y118        FDCE                                         r  CPU/regMWIR/genblk1[44].dff1/q_reg/C

Slack:                    inf
  Source:                 CPU/steppers/driver_Y/done_reg/C
                            (rising edge-triggered cell FDCE)
  Destination:            CPU/regMWIR/genblk1[49].dff1/q_reg/CE
                            (rising edge-triggered cell FDCE clocked by clk_out1_CPU_clock'  {rise@0.000ns fall@12.500ns period=25.000ns})
  Path Group:             (none)
  Path Type:              Hold (Min at Fast Process Corner)
  Data Path Delay:        0.882ns  (logic 0.246ns (27.881%)  route 0.636ns (72.119%))
  Logic Levels:           2  (FDCE=1 LUT6=1)
  Clock Uncertainty:      0.482ns  ((TSJ^2 + DJ^2)^1/2) / 2 + PE
    Total System Jitter     (TSJ):    0.050ns
    Discrete Jitter          (DJ):    0.338ns
    Phase Error              (PE):    0.311ns

    Location             Delay type                Incr(ns)  Path(ns)    Netlist Resource(s)
  -------------------------------------------------------------------    -------------------
    SLICE_X60Y121        FDCE                         0.000     0.000 r  CPU/steppers/driver_Y/done_reg/C
    SLICE_X60Y121        FDCE (Prop_fdce_C_Q)         0.148     0.148 r  CPU/steppers/driver_Y/done_reg/Q
                         net (fo=2, routed)           0.360     0.508    CPU/regPCABIR/genblk1[30].dff1/done_Y_raw
    SLICE_X60Y119        LUT6 (Prop_lut6_I2_O)        0.098     0.606 r  CPU/regPCABIR/genblk1[30].dff1/q_i_1__178/O
                         net (fo=356, routed)         0.276     0.882    CPU/regMWIR/genblk1[49].dff1/reg_writeenable
    SLICE_X61Y118        FDCE                                         r  CPU/regMWIR/genblk1[49].dff1/q_reg/CE
  -------------------------------------------------------------------    -------------------

                         (clock clk_out1_CPU_clock fall edge)
                                                     12.500    12.500 f  
    E3                                                0.000    12.500 f  clock_40mhz (IN)
                         net (fo=0)                   0.000    12.500    CPU_pll/inst/clk_in1
    E3                   IBUF (Prop_ibuf_I_O)         0.438    12.938 f  CPU_pll/inst/clkin1_ibufg/O
                         net (fo=1, routed)           0.481    13.419    CPU_pll/inst/clk_in1_CPU_clock
    PLLE2_ADV_X1Y2       PLLE2_ADV (Prop_plle2_adv_CLKIN1_CLKOUT0)
                                                     -1.417    12.002 f  CPU_pll/inst/plle2_adv_inst/CLKOUT0
                         net (fo=1, routed)           0.560    12.561    CPU_pll/inst/clk_out1_CPU_clock
    BUFGCTRL_X0Y16       BUFG (Prop_bufg_I_O)         0.029    12.590 f  CPU_pll/inst/clkout1_buf/O
                         net (fo=1077, routed)        1.110    13.700    clock
    SLICE_X52Y96         LUT1 (Prop_lut1_I0_O)        0.056    13.756 r  q_reg_i_6/O
                         net (fo=1, routed)           0.237    13.994    q_reg_i_6_n_0
    BUFGCTRL_X0Y0        BUFG (Prop_bufg_I_O)         0.029    14.023 r  q_reg_i_3/O
                         net (fo=451, routed)         0.823    14.846    CPU/regMWIR/genblk1[49].dff1/clk0
    SLICE_X61Y118        FDCE                                         r  CPU/regMWIR/genblk1[49].dff1/q_reg/C

Slack:                    inf
  Source:                 CPU/steppers/driver_Y/done_reg/C
                            (rising edge-triggered cell FDCE)
  Destination:            CPU/regMWIR/genblk1[81].dff1/q_reg/CE
                            (rising edge-triggered cell FDCE clocked by clk_out1_CPU_clock'  {rise@0.000ns fall@12.500ns period=25.000ns})
  Path Group:             (none)
  Path Type:              Hold (Min at Fast Process Corner)
  Data Path Delay:        0.882ns  (logic 0.246ns (27.881%)  route 0.636ns (72.119%))
  Logic Levels:           2  (FDCE=1 LUT6=1)
  Clock Uncertainty:      0.482ns  ((TSJ^2 + DJ^2)^1/2) / 2 + PE
    Total System Jitter     (TSJ):    0.050ns
    Discrete Jitter          (DJ):    0.338ns
    Phase Error              (PE):    0.311ns

    Location             Delay type                Incr(ns)  Path(ns)    Netlist Resource(s)
  -------------------------------------------------------------------    -------------------
    SLICE_X60Y121        FDCE                         0.000     0.000 r  CPU/steppers/driver_Y/done_reg/C
    SLICE_X60Y121        FDCE (Prop_fdce_C_Q)         0.148     0.148 r  CPU/steppers/driver_Y/done_reg/Q
                         net (fo=2, routed)           0.360     0.508    CPU/regPCABIR/genblk1[30].dff1/done_Y_raw
    SLICE_X60Y119        LUT6 (Prop_lut6_I2_O)        0.098     0.606 r  CPU/regPCABIR/genblk1[30].dff1/q_i_1__178/O
                         net (fo=356, routed)         0.276     0.882    CPU/regMWIR/genblk1[81].dff1/reg_writeenable
    SLICE_X61Y118        FDCE                                         r  CPU/regMWIR/genblk1[81].dff1/q_reg/CE
  -------------------------------------------------------------------    -------------------

                         (clock clk_out1_CPU_clock fall edge)
                                                     12.500    12.500 f  
    E3                                                0.000    12.500 f  clock_40mhz (IN)
                         net (fo=0)                   0.000    12.500    CPU_pll/inst/clk_in1
    E3                   IBUF (Prop_ibuf_I_O)         0.438    12.938 f  CPU_pll/inst/clkin1_ibufg/O
                         net (fo=1, routed)           0.481    13.419    CPU_pll/inst/clk_in1_CPU_clock
    PLLE2_ADV_X1Y2       PLLE2_ADV (Prop_plle2_adv_CLKIN1_CLKOUT0)
                                                     -1.417    12.002 f  CPU_pll/inst/plle2_adv_inst/CLKOUT0
                         net (fo=1, routed)           0.560    12.561    CPU_pll/inst/clk_out1_CPU_clock
    BUFGCTRL_X0Y16       BUFG (Prop_bufg_I_O)         0.029    12.590 f  CPU_pll/inst/clkout1_buf/O
                         net (fo=1077, routed)        1.110    13.700    clock
    SLICE_X52Y96         LUT1 (Prop_lut1_I0_O)        0.056    13.756 r  q_reg_i_6/O
                         net (fo=1, routed)           0.237    13.994    q_reg_i_6_n_0
    BUFGCTRL_X0Y0        BUFG (Prop_bufg_I_O)         0.029    14.023 r  q_reg_i_3/O
                         net (fo=451, routed)         0.823    14.846    CPU/regMWIR/genblk1[81].dff1/clk0
    SLICE_X61Y118        FDCE                                         r  CPU/regMWIR/genblk1[81].dff1/q_reg/C

Slack:                    inf
  Source:                 CPU/steppers/driver_Y/done_reg/C
                            (rising edge-triggered cell FDCE)
  Destination:            CPU/regOBIR/genblk1[44].dff1/q_reg/CE
                            (rising edge-triggered cell FDCE clocked by clk_out1_CPU_clock'  {rise@0.000ns fall@12.500ns period=25.000ns})
  Path Group:             (none)
  Path Type:              Hold (Min at Fast Process Corner)
  Data Path Delay:        0.882ns  (logic 0.246ns (27.881%)  route 0.636ns (72.119%))
  Logic Levels:           2  (FDCE=1 LUT6=1)
  Clock Uncertainty:      0.482ns  ((TSJ^2 + DJ^2)^1/2) / 2 + PE
    Total System Jitter     (TSJ):    0.050ns
    Discrete Jitter          (DJ):    0.338ns
    Phase Error              (PE):    0.311ns

    Location             Delay type                Incr(ns)  Path(ns)    Netlist Resource(s)
  -------------------------------------------------------------------    -------------------
    SLICE_X60Y121        FDCE                         0.000     0.000 r  CPU/steppers/driver_Y/done_reg/C
    SLICE_X60Y121        FDCE (Prop_fdce_C_Q)         0.148     0.148 r  CPU/steppers/driver_Y/done_reg/Q
                         net (fo=2, routed)           0.360     0.508    CPU/regPCABIR/genblk1[30].dff1/done_Y_raw
    SLICE_X60Y119        LUT6 (Prop_lut6_I2_O)        0.098     0.606 r  CPU/regPCABIR/genblk1[30].dff1/q_i_1__178/O
                         net (fo=356, routed)         0.276     0.882    CPU/regOBIR/genblk1[44].dff1/reg_writeenable
    SLICE_X61Y118        FDCE                                         r  CPU/regOBIR/genblk1[44].dff1/q_reg/CE
  -------------------------------------------------------------------    -------------------

                         (clock clk_out1_CPU_clock fall edge)
                                                     12.500    12.500 f  
    E3                                                0.000    12.500 f  clock_40mhz (IN)
                         net (fo=0)                   0.000    12.500    CPU_pll/inst/clk_in1
    E3                   IBUF (Prop_ibuf_I_O)         0.438    12.938 f  CPU_pll/inst/clkin1_ibufg/O
                         net (fo=1, routed)           0.481    13.419    CPU_pll/inst/clk_in1_CPU_clock
    PLLE2_ADV_X1Y2       PLLE2_ADV (Prop_plle2_adv_CLKIN1_CLKOUT0)
                                                     -1.417    12.002 f  CPU_pll/inst/plle2_adv_inst/CLKOUT0
                         net (fo=1, routed)           0.560    12.561    CPU_pll/inst/clk_out1_CPU_clock
    BUFGCTRL_X0Y16       BUFG (Prop_bufg_I_O)         0.029    12.590 f  CPU_pll/inst/clkout1_buf/O
                         net (fo=1077, routed)        1.110    13.700    clock
    SLICE_X52Y96         LUT1 (Prop_lut1_I0_O)        0.056    13.756 r  q_reg_i_6/O
                         net (fo=1, routed)           0.237    13.994    q_reg_i_6_n_0
    BUFGCTRL_X0Y0        BUFG (Prop_bufg_I_O)         0.029    14.023 r  q_reg_i_3/O
                         net (fo=451, routed)         0.823    14.846    CPU/regOBIR/genblk1[44].dff1/clk0
    SLICE_X61Y118        FDCE                                         r  CPU/regOBIR/genblk1[44].dff1/q_reg/C

Slack:                    inf
  Source:                 CPU/steppers/driver_Y/done_reg/C
                            (rising edge-triggered cell FDCE)
  Destination:            CPU/regOBIR/genblk1[49].dff1/q_reg/CE
                            (rising edge-triggered cell FDCE clocked by clk_out1_CPU_clock'  {rise@0.000ns fall@12.500ns period=25.000ns})
  Path Group:             (none)
  Path Type:              Hold (Min at Fast Process Corner)
  Data Path Delay:        0.882ns  (logic 0.246ns (27.881%)  route 0.636ns (72.119%))
  Logic Levels:           2  (FDCE=1 LUT6=1)
  Clock Uncertainty:      0.482ns  ((TSJ^2 + DJ^2)^1/2) / 2 + PE
    Total System Jitter     (TSJ):    0.050ns
    Discrete Jitter          (DJ):    0.338ns
    Phase Error              (PE):    0.311ns

    Location             Delay type                Incr(ns)  Path(ns)    Netlist Resource(s)
  -------------------------------------------------------------------    -------------------
    SLICE_X60Y121        FDCE                         0.000     0.000 r  CPU/steppers/driver_Y/done_reg/C
    SLICE_X60Y121        FDCE (Prop_fdce_C_Q)         0.148     0.148 r  CPU/steppers/driver_Y/done_reg/Q
                         net (fo=2, routed)           0.360     0.508    CPU/regPCABIR/genblk1[30].dff1/done_Y_raw
    SLICE_X60Y119        LUT6 (Prop_lut6_I2_O)        0.098     0.606 r  CPU/regPCABIR/genblk1[30].dff1/q_i_1__178/O
                         net (fo=356, routed)         0.276     0.882    CPU/regOBIR/genblk1[49].dff1/reg_writeenable
    SLICE_X61Y118        FDCE                                         r  CPU/regOBIR/genblk1[49].dff1/q_reg/CE
  -------------------------------------------------------------------    -------------------

                         (clock clk_out1_CPU_clock fall edge)
                                                     12.500    12.500 f  
    E3                                                0.000    12.500 f  clock_40mhz (IN)
                         net (fo=0)                   0.000    12.500    CPU_pll/inst/clk_in1
    E3                   IBUF (Prop_ibuf_I_O)         0.438    12.938 f  CPU_pll/inst/clkin1_ibufg/O
                         net (fo=1, routed)           0.481    13.419    CPU_pll/inst/clk_in1_CPU_clock
    PLLE2_ADV_X1Y2       PLLE2_ADV (Prop_plle2_adv_CLKIN1_CLKOUT0)
                                                     -1.417    12.002 f  CPU_pll/inst/plle2_adv_inst/CLKOUT0
                         net (fo=1, routed)           0.560    12.561    CPU_pll/inst/clk_out1_CPU_clock
    BUFGCTRL_X0Y16       BUFG (Prop_bufg_I_O)         0.029    12.590 f  CPU_pll/inst/clkout1_buf/O
                         net (fo=1077, routed)        1.110    13.700    clock
    SLICE_X52Y96         LUT1 (Prop_lut1_I0_O)        0.056    13.756 r  q_reg_i_6/O
                         net (fo=1, routed)           0.237    13.994    q_reg_i_6_n_0
    BUFGCTRL_X0Y0        BUFG (Prop_bufg_I_O)         0.029    14.023 r  q_reg_i_3/O
                         net (fo=451, routed)         0.823    14.846    CPU/regOBIR/genblk1[49].dff1/clk0
    SLICE_X61Y118        FDCE                                         r  CPU/regOBIR/genblk1[49].dff1/q_reg/C

Slack:                    inf
  Source:                 CPU/steppers/driver_Y/done_reg/C
                            (rising edge-triggered cell FDCE)
  Destination:            CPU/regMWIR/genblk1[108].dff1/q_reg/CE
                            (rising edge-triggered cell FDCE clocked by clk_out1_CPU_clock'  {rise@0.000ns fall@12.500ns period=25.000ns})
  Path Group:             (none)
  Path Type:              Hold (Min at Fast Process Corner)
  Data Path Delay:        0.945ns  (logic 0.246ns (26.044%)  route 0.699ns (73.956%))
  Logic Levels:           2  (FDCE=1 LUT6=1)
  Clock Uncertainty:      0.482ns  ((TSJ^2 + DJ^2)^1/2) / 2 + PE
    Total System Jitter     (TSJ):    0.050ns
    Discrete Jitter          (DJ):    0.338ns
    Phase Error              (PE):    0.311ns

    Location             Delay type                Incr(ns)  Path(ns)    Netlist Resource(s)
  -------------------------------------------------------------------    -------------------
    SLICE_X60Y121        FDCE                         0.000     0.000 r  CPU/steppers/driver_Y/done_reg/C
    SLICE_X60Y121        FDCE (Prop_fdce_C_Q)         0.148     0.148 r  CPU/steppers/driver_Y/done_reg/Q
                         net (fo=2, routed)           0.360     0.508    CPU/regPCABIR/genblk1[30].dff1/done_Y_raw
    SLICE_X60Y119        LUT6 (Prop_lut6_I2_O)        0.098     0.606 r  CPU/regPCABIR/genblk1[30].dff1/q_i_1__178/O
                         net (fo=356, routed)         0.338     0.945    CPU/regMWIR/genblk1[108].dff1/reg_writeenable
    SLICE_X59Y117        FDCE                                         r  CPU/regMWIR/genblk1[108].dff1/q_reg/CE
  -------------------------------------------------------------------    -------------------

                         (clock clk_out1_CPU_clock fall edge)
                                                     12.500    12.500 f  
    E3                                                0.000    12.500 f  clock_40mhz (IN)
                         net (fo=0)                   0.000    12.500    CPU_pll/inst/clk_in1
    E3                   IBUF (Prop_ibuf_I_O)         0.438    12.938 f  CPU_pll/inst/clkin1_ibufg/O
                         net (fo=1, routed)           0.481    13.419    CPU_pll/inst/clk_in1_CPU_clock
    PLLE2_ADV_X1Y2       PLLE2_ADV (Prop_plle2_adv_CLKIN1_CLKOUT0)
                                                     -1.417    12.002 f  CPU_pll/inst/plle2_adv_inst/CLKOUT0
                         net (fo=1, routed)           0.560    12.561    CPU_pll/inst/clk_out1_CPU_clock
    BUFGCTRL_X0Y16       BUFG (Prop_bufg_I_O)         0.029    12.590 f  CPU_pll/inst/clkout1_buf/O
                         net (fo=1077, routed)        1.110    13.700    clock
    SLICE_X52Y96         LUT1 (Prop_lut1_I0_O)        0.056    13.756 r  q_reg_i_6/O
                         net (fo=1, routed)           0.237    13.994    q_reg_i_6_n_0
    BUFGCTRL_X0Y0        BUFG (Prop_bufg_I_O)         0.029    14.023 r  q_reg_i_3/O
                         net (fo=451, routed)         0.824    14.847    CPU/regMWIR/genblk1[108].dff1/clk0
    SLICE_X59Y117        FDCE                                         r  CPU/regMWIR/genblk1[108].dff1/q_reg/C

Slack:                    inf
  Source:                 CPU/steppers/driver_Y/done_reg/C
                            (rising edge-triggered cell FDCE)
  Destination:            CPU/regMWIR/genblk1[110].dff1/q_reg/CE
                            (rising edge-triggered cell FDCE clocked by clk_out1_CPU_clock'  {rise@0.000ns fall@12.500ns period=25.000ns})
  Path Group:             (none)
  Path Type:              Hold (Min at Fast Process Corner)
  Data Path Delay:        0.945ns  (logic 0.246ns (26.044%)  route 0.699ns (73.956%))
  Logic Levels:           2  (FDCE=1 LUT6=1)
  Clock Uncertainty:      0.482ns  ((TSJ^2 + DJ^2)^1/2) / 2 + PE
    Total System Jitter     (TSJ):    0.050ns
    Discrete Jitter          (DJ):    0.338ns
    Phase Error              (PE):    0.311ns

    Location             Delay type                Incr(ns)  Path(ns)    Netlist Resource(s)
  -------------------------------------------------------------------    -------------------
    SLICE_X60Y121        FDCE                         0.000     0.000 r  CPU/steppers/driver_Y/done_reg/C
    SLICE_X60Y121        FDCE (Prop_fdce_C_Q)         0.148     0.148 r  CPU/steppers/driver_Y/done_reg/Q
                         net (fo=2, routed)           0.360     0.508    CPU/regPCABIR/genblk1[30].dff1/done_Y_raw
    SLICE_X60Y119        LUT6 (Prop_lut6_I2_O)        0.098     0.606 r  CPU/regPCABIR/genblk1[30].dff1/q_i_1__178/O
                         net (fo=356, routed)         0.338     0.945    CPU/regMWIR/genblk1[110].dff1/reg_writeenable
    SLICE_X59Y117        FDCE                                         r  CPU/regMWIR/genblk1[110].dff1/q_reg/CE
  -------------------------------------------------------------------    -------------------

                         (clock clk_out1_CPU_clock fall edge)
                                                     12.500    12.500 f  
    E3                                                0.000    12.500 f  clock_40mhz (IN)
                         net (fo=0)                   0.000    12.500    CPU_pll/inst/clk_in1
    E3                   IBUF (Prop_ibuf_I_O)         0.438    12.938 f  CPU_pll/inst/clkin1_ibufg/O
                         net (fo=1, routed)           0.481    13.419    CPU_pll/inst/clk_in1_CPU_clock
    PLLE2_ADV_X1Y2       PLLE2_ADV (Prop_plle2_adv_CLKIN1_CLKOUT0)
                                                     -1.417    12.002 f  CPU_pll/inst/plle2_adv_inst/CLKOUT0
                         net (fo=1, routed)           0.560    12.561    CPU_pll/inst/clk_out1_CPU_clock
    BUFGCTRL_X0Y16       BUFG (Prop_bufg_I_O)         0.029    12.590 f  CPU_pll/inst/clkout1_buf/O
                         net (fo=1077, routed)        1.110    13.700    clock
    SLICE_X52Y96         LUT1 (Prop_lut1_I0_O)        0.056    13.756 r  q_reg_i_6/O
                         net (fo=1, routed)           0.237    13.994    q_reg_i_6_n_0
    BUFGCTRL_X0Y0        BUFG (Prop_bufg_I_O)         0.029    14.023 r  q_reg_i_3/O
                         net (fo=451, routed)         0.824    14.847    CPU/regMWIR/genblk1[110].dff1/clk0
    SLICE_X59Y117        FDCE                                         r  CPU/regMWIR/genblk1[110].dff1/q_reg/C

Slack:                    inf
  Source:                 CPU/steppers/driver_Y/done_reg/C
                            (rising edge-triggered cell FDCE)
  Destination:            CPU/regMWIR/genblk1[76].dff1/q_reg/CE
                            (rising edge-triggered cell FDCE clocked by clk_out1_CPU_clock'  {rise@0.000ns fall@12.500ns period=25.000ns})
  Path Group:             (none)
  Path Type:              Hold (Min at Fast Process Corner)
  Data Path Delay:        0.947ns  (logic 0.246ns (25.973%)  route 0.701ns (74.027%))
  Logic Levels:           2  (FDCE=1 LUT6=1)
  Clock Uncertainty:      0.482ns  ((TSJ^2 + DJ^2)^1/2) / 2 + PE
    Total System Jitter     (TSJ):    0.050ns
    Discrete Jitter          (DJ):    0.338ns
    Phase Error              (PE):    0.311ns

    Location             Delay type                Incr(ns)  Path(ns)    Netlist Resource(s)
  -------------------------------------------------------------------    -------------------
    SLICE_X60Y121        FDCE                         0.000     0.000 r  CPU/steppers/driver_Y/done_reg/C
    SLICE_X60Y121        FDCE (Prop_fdce_C_Q)         0.148     0.148 r  CPU/steppers/driver_Y/done_reg/Q
                         net (fo=2, routed)           0.360     0.508    CPU/regPCABIR/genblk1[30].dff1/done_Y_raw
    SLICE_X60Y119        LUT6 (Prop_lut6_I2_O)        0.098     0.606 r  CPU/regPCABIR/genblk1[30].dff1/q_i_1__178/O
                         net (fo=356, routed)         0.341     0.947    CPU/regMWIR/genblk1[76].dff1/reg_writeenable
    SLICE_X61Y117        FDCE                                         r  CPU/regMWIR/genblk1[76].dff1/q_reg/CE
  -------------------------------------------------------------------    -------------------

                         (clock clk_out1_CPU_clock fall edge)
                                                     12.500    12.500 f  
    E3                                                0.000    12.500 f  clock_40mhz (IN)
                         net (fo=0)                   0.000    12.500    CPU_pll/inst/clk_in1
    E3                   IBUF (Prop_ibuf_I_O)         0.438    12.938 f  CPU_pll/inst/clkin1_ibufg/O
                         net (fo=1, routed)           0.481    13.419    CPU_pll/inst/clk_in1_CPU_clock
    PLLE2_ADV_X1Y2       PLLE2_ADV (Prop_plle2_adv_CLKIN1_CLKOUT0)
                                                     -1.417    12.002 f  CPU_pll/inst/plle2_adv_inst/CLKOUT0
                         net (fo=1, routed)           0.560    12.561    CPU_pll/inst/clk_out1_CPU_clock
    BUFGCTRL_X0Y16       BUFG (Prop_bufg_I_O)         0.029    12.590 f  CPU_pll/inst/clkout1_buf/O
                         net (fo=1077, routed)        1.110    13.700    clock
    SLICE_X52Y96         LUT1 (Prop_lut1_I0_O)        0.056    13.756 r  q_reg_i_6/O
                         net (fo=1, routed)           0.237    13.994    q_reg_i_6_n_0
    BUFGCTRL_X0Y0        BUFG (Prop_bufg_I_O)         0.029    14.023 r  q_reg_i_3/O
                         net (fo=451, routed)         0.824    14.847    CPU/regMWIR/genblk1[76].dff1/clk0
    SLICE_X61Y117        FDCE                                         r  CPU/regMWIR/genblk1[76].dff1/q_reg/C

Slack:                    inf
  Source:                 CPU/steppers/driver_Y/done_reg/C
                            (rising edge-triggered cell FDCE)
  Destination:            CPU/regPCABIR/genblk1[12].dff1/q_reg/CE
                            (rising edge-triggered cell FDCE clocked by clk_out1_CPU_clock'  {rise@0.000ns fall@12.500ns period=25.000ns})
  Path Group:             (none)
  Path Type:              Hold (Min at Fast Process Corner)
  Data Path Delay:        0.962ns  (logic 0.246ns (25.583%)  route 0.716ns (74.417%))
  Logic Levels:           2  (FDCE=1 LUT6=1)
  Clock Uncertainty:      0.482ns  ((TSJ^2 + DJ^2)^1/2) / 2 + PE
    Total System Jitter     (TSJ):    0.050ns
    Discrete Jitter          (DJ):    0.338ns
    Phase Error              (PE):    0.311ns

    Location             Delay type                Incr(ns)  Path(ns)    Netlist Resource(s)
  -------------------------------------------------------------------    -------------------
    SLICE_X60Y121        FDCE                         0.000     0.000 r  CPU/steppers/driver_Y/done_reg/C
    SLICE_X60Y121        FDCE (Prop_fdce_C_Q)         0.148     0.148 r  CPU/steppers/driver_Y/done_reg/Q
                         net (fo=2, routed)           0.360     0.508    CPU/regPCABIR/genblk1[30].dff1/done_Y_raw
    SLICE_X60Y119        LUT6 (Prop_lut6_I2_O)        0.098     0.606 r  CPU/regPCABIR/genblk1[30].dff1/q_i_1__178/O
                         net (fo=356, routed)         0.355     0.962    CPU/regPCABIR/genblk1[12].dff1/q_reg_1
    SLICE_X60Y116        FDCE                                         r  CPU/regPCABIR/genblk1[12].dff1/q_reg/CE
  -------------------------------------------------------------------    -------------------

                         (clock clk_out1_CPU_clock fall edge)
                                                     12.500    12.500 f  
    E3                                                0.000    12.500 f  clock_40mhz (IN)
                         net (fo=0)                   0.000    12.500    CPU_pll/inst/clk_in1
    E3                   IBUF (Prop_ibuf_I_O)         0.438    12.938 f  CPU_pll/inst/clkin1_ibufg/O
                         net (fo=1, routed)           0.481    13.419    CPU_pll/inst/clk_in1_CPU_clock
    PLLE2_ADV_X1Y2       PLLE2_ADV (Prop_plle2_adv_CLKIN1_CLKOUT0)
                                                     -1.417    12.002 f  CPU_pll/inst/plle2_adv_inst/CLKOUT0
                         net (fo=1, routed)           0.560    12.561    CPU_pll/inst/clk_out1_CPU_clock
    BUFGCTRL_X0Y16       BUFG (Prop_bufg_I_O)         0.029    12.590 f  CPU_pll/inst/clkout1_buf/O
                         net (fo=1077, routed)        1.110    13.700    clock
    SLICE_X52Y96         LUT1 (Prop_lut1_I0_O)        0.056    13.756 r  q_reg_i_6/O
                         net (fo=1, routed)           0.237    13.994    q_reg_i_6_n_0
    BUFGCTRL_X0Y0        BUFG (Prop_bufg_I_O)         0.029    14.023 r  q_reg_i_3/O
                         net (fo=451, routed)         0.826    14.848    CPU/regPCABIR/genblk1[12].dff1/clk0
    SLICE_X60Y116        FDCE                                         r  CPU/regPCABIR/genblk1[12].dff1/q_reg/C

Slack:                    inf
  Source:                 CPU/steppers/driver_Y/done_reg/C
                            (rising edge-triggered cell FDCE)
  Destination:            CPU/regPCABIR/genblk1[22].dff1/q_reg/CE
                            (rising edge-triggered cell FDCE clocked by clk_out1_CPU_clock'  {rise@0.000ns fall@12.500ns period=25.000ns})
  Path Group:             (none)
  Path Type:              Hold (Min at Fast Process Corner)
  Data Path Delay:        0.962ns  (logic 0.246ns (25.583%)  route 0.716ns (74.417%))
  Logic Levels:           2  (FDCE=1 LUT6=1)
  Clock Uncertainty:      0.482ns  ((TSJ^2 + DJ^2)^1/2) / 2 + PE
    Total System Jitter     (TSJ):    0.050ns
    Discrete Jitter          (DJ):    0.338ns
    Phase Error              (PE):    0.311ns

    Location             Delay type                Incr(ns)  Path(ns)    Netlist Resource(s)
  -------------------------------------------------------------------    -------------------
    SLICE_X60Y121        FDCE                         0.000     0.000 r  CPU/steppers/driver_Y/done_reg/C
    SLICE_X60Y121        FDCE (Prop_fdce_C_Q)         0.148     0.148 r  CPU/steppers/driver_Y/done_reg/Q
                         net (fo=2, routed)           0.360     0.508    CPU/regPCABIR/genblk1[30].dff1/done_Y_raw
    SLICE_X60Y119        LUT6 (Prop_lut6_I2_O)        0.098     0.606 r  CPU/regPCABIR/genblk1[30].dff1/q_i_1__178/O
                         net (fo=356, routed)         0.355     0.962    CPU/regPCABIR/genblk1[22].dff1/q_reg_0
    SLICE_X60Y116        FDCE                                         r  CPU/regPCABIR/genblk1[22].dff1/q_reg/CE
  -------------------------------------------------------------------    -------------------

                         (clock clk_out1_CPU_clock fall edge)
                                                     12.500    12.500 f  
    E3                                                0.000    12.500 f  clock_40mhz (IN)
                         net (fo=0)                   0.000    12.500    CPU_pll/inst/clk_in1
    E3                   IBUF (Prop_ibuf_I_O)         0.438    12.938 f  CPU_pll/inst/clkin1_ibufg/O
                         net (fo=1, routed)           0.481    13.419    CPU_pll/inst/clk_in1_CPU_clock
    PLLE2_ADV_X1Y2       PLLE2_ADV (Prop_plle2_adv_CLKIN1_CLKOUT0)
                                                     -1.417    12.002 f  CPU_pll/inst/plle2_adv_inst/CLKOUT0
                         net (fo=1, routed)           0.560    12.561    CPU_pll/inst/clk_out1_CPU_clock
    BUFGCTRL_X0Y16       BUFG (Prop_bufg_I_O)         0.029    12.590 f  CPU_pll/inst/clkout1_buf/O
                         net (fo=1077, routed)        1.110    13.700    clock
    SLICE_X52Y96         LUT1 (Prop_lut1_I0_O)        0.056    13.756 r  q_reg_i_6/O
                         net (fo=1, routed)           0.237    13.994    q_reg_i_6_n_0
    BUFGCTRL_X0Y0        BUFG (Prop_bufg_I_O)         0.029    14.023 r  q_reg_i_3/O
                         net (fo=451, routed)         0.826    14.848    CPU/regPCABIR/genblk1[22].dff1/clk0
    SLICE_X60Y116        FDCE                                         r  CPU/regPCABIR/genblk1[22].dff1/q_reg/C





